service_id,service_name,ministry,category,description,eligibility,how_to_apply,documents,portal_url,description_hindi,eligibility_hindi,how_to_apply_hindi,documents_hindi,description_tamil,eligibility_tamil,how_to_apply_tamil,documents_tamil,description_telugu,eligibility_telugu,how_to_apply_telugu,documents_telugu,description_bengali,eligibility_bengali,how_to_apply_bengali,documents_bengali,description_marathi,eligibility_marathi,how_to_apply_marathi,documents_marathi,description_gujarati,eligibility_gujarati,how_to_apply_gujarati,documents_gujarati,description_kannada,eligibility_kannada,how_to_apply_kannada,documents_kannada,description_malayalam,eligibility_malayalam,how_to_apply_malayalam,documents_malayalam
1,PM Kisan Samman Nidhi,Ministry of Agriculture and Farmers Welfare,Agriculture,Provides income support of Rs 6000 per year to small and marginal farmer families across India in three equal instalments of Rs 2000 each.,Small and marginal farmers with cultivable land up to 2 hectares. Family includes husband wife and minor children.,Apply online at pmkisan.gov.in or visit nearest Common Service Centre or Agriculture Department office with required documents.,"Aadhaar card, land ownership documents, bank account details, mobile number",https://pmkisan.gov.in,पूरे भारत में छोटे और सीमांत किसान परिवारों को 2000 रुपये की तीन समान किस्तों में प्रति वर्ष 6000 रुपये की आय सहायता प्रदान करता है।,2 हेक्टेयर तक खेती योग्य भूमि वाले छोटे और सीमांत किसान। परिवार में पति-पत्नी और नाबालिग बच्चे शामिल हैं।,pmkisan.gov.in पर ऑनलाइन आवेदन करें या आवश्यक दस्तावेजों के साथ निकटतम कॉमन सर्विस सेंटर या कृषि विभाग कार्यालय पर जाएं।,"आधार कार्ड, भूमि स्वामित्व दस्तावेज, बैंक खाता विवरण, मोबाइल नंबर",இந்தியா முழுவதும் உள்ள சிறு மற்றும் குறு விவசாயி குடும்பங்களுக்கு தலா ரூ.2000 வீதம் மூன்று சம தவணைகளில் ஆண்டுக்கு ரூ.6000 வருமான ஆதரவை வழங்குகிறது.,2 ஹெக்டேர் வரை பயிரிடக்கூடிய நிலம் கொண்ட சிறு மற்றும் குறு விவசாயிகள். குடும்பத்தில் கணவன் மனைவி மற்றும் மைனர் குழந்தைகள் உள்ளனர்.,pmkisan.gov.in என்ற இணையதளத்தில் ஆன்லைனில் விண்ணப்பிக்கவும் அல்லது அருகிலுள்ள பொது சேவை மையம் அல்லது வேளாண் துறை அலுவலகத்திற்கு தேவையான ஆவணங்களுடன் செல்லவும்.,"ஆதார் அட்டை, நில உரிமை ஆவணங்கள், வங்கி கணக்கு விவரங்கள், மொபைல் எண்",భారతదేశం అంతటా ఉన్న చిన్న మరియు సన్నకారు రైతు కుటుంబాలకు ఒక్కొక్కరికి రూ. 2000 చొప్పున మూడు సమాన వాయిదాలలో సంవత్సరానికి రూ. 6000 ఆదాయ మద్దతును అందిస్తుంది.,2 హెక్టార్ల వరకు సాగు భూమి ఉన్న చిన్న మరియు సన్నకారు రైతులు. కుటుంబంలో భర్త భార్య మరియు మైనర్ పిల్లలు ఉన్నారు.,pmkisan.gov.inలో ఆన్‌లైన్‌లో దరఖాస్తు చేసుకోండి లేదా అవసరమైన పత్రాలతో సమీపంలోని సాధారణ సేవా కేంద్రాన్ని లేదా వ్యవసాయ శాఖ కార్యాలయాన్ని సందర్శించండి.,"ఆధార్ కార్డు, భూమి యాజమాన్య పత్రాలు, బ్యాంకు ఖాతా వివరాలు, మొబైల్ నంబర్",2000 টাকার তিনটি সমান কিস্তিতে ভারত জুড়ে ছোট এবং প্রান্তিক কৃষক পরিবারগুলিকে প্রতি বছর 6000 টাকা আয় সহায়তা প্রদান করে।,2 হেক্টর পর্যন্ত চাষযোগ্য জমি সহ ক্ষুদ্র ও প্রান্তিক কৃষক। পরিবারে স্বামী স্ত্রী এবং নাবালক সন্তান রয়েছে।,pmkisan.gov.in-এ অনলাইনে আবেদন করুন বা প্রয়োজনীয় নথিপত্র সহ নিকটস্থ কমন সার্ভিস সেন্টার বা কৃষি বিভাগের অফিসে যান।,"আধার কার্ড, জমির মালিকানার নথি, ব্যাঙ্ক অ্যাকাউন্টের বিবরণ, মোবাইল নম্বর",भारतभरातील लहान आणि अल्पभूधारक शेतकरी कुटुंबांना प्रत्येकी 2000 रुपयांच्या तीन समान हप्त्यांमध्ये प्रतिवर्षी 6000 रुपयांचे उत्पन्न समर्थन प्रदान करते.,2 हेक्टर पर्यंत लागवडीयोग्य जमीन असलेले छोटे आणि सीमांत शेतकरी. कुटुंबात पती पत्नी आणि अल्पवयीन मुले आहेत.,pmkisan.gov.in वर ऑनलाइन अर्ज करा किंवा आवश्यक कागदपत्रांसह जवळच्या कॉमन सर्व्हिस सेंटर किंवा कृषी विभागाच्या कार्यालयाला भेट द्या.,"आधार कार्ड, जमिनीच्या मालकीची कागदपत्रे, बँक खात्याचे तपशील, मोबाईल क्रमांक",ભારતભરના નાના અને સીમાંત ખેડૂત પરિવારોને દર વર્ષે રૂ. 2000ના ત્રણ સમાન હપ્તામાં વાર્ષિક રૂ. 6000 ની આવક સહાય પૂરી પાડે છે.,2 હેક્ટર સુધીની ખેતીલાયક જમીન ધરાવતા નાના અને સીમાંત ખેડૂતો. પરિવારમાં પતિ પત્ની અને નાના બાળકોનો સમાવેશ થાય છે.,pmkisan.gov.in પર ઓનલાઈન અરજી કરો અથવા જરૂરી દસ્તાવેજો સાથે નજીકના કોમન સર્વિસ સેન્ટર અથવા કૃષિ વિભાગની ઓફિસની મુલાકાત લો.,"આધાર કાર્ડ, જમીન માલિકીના દસ્તાવેજો, બેંક ખાતાની વિગતો, મોબાઈલ નંબર",ಭಾರತದಾದ್ಯಂತ ಸಣ್ಣ ಮತ್ತು ಕನಿಷ್ಠ ರೈತ ಕುಟುಂಬಗಳಿಗೆ ಪ್ರತಿ ವರ್ಷಕ್ಕೆ ರೂ 6000 ಆದಾಯ ಬೆಂಬಲವನ್ನು ಪ್ರತಿ ರೂ 2000 ರಂತೆ ಮೂರು ಸಮಾನ ಕಂತುಗಳಲ್ಲಿ ಒದಗಿಸುತ್ತದೆ.,2 ಹೆಕ್ಟೇರ್‌ವರೆಗೆ ಕೃಷಿಯೋಗ್ಯ ಭೂಮಿ ಹೊಂದಿರುವ ಸಣ್ಣ ಮತ್ತು ಅತಿ ಸಣ್ಣ ರೈತರು. ಕುಟುಂಬವು ಗಂಡ ಹೆಂಡತಿ ಮತ್ತು ಅಪ್ರಾಪ್ತ ಮಕ್ಕಳನ್ನು ಒಳಗೊಂಡಿದೆ.,pmkisan.gov.in ನಲ್ಲಿ ಆನ್‌ಲೈನ್‌ನಲ್ಲಿ ಅರ್ಜಿ ಸಲ್ಲಿಸಿ ಅಥವಾ ಅಗತ್ಯ ದಾಖಲೆಗಳೊಂದಿಗೆ ಹತ್ತಿರದ ಸಾಮಾನ್ಯ ಸೇವಾ ಕೇಂದ್ರ ಅಥವಾ ಕೃಷಿ ಇಲಾಖೆ ಕಚೇರಿಗೆ ಭೇಟಿ ನೀಡಿ.,"ಆಧಾರ್ ಕಾರ್ಡ್, ಜಮೀನು ಮಾಲೀಕತ್ವದ ದಾಖಲೆಗಳು, ಬ್ಯಾಂಕ್ ಖಾತೆ ವಿವರಗಳು, ಮೊಬೈಲ್ ಸಂಖ್ಯೆ",ഇന്ത്യയിലുടനീളമുള്ള ചെറുകിട നാമമാത്ര കർഷക കുടുംബങ്ങൾക്ക് 2000 രൂപ വീതം മൂന്ന് തുല്യ ഗഡുക്കളായി പ്രതിവർഷം 6000 രൂപ വരുമാന പിന്തുണ നൽകുന്നു.,2 ഹെക്ടർ വരെ കൃഷിയോഗ്യമായ ഭൂമിയുള്ള ചെറുകിട നാമമാത്ര കർഷകർ. ഭർത്താവ് ഭാര്യയും പ്രായപൂർത്തിയാകാത്ത കുട്ടികളും അടങ്ങുന്നതാണ് കുടുംബം.,pmkisan.gov.in എന്ന വെബ്‌സൈറ്റിൽ ഓൺലൈനായി അപേക്ഷിക്കുക അല്ലെങ്കിൽ ആവശ്യമായ രേഖകളുമായി അടുത്തുള്ള പൊതു സേവന കേന്ദ്രം അല്ലെങ്കിൽ കൃഷി വകുപ്പ് ഓഫീസ് സന്ദർശിക്കുക.,"ആധാർ കാർഡ്, ഭൂമിയുടെ ഉടമസ്ഥാവകാശ രേഖകൾ, ബാങ്ക് അക്കൗണ്ട് വിശദാംശങ്ങൾ, മൊബൈൽ നമ്പർ"
2,PM Fasal Bima Yojana,Ministry of Agriculture and Farmers Welfare,Agriculture,Provides financial support to farmers suffering crop loss or damage due to unforeseen events like natural calamities pests and diseases.,All farmers including sharecroppers and tenant farmers growing notified crops in notified areas.,Apply through nearest bank branch Common Service Centre or online at pmfby.gov.in before the cutoff date for each crop season.,"Aadhaar card, bank passbook, land records, sowing certificate",https://pmfby.gov.in,"प्राकृतिक आपदाओं, कीटों और बीमारियों जैसी अप्रत्याशित घटनाओं के कारण फसल के नुकसान या क्षति से पीड़ित किसानों को वित्तीय सहायता प्रदान करता है।",अधिसूचित क्षेत्रों में अधिसूचित फसल उगाने वाले बटाईदारों और किरायेदार किसानों सहित सभी किसान।,प्रत्येक फसल सीज़न के लिए कटऑफ तिथि से पहले निकटतम बैंक शाखा कॉमन सर्विस सेंटर के माध्यम से या pmfby.gov.in पर ऑनलाइन आवेदन करें।,"आधार कार्ड, बैंक पासबुक, भूमि रिकॉर्ड, बुआई प्रमाण पत्र",இயற்கை சீற்றங்கள் பூச்சிகள் மற்றும் நோய்கள் போன்ற எதிர்பாராத நிகழ்வுகளால் பயிர் இழப்பு அல்லது சேதம் ஏற்படும் விவசாயிகளுக்கு நிதியுதவி வழங்குகிறது.,அறிவிக்கப்பட்ட பகுதிகளில் அறிவிக்கப்பட்ட பயிர்களை பயிரிடும் பங்குதாரர்கள் மற்றும் குத்தகை விவசாயிகள் உட்பட அனைத்து விவசாயிகளும்.,அருகிலுள்ள வங்கிக் கிளையின் பொதுச் சேவை மையத்தின் மூலமாகவோ அல்லது pmfby.gov.in என்ற இணையதளத்தில் ஆன்லைன் மூலமாகவோ ஒவ்வொரு பயிர் பருவத்திற்கும் வெட்டுத் தேதிக்கு முன் விண்ணப்பிக்கவும்.,"ஆதார் அட்டை, வங்கிப் புத்தகம், நிலப் பதிவுகள், விதைப்புச் சான்றிதழ்",ప్రకృతి వైపరీత్యాలు తెగుళ్లు మరియు వ్యాధులు వంటి ఊహించని సంఘటనల కారణంగా పంట నష్టం లేదా నష్టానికి గురైన రైతులకు ఆర్థిక సహాయం అందిస్తుంది.,నోటిఫైడ్ ప్రాంతాలలో నోటిఫైడ్ పంటలను సాగుచేసే షేర్ క్రాపర్లు మరియు కౌలు రైతులతో సహా రైతులందరూ.,ప్రతి పంట సీజన్‌కు కటాఫ్ తేదీకి ముందు సమీపంలోని బ్యాంక్ బ్రాంచ్ కామన్ సర్వీస్ సెంటర్ ద్వారా లేదా pmfby.gov.inలో ఆన్‌లైన్‌లో దరఖాస్తు చేసుకోండి.,"ఆధార్ కార్డు, బ్యాంకు పాస్‌బుక్, భూమి రికార్డులు, విత్తన పత్రం",প্রাকৃতিক দুর্যোগের কীটপতঙ্গ এবং রোগের মতো অপ্রত্যাশিত ঘটনার কারণে ফসলের ক্ষতি বা ক্ষতির শিকার কৃষকদের আর্থিক সহায়তা প্রদান করে।,ভাগচাষী এবং ভাড়াটিয়া কৃষক সহ সমস্ত কৃষক নোটিফাইড এলাকায় বিজ্ঞাপিত ফসল চাষ করছেন।,নিকটস্থ ব্যাঙ্ক শাখা কমন সার্ভিস সেন্টারের মাধ্যমে অথবা অনলাইনে pmfby.gov.in-এ প্রতিটি ফসলের মৌসুমের কাটঅফ তারিখের আগে আবেদন করুন।,"আধার কার্ড, ব্যাঙ্কের পাসবুক, জমির রেকর্ড, বপনের শংসাপত্র","नैसर्गिक आपत्ती, कीटक आणि रोगांसारख्या अनपेक्षित घटनांमुळे पिकांचे नुकसान किंवा नुकसान झालेल्या शेतकऱ्यांना आर्थिक सहाय्य प्रदान करते.",अधिसूचित क्षेत्रामध्ये अधिसूचित पिके घेत असलेल्या भागपीक आणि भाडेकरू शेतकऱ्यांसह सर्व शेतकरी.,प्रत्येक पीक हंगामाच्या कटऑफ तारखेपूर्वी जवळच्या बँक शाखेच्या कॉमन सर्व्हिस सेंटरद्वारे किंवा ऑनलाइन pmfby.gov.in वर अर्ज करा.,"आधारकार्ड, बँक पासबुक, जमिनीच्या नोंदी, पेरणी प्रमाणपत्र",કુદરતી આફતો જીવાતો અને રોગો જેવી અણધાર્યા ઘટનાઓને કારણે પાકને નુકસાન અથવા નુકસાન ભોગવતા ખેડૂતોને આર્થિક સહાય પૂરી પાડે છે.,શેરખેતી અને ભાડૂત ખેડૂતો સહિત તમામ ખેડૂતો સૂચિત વિસ્તારોમાં સૂચિત પાક ઉગાડતા હોય છે.,દરેક પાકની સીઝન માટે કટઓફ તારીખ પહેલાં નજીકની બેંક શાખા કોમન સર્વિસ સેન્ટર દ્વારા અથવા pmfby.gov.in પર ઑનલાઇન અરજી કરો.,"આધાર કાર્ડ, બેંક પાસબુક, જમીનના રેકોર્ડ, વાવણી પ્રમાણપત્ર",ನೈಸರ್ಗಿಕ ವಿಕೋಪಗಳು ಕೀಟಗಳು ಮತ್ತು ರೋಗಗಳಂತಹ ಅನಿರೀಕ್ಷಿತ ಘಟನೆಗಳಿಂದ ಬೆಳೆ ನಷ್ಟ ಅಥವಾ ಹಾನಿಯನ್ನು ಅನುಭವಿಸುವ ರೈತರಿಗೆ ಆರ್ಥಿಕ ಬೆಂಬಲವನ್ನು ಒದಗಿಸುತ್ತದೆ.,ಹಂಚಿಕೆದಾರರು ಮತ್ತು ಹಿಡುವಳಿದಾರರು ಸೇರಿದಂತೆ ಎಲ್ಲಾ ರೈತರು ಅಧಿಸೂಚಿತ ಪ್ರದೇಶಗಳಲ್ಲಿ ಅಧಿಸೂಚಿತ ಬೆಳೆಗಳನ್ನು ಬೆಳೆಯುತ್ತಾರೆ.,ಹತ್ತಿರದ ಬ್ಯಾಂಕ್ ಶಾಖೆಯ ಸಾಮಾನ್ಯ ಸೇವಾ ಕೇಂದ್ರದ ಮೂಲಕ ಅಥವಾ ಪ್ರತಿ ಬೆಳೆ ಋತುವಿನ ಕಡಿತ ದಿನಾಂಕದ ಮೊದಲು pmfby.gov.in ನಲ್ಲಿ ಆನ್‌ಲೈನ್‌ನಲ್ಲಿ ಅನ್ವಯಿಸಿ.,"ಆಧಾರ್ ಕಾರ್ಡ್, ಬ್ಯಾಂಕ್ ಪಾಸ್ಬುಕ್, ಭೂ ದಾಖಲೆಗಳು, ಬಿತ್ತನೆ ಪ್ರಮಾಣಪತ್ರ",പ്രകൃതിക്ഷോഭം കീടങ്ങളും രോഗങ്ങളും പോലെയുള്ള അപ്രതീക്ഷിത സംഭവങ്ങൾ മൂലം വിളനാശമോ നാശമോ അനുഭവിക്കുന്ന കർഷകർക്ക് സാമ്പത്തിക സഹായം നൽകുന്നു.,ഷെയർക്രോപ്പർമാരും പാട്ടക്കാരും ഉൾപ്പെടെ എല്ലാ കർഷകരും വിജ്ഞാപനം ചെയ്ത പ്രദേശങ്ങളിൽ വിജ്ഞാപനം ചെയ്ത വിളകൾ വളർത്തുന്നു.,അടുത്തുള്ള ബാങ്ക് ബ്രാഞ്ച് കോമൺ സർവീസ് സെൻ്റർ വഴിയോ pmfby.gov.in എന്ന വെബ്സൈറ്റിൽ ഓൺലൈനായോ ഓരോ വിള സീസണിലെയും കട്ട്ഓഫ് തീയതിക്ക് മുമ്പ് അപേക്ഷിക്കുക.,"ആധാർ കാർഡ്, ബാങ്ക് പാസ്ബുക്ക്, ഭൂമിയുടെ രേഖകൾ, വിതയ്ക്കൽ സർട്ടിഫിക്കറ്റ്"
3,Kisan Credit Card,Ministry of Agriculture and Farmers Welfare,Agriculture,Provides affordable credit to farmers for agricultural operations post harvest expenses maintenance of farm assets and allied activities.,All farmers including individual joint borrowers who are owner cultivators tenant farmers oral lessees and sharecroppers.,Apply at nearest bank branch with land and identity documents. Banks process application within 14 days.,"Aadhaar card, PAN card, land records, passport size photos, bank account details",https://www.nabard.org,"किसानों को कृषि कार्यों के लिए फसल कटाई के बाद के खर्चों, कृषि परिसंपत्तियों के रखरखाव और संबद्ध गतिविधियों के लिए किफायती ऋण प्रदान करता है।","व्यक्तिगत संयुक्त उधारकर्ताओं सहित सभी किसान, जो मालिक कृषक, किरायेदार किसान, मौखिक पट्टेदार और बटाईदार हैं।",भूमि और पहचान दस्तावेजों के साथ निकटतम बैंक शाखा में आवेदन करें। बैंक 14 दिनों के भीतर आवेदन की प्रक्रिया करते हैं।,"आधार कार्ड, पैन कार्ड, भूमि रिकॉर्ड, पासपोर्ट आकार के फोटो, बैंक खाते का विवरण",அறுவடைக்குப் பிந்தைய விவசாயச் செயல்பாடுகளுக்கு விவசாயிகளுக்கு மலிவு விலையில் கடன் வழங்குகிறது.,உரிமையாளர் விவசாயிகள் குத்தகைதாரர்கள் வாய்வழி குத்தகைதாரர்கள் மற்றும் பங்குதாரர்களான தனிப்பட்ட கூட்டுக் கடன் வாங்குபவர்கள் உட்பட அனைத்து விவசாயிகளும்.,நிலம் மற்றும் அடையாள ஆவணங்களுடன் அருகிலுள்ள வங்கிக் கிளையில் விண்ணப்பிக்கவும். வங்கிகள் விண்ணப்பத்தை 14 நாட்களுக்குள் செயல்படுத்துகின்றன.,"ஆதார் அட்டை, பான் கார்டு, நில பதிவுகள், பாஸ்போர்ட் அளவு புகைப்படங்கள், வங்கி கணக்கு விவரங்கள்",పంటకోత తర్వాత వ్యవసాయ కార్యకలాపాల ఖర్చులు వ్యవసాయ ఆస్తుల నిర్వహణ మరియు అనుబంధ కార్యకలాపాల కోసం రైతులకు సరసమైన రుణాన్ని అందిస్తుంది.,వ్యక్తిగత ఉమ్మడి రుణగ్రహీతలతో సహా రైతులందరూ యజమాని సాగుదారులు కౌలు రైతులు మౌఖిక కౌలుదారులు మరియు వాటాదారులు.,భూమి మరియు గుర్తింపు పత్రాలతో సమీపంలోని బ్యాంకు శాఖలో దరఖాస్తు చేసుకోండి. బ్యాంకులు 14 రోజుల్లో దరఖాస్తును ప్రాసెస్ చేస్తాయి.,"ఆధార్ కార్డు, పాన్ కార్డు, భూమి రికార్డులు, పాస్‌పోర్ట్ సైజ్ ఫోటోలు, బ్యాంకు ఖాతా వివరాలు",ফসল কাটার পর কৃষি কার্যক্রমের জন্য কৃষকদের সাশ্রয়ী মূল্যের ঋণ প্রদান করে খামারের সম্পদের রক্ষণাবেক্ষণের খরচ এবং সংশ্লিষ্ট কার্যক্রম।,স্বতন্ত্র যৌথ ঋণগ্রহীতা সহ সকল কৃষক যারা মালিক চাষি ভাড়াটিয়া কৃষক মৌখিক ইজারাদাতা এবং ভাগচাষী।,জমি ও পরিচয়পত্র সহ নিকটস্থ ব্যাঙ্ক শাখায় আবেদন করুন। ব্যাঙ্কগুলি 14 দিনের মধ্যে আবেদন প্রক্রিয়া করে।,"আধার কার্ড, প্যান কার্ড, জমির রেকর্ড, পাসপোর্ট সাইজের ছবি, ব্যাঙ্ক অ্যাকাউন্টের বিবরণ",कापणीनंतरच्या खर्चानंतर शेतीच्या मालमत्तेची देखभाल आणि संबंधित क्रियाकलापांसाठी शेतक-यांना परवडणारे कर्ज देते.,वैयक्तिक संयुक्त कर्जदारांसह सर्व शेतकरी जे मालक शेती करणारे भाडेकरू शेतकरी तोंडी भाडेकरू आणि भागधारक आहेत.,जमीन आणि ओळखीच्या कागदपत्रांसह जवळच्या बँकेच्या शाखेत अर्ज करा. बँका 14 दिवसांच्या आत अर्जावर प्रक्रिया करतात.,"आधार कार्ड, पॅन कार्ड, जमिनीच्या नोंदी, पासपोर्ट आकाराचे फोटो, बँक खात्याचे तपशील",ખેતીની કામગીરી માટે ખેડૂતોને પાકની અસ્કયામતો અને સંલગ્ન પ્રવૃત્તિઓની જાળવણી પછીના ખર્ચ પછી સસ્તું ધિરાણ પૂરું પાડે છે.,વ્યક્તિગત સંયુક્ત ઋણ લેનારાઓ સહિત તમામ ખેડૂતો કે જેઓ માલિક ખેતી કરનારા ભાડૂત ખેડૂતો મૌખિક ભાડાપટ્ટો અને શેરખેતી છે.,જમીન અને ઓળખના દસ્તાવેજો સાથે નજીકની બેંક શાખામાં અરજી કરો. બેંકો 14 દિવસમાં અરજી પર પ્રક્રિયા કરે છે.,"આધાર કાર્ડ, પાન કાર્ડ, જમીનનો રેકોર્ડ, પાસપોર્ટ સાઇઝના ફોટા, બેંક ખાતાની વિગતો",ಸುಗ್ಗಿಯ ನಂತರದ ಕೃಷಿ ಚಟುವಟಿಕೆಗಳಿಗಾಗಿ ರೈತರಿಗೆ ಕೈಗೆಟುಕುವ ಸಾಲವನ್ನು ಒದಗಿಸುತ್ತದೆ ಕೃಷಿ ಆಸ್ತಿಗಳ ನಿರ್ವಹಣೆ ಮತ್ತು ಸಂಬಂಧಿತ ಚಟುವಟಿಕೆಗಳು.,ಮಾಲಿಕ ಕೃಷಿಕರು ಗೇಣಿದಾರ ರೈತರು ಮೌಖಿಕ ಗುತ್ತಿಗೆದಾರರು ಮತ್ತು ಹಂಚಿಕೆದಾರರು ವೈಯಕ್ತಿಕ ಜಂಟಿ ಸಾಲಗಾರರು ಸೇರಿದಂತೆ ಎಲ್ಲಾ ರೈತರು.,ಭೂಮಿ ಮತ್ತು ಗುರುತಿನ ದಾಖಲೆಗಳೊಂದಿಗೆ ಹತ್ತಿರದ ಬ್ಯಾಂಕ್ ಶಾಖೆಯಲ್ಲಿ ಅರ್ಜಿ ಸಲ್ಲಿಸಿ. ಬ್ಯಾಂಕ್‌ಗಳು ಅರ್ಜಿಯನ್ನು 14 ದಿನಗಳಲ್ಲಿ ಪ್ರಕ್ರಿಯೆಗೊಳಿಸುತ್ತವೆ.,"ಆಧಾರ್ ಕಾರ್ಡ್, ಪ್ಯಾನ್ ಕಾರ್ಡ್, ಭೂ ದಾಖಲೆಗಳು, ಪಾಸ್‌ಪೋರ್ಟ್ ಗಾತ್ರದ ಫೋಟೋಗಳು, ಬ್ಯಾಂಕ್ ಖಾತೆ ವಿವರಗಳು",വിളവെടുപ്പിനു ശേഷമുള്ള കാർഷിക പ്രവർത്തനങ്ങൾക്ക് കർഷകർക്ക് താങ്ങാനാവുന്ന വായ്പ നൽകുന്നു.,ഉടമ കൃഷിക്കാരായ പാട്ടക്കാരായ കർഷകർ വാക്കാലുള്ള പാട്ടക്കാരും ഷെയർക്രോപ്പർമാരുമായ വ്യക്തിഗത സംയുക്ത വായ്പക്കാർ ഉൾപ്പെടെ എല്ലാ കർഷകരും.,ഭൂമിയും തിരിച്ചറിയൽ രേഖകളും സഹിതം അടുത്തുള്ള ബാങ്ക് ശാഖയിൽ അപേക്ഷിക്കുക. 14 ദിവസത്തിനുള്ളിൽ ബാങ്കുകൾ അപേക്ഷ പ്രോസസ്സ് ചെയ്യുന്നു.,"ആധാർ കാർഡ്, പാൻ കാർഡ്, ഭൂരേഖകൾ, പാസ്‌പോർട്ട് സൈസ് ഫോട്ടോകൾ, ബാങ്ക് അക്കൗണ്ട് വിശദാംശങ്ങൾ"
4,Soil Health Card Scheme,Ministry of Agriculture and Farmers Welfare,Agriculture,Provides farmers with information on nutrient status of their soil along with recommendations on appropriate dosage of nutrients for improving soil health and fertility.,All farmers across India are eligible to get soil health card for their agricultural land.,Contact nearest Agriculture Department office or Krishi Vigyan Kendra to get soil tested and receive health card.,"Land ownership documents, Aadhaar card",https://soilhealth.dac.gov.in,किसानों को मिट्टी के स्वास्थ्य और उर्वरता में सुधार के लिए पोषक तत्वों की उचित खुराक पर सिफारिशों के साथ-साथ उनकी मिट्टी में पोषक तत्वों की स्थिति के बारे में जानकारी प्रदान करता है।,भारत भर के सभी किसान अपनी कृषि भूमि के लिए मृदा स्वास्थ्य कार्ड प्राप्त करने के पात्र हैं।,मिट्टी की जांच कराने और स्वास्थ्य कार्ड प्राप्त करने के लिए निकटतम कृषि विभाग कार्यालय या कृषि विज्ञान केंद्र से संपर्क करें।,"भूमि स्वामित्व दस्तावेज, आधार कार्ड",மண்ணின் ஆரோக்கியம் மற்றும் வளத்தை மேம்படுத்துவதற்கான ஊட்டச்சத்துக்களின் சரியான அளவு குறித்த பரிந்துரைகளுடன் விவசாயிகளுக்கு அவர்களின் மண்ணின் ஊட்டச்சத்து நிலை பற்றிய தகவலை வழங்குகிறது.,இந்தியா முழுவதும் உள்ள அனைத்து விவசாயிகளும் தங்கள் விவசாய நிலத்திற்கு மண் சுகாதார அட்டை பெற தகுதியுடையவர்கள்.,மண் பரிசோதனை செய்து சுகாதார அட்டையைப் பெற அருகிலுள்ள வேளாண்மைத் துறை அலுவலகம் அல்லது கிருஷி அறிவியல் மையத்தைத் தொடர்பு கொள்ளவும்.,"நில உரிமை ஆவணங்கள், ஆதார் அட்டை",నేల ఆరోగ్యం మరియు సంతానోత్పత్తిని మెరుగుపరచడానికి సరైన మోతాదులో పోషకాల గురించి సిఫార్సులతో పాటు వారి నేల యొక్క పోషక స్థితిపై సమాచారాన్ని రైతులకు అందిస్తుంది.,భారతదేశంలోని రైతులందరూ తమ వ్యవసాయ భూమికి సాయిల్ హెల్త్ కార్డు పొందడానికి అర్హులు.,భూసార పరీక్షలు మరియు ఆరోగ్య కార్డు పొందేందుకు సమీపంలోని వ్యవసాయ శాఖ కార్యాలయం లేదా కృషి విజ్ఞాన కేంద్రాన్ని సంప్రదించండి.,"భూమి యాజమాన్య పత్రాలు, ఆధార్ కార్డు",মাটির স্বাস্থ্য এবং উর্বরতা উন্নত করার জন্য পুষ্টির যথাযথ ডোজ সম্পর্কে সুপারিশ সহ কৃষকদের তাদের মাটির পুষ্টির অবস্থা সম্পর্কে তথ্য প্রদান করে।,ভারত জুড়ে সমস্ত কৃষক তাদের কৃষি জমির জন্য মৃত্তিকা স্বাস্থ্য কার্ড পাওয়ার যোগ্য।,মাটি পরীক্ষা এবং স্বাস্থ্য কার্ড পেতে নিকটস্থ কৃষি বিভাগের অফিস বা কৃষি বিজ্ঞান কেন্দ্রে যোগাযোগ করুন।,"জমির মালিকানার নথি, আধার কার্ড",शेतकऱ्यांना त्यांच्या जमिनीच्या पोषक स्थितीबद्दल माहिती प्रदान करते आणि जमिनीचे आरोग्य आणि सुपीकता सुधारण्यासाठी पोषक तत्वांच्या योग्य डोसच्या शिफारशींसह.,भारतातील सर्व शेतकरी त्यांच्या शेतजमिनीसाठी मृदा आरोग्य कार्ड मिळविण्यास पात्र आहेत.,माती परीक्षण करून घेण्यासाठी आणि आरोग्य कार्ड घेण्यासाठी जवळच्या कृषी विभाग कार्यालय किंवा कृषी विज्ञान केंद्राशी संपर्क साधा.,"जमिनीच्या मालकीची कागदपत्रे, आधार कार्ड",જમીનની તંદુરસ્તી અને ફળદ્રુપતા સુધારવા માટે પોષક તત્ત્વોની યોગ્ય માત્રા અંગેની ભલામણો સાથે ખેડૂતોને તેમની જમીનના પોષક તત્ત્વોની સ્થિતિની માહિતી પૂરી પાડે છે.,સમગ્ર ભારતમાં તમામ ખેડૂતો તેમની ખેતીની જમીન માટે સોઈલ હેલ્થ કાર્ડ મેળવવા માટે પાત્ર છે.,માટી પરીક્ષણ કરાવવા અને હેલ્થ કાર્ડ મેળવવા માટે નજીકની કૃષિ વિભાગની કચેરી અથવા કૃષિ વિજ્ઞાન કેન્દ્રનો સંપર્ક કરો.,"જમીન માલિકીના દસ્તાવેજો, આધાર કાર્ડ",ಮಣ್ಣಿನ ಆರೋಗ್ಯ ಮತ್ತು ಫಲವತ್ತತೆಯನ್ನು ಸುಧಾರಿಸಲು ಸೂಕ್ತ ಪ್ರಮಾಣದ ಪೋಷಕಾಂಶಗಳ ಶಿಫಾರಸುಗಳೊಂದಿಗೆ ತಮ್ಮ ಮಣ್ಣಿನ ಪೌಷ್ಟಿಕಾಂಶದ ಸ್ಥಿತಿಯ ಮಾಹಿತಿಯನ್ನು ರೈತರಿಗೆ ಒದಗಿಸುತ್ತದೆ.,ಭಾರತದಾದ್ಯಂತ ಎಲ್ಲಾ ರೈತರು ತಮ್ಮ ಕೃಷಿ ಭೂಮಿಗೆ ಮಣ್ಣಿನ ಆರೋಗ್ಯ ಕಾರ್ಡ್ ಪಡೆಯಲು ಅರ್ಹರಾಗಿದ್ದಾರೆ.,ಮಣ್ಣು ಪರೀಕ್ಷೆ ಮಾಡಲು ಮತ್ತು ಆರೋಗ್ಯ ಕಾರ್ಡ್ ಪಡೆಯಲು ಹತ್ತಿರದ ಕೃಷಿ ಇಲಾಖೆ ಕಚೇರಿ ಅಥವಾ ಕೃಷಿ ವಿಜ್ಞಾನ ಕೇಂದ್ರವನ್ನು ಸಂಪರ್ಕಿಸಿ.,"ಭೂಮಿ ಮಾಲೀಕತ್ವದ ದಾಖಲೆಗಳು, ಆಧಾರ್ ಕಾರ್ಡ್",മണ്ണിൻ്റെ ആരോഗ്യവും ഫലഭൂയിഷ്ഠതയും മെച്ചപ്പെടുത്തുന്നതിന് ആവശ്യമായ പോഷകങ്ങളുടെ അളവ് സംബന്ധിച്ച ശുപാർശകൾക്കൊപ്പം അവരുടെ മണ്ണിൻ്റെ പോഷക നിലയെക്കുറിച്ചുള്ള വിവരങ്ങളും കർഷകർക്ക് നൽകുന്നു.,ഇന്ത്യയിലുടനീളമുള്ള എല്ലാ കർഷകർക്കും അവരുടെ കൃഷിഭൂമിക്ക് സോയിൽ ഹെൽത്ത് കാർഡ് ലഭിക്കാൻ അർഹതയുണ്ട്.,മണ്ണ് പരിശോധന നടത്തുന്നതിനും ഹെൽത്ത് കാർഡ് ലഭിക്കുന്നതിനും അടുത്തുള്ള കൃഷി വകുപ്പ് ഓഫീസുമായോ കൃഷി വിജ്ഞാന കേന്ദ്രവുമായോ ബന്ധപ്പെടുക.,"ഭൂമിയുടെ ഉടമസ്ഥാവകാശ രേഖകൾ, ആധാർ കാർഡ്"
5,PM Krishi Sinchai Yojana,Ministry of Agriculture and Farmers Welfare,Agriculture,Ensures access to protective irrigation to all agricultural farms to produce more crop per drop of water and bring more area under cultivation.,All farmers especially those with small and marginal land holdings. Priority to drought prone areas.,Apply through state agriculture department or district irrigation office with land and identity documents.,"Land records, Aadhaar card, bank account details",https://pmksy.gov.in,पानी की प्रति बूंद से अधिक फसल पैदा करने और अधिक क्षेत्र को खेती के अंतर्गत लाने के लिए सभी कृषि फार्मों तक सुरक्षात्मक सिंचाई की पहुंच सुनिश्चित करता है।,"सभी किसान, विशेष रूप से छोटे और सीमांत जोत वाले किसान। सूखाग्रस्त क्षेत्रों को प्राथमिकता।",भूमि और पहचान दस्तावेजों के साथ राज्य कृषि विभाग या जिला सिंचाई कार्यालय के माध्यम से आवेदन करें।,"भूमि रिकॉर्ड, आधार कार्ड, बैंक खाता विवरण","ஒரு சொட்டு தண்ணீருக்கு அதிக பயிர் விளைவிப்பதற்கும், அதிக பரப்பளவை சாகுபடிக்கு கொண்டு வருவதற்கும் அனைத்து விவசாய பண்ணைகளுக்கும் பாதுகாப்பான நீர்ப்பாசனம் கிடைப்பதை உறுதி செய்கிறது.",அனைத்து விவசாயிகளும் குறிப்பாக சிறு மற்றும் குறு நிலம் வைத்திருப்பவர்கள். வறட்சி பாதித்த பகுதிகளுக்கு முன்னுரிமை.,நிலம் மற்றும் அடையாள ஆவணங்களுடன் மாநில வேளாண்மைத் துறை அல்லது மாவட்ட நீர்ப்பாசன அலுவலகம் மூலம் விண்ணப்பிக்கவும்.,"நில ஆவணங்கள், ஆதார் அட்டை, வங்கி கணக்கு விவரங்கள்",నీటి చుక్కకు ఎక్కువ పంటను ఉత్పత్తి చేయడానికి మరియు మరింత విస్తీర్ణంలో సాగులోకి తీసుకురావడానికి అన్ని వ్యవసాయ పొలాలకు రక్షిత నీటిపారుదల ప్రాప్యతను నిర్ధారిస్తుంది.,రైతులందరూ ముఖ్యంగా చిన్న మరియు సన్నకారు భూములు ఉన్నవారు. కరువు పీడిత ప్రాంతాలకు ప్రాధాన్యం.,భూమి మరియు గుర్తింపు పత్రాలతో రాష్ట్ర వ్యవసాయ శాఖ లేదా జిల్లా నీటిపారుదల కార్యాలయం ద్వారా దరఖాస్తు చేసుకోండి.,"భూమి రికార్డులు, ఆధార్ కార్డు, బ్యాంకు ఖాతా వివరాలు",পানির প্রতি ফোঁটা বেশি ফসল উৎপাদন করতে এবং চাষের অধীনে আরও এলাকা আনতে সমস্ত কৃষি খামারে সুরক্ষামূলক সেচের অ্যাক্সেস নিশ্চিত করে।,সকল কৃষক বিশেষ করে যাদের ক্ষুদ্র ও প্রান্তিক জমি রয়েছে। খরাপ্রবণ এলাকাকে অগ্রাধিকার।,জমি এবং পরিচয় নথি সহ রাজ্য কৃষি বিভাগ বা জেলা সেচ অফিসের মাধ্যমে আবেদন করুন।,"জমির রেকর্ড, আধার কার্ড, ব্যাঙ্ক অ্যাকাউন্টের বিবরণ",पाण्याच्या प्रति थेंब अधिक पीक घेण्यासाठी आणि लागवडीखाली अधिक क्षेत्र आणण्यासाठी सर्व कृषी शेतांना संरक्षणात्मक सिंचनाची उपलब्धता सुनिश्चित करते.,सर्व शेतकरी विशेषतः ज्यांची अल्प व अत्यल्प जमीन आहे. दुष्काळी भागाला प्राधान्य.,राज्य कृषी विभाग किंवा जिल्हा पाटबंधारे कार्यालयामार्फत जमीन आणि ओळखीच्या कागदपत्रांसह अर्ज करा.,"जमिनीच्या नोंदी, आधार कार्ड, बँक खाते तपशील",પાણીના ટીપાં દીઠ વધુ પાક ઉત્પન્ન કરવા અને ખેતી હેઠળ વધુ વિસ્તાર લાવવા માટે તમામ કૃષિ ખેતરોમાં રક્ષણાત્મક સિંચાઈની સુલભતા સુનિશ્ચિત કરે છે.,તમામ ખેડૂતો ખાસ કરીને જેઓ નાની અને સીમાંત જમીન ધરાવે છે. દુષ્કાળગ્રસ્ત વિસ્તારોને પ્રાથમિકતા.,જમીન અને ઓળખ દસ્તાવેજો સાથે રાજ્યના કૃષિ વિભાગ અથવા જિલ્લા સિંચાઈ કચેરી દ્વારા અરજી કરો.,"જમીનનો રેકોર્ડ, આધાર કાર્ડ, બેંક ખાતાની વિગતો",ಪ್ರತಿ ಹನಿ ನೀರಿಗೆ ಹೆಚ್ಚು ಬೆಳೆ ಉತ್ಪಾದಿಸಲು ಮತ್ತು ಹೆಚ್ಚಿನ ಪ್ರದೇಶವನ್ನು ಕೃಷಿಗೆ ತರಲು ಎಲ್ಲಾ ಕೃಷಿ ಜಮೀನುಗಳಿಗೆ ರಕ್ಷಣಾತ್ಮಕ ನೀರಾವರಿಗೆ ಪ್ರವೇಶವನ್ನು ಖಚಿತಪಡಿಸುತ್ತದೆ.,ಎಲ್ಲಾ ರೈತರು ವಿಶೇಷವಾಗಿ ಸಣ್ಣ ಮತ್ತು ಅತಿ ಸಣ್ಣ ಜಮೀನು ಹೊಂದಿರುವವರು. ಬರಪೀಡಿತ ಪ್ರದೇಶಗಳಿಗೆ ಆದ್ಯತೆ.,ಭೂಮಿ ಮತ್ತು ಗುರುತಿನ ದಾಖಲೆಗಳೊಂದಿಗೆ ರಾಜ್ಯ ಕೃಷಿ ಇಲಾಖೆ ಅಥವಾ ಜಿಲ್ಲಾ ನೀರಾವರಿ ಕಚೇರಿ ಮೂಲಕ ಅರ್ಜಿ ಸಲ್ಲಿಸಿ.,"ಭೂ ದಾಖಲೆಗಳು, ಆಧಾರ್ ಕಾರ್ಡ್, ಬ್ಯಾಂಕ್ ಖಾತೆ ವಿವರಗಳು",ഓരോ തുള്ളി വെള്ളത്തിലും കൂടുതൽ വിള ഉൽപ്പാദിപ്പിക്കുന്നതിനും കൂടുതൽ പ്രദേശം കൃഷിക്ക് വിധേയമാക്കുന്നതിനും എല്ലാ കാർഷിക ഫാമുകളിലേക്കും സംരക്ഷിത ജലസേചനത്തിനുള്ള പ്രവേശനം ഉറപ്പാക്കുന്നു.,എല്ലാ കർഷകരും പ്രത്യേകിച്ച് ചെറുകിട നാമമാത്ര ഭൂമി കൈവശമുള്ളവർ. വരൾച്ച ബാധിത പ്രദേശങ്ങൾക്ക് മുൻഗണന.,ഭൂമിയും തിരിച്ചറിയൽ രേഖകളും സഹിതം സംസ്ഥാന കൃഷിവകുപ്പ് അല്ലെങ്കിൽ ജില്ലാ ജലസേചന ഓഫീസ് മുഖേന അപേക്ഷിക്കുക.,"ഭൂമിയുടെ രേഖകൾ, ആധാർ കാർഡ്, ബാങ്ക് അക്കൗണ്ട് വിശദാംശങ്ങൾ"
6,National Agriculture Market eNAM,Ministry of Agriculture and Farmers Welfare,Agriculture,Online trading platform for agricultural commodities connecting farmers traders and buyers across India for better price discovery.,All farmers traders and buyers of agricultural produce registered with their local APMC mandi.,Register at enam.gov.in or visit nearest APMC mandi for registration with Aadhaar and bank details.,"Aadhaar card, bank account details, APMC registration",https://enam.gov.in,"बेहतर मूल्य खोज के लिए भारत भर के किसानों, व्यापारियों और खरीदारों को जोड़ने वाला कृषि वस्तुओं का ऑनलाइन ट्रेडिंग प्लेटफॉर्म।","सभी किसान, व्यापारी और कृषि उपज के खरीदार अपनी स्थानीय एपीएमसी मंडी में पंजीकृत हैं।",Enam.gov.in पर पंजीकरण करें या आधार और बैंक विवरण के साथ पंजीकरण के लिए निकटतम एपीएमसी मंडी पर जाएं।,"आधार कार्ड, बैंक खाता विवरण, एपीएमसी पंजीकरण","விவசாயப் பொருட்களுக்கான ஆன்லைன் வர்த்தக தளம், இந்தியா முழுவதும் உள்ள விவசாயிகள் வர்த்தகர்கள் மற்றும் வாங்குபவர்களை சிறந்த விலை கண்டுபிடிப்புக்காக இணைக்கிறது.",அனைத்து விவசாயிகளின் வியாபாரிகள் மற்றும் விவசாய பொருட்களை வாங்குபவர்கள் தங்கள் உள்ளூர் APMC மண்டியில் பதிவு செய்துள்ளார்கள்.,enam.gov.in இல் பதிவு செய்யவும் அல்லது ஆதார் மற்றும் வங்கி விவரங்களுடன் பதிவு செய்ய அருகிலுள்ள APMC மண்டியைப் பார்வையிடவும்.,"ஆதார் அட்டை, வங்கி கணக்கு விவரங்கள், ஏபிஎம்சி பதிவு",వ్యవసాయ వస్తువుల కోసం ఆన్‌లైన్ ట్రేడింగ్ ప్లాట్‌ఫారమ్ మెరుగైన ధర ఆవిష్కరణ కోసం భారతదేశం అంతటా రైతులు వ్యాపారులు మరియు కొనుగోలుదారులను కలుపుతుంది.,రైతులందరూ వ్యాపారులు మరియు వ్యవసాయ ఉత్పత్తుల కొనుగోలుదారులు వారి స్థానిక APMC మండిలో నమోదు చేసుకున్నారు.,enam.gov.inలో నమోదు చేసుకోండి లేదా ఆధార్ మరియు బ్యాంక్ వివరాలతో రిజిస్ట్రేషన్ కోసం సమీపంలోని APMC మండిని సందర్శించండి.,"ఆధార్ కార్డు, బ్యాంకు ఖాతా వివరాలు, APMC రిజిస్ట్రేషన్",উন্নত মূল্য আবিষ্কারের জন্য সারা ভারত জুড়ে কৃষক ব্যবসায়ী এবং ক্রেতাদের সংযোগকারী কৃষি পণ্যের অনলাইন ট্রেডিং প্ল্যাটফর্ম।,সমস্ত কৃষক ব্যবসায়ী এবং কৃষি পণ্যের ক্রেতারা তাদের স্থানীয় এপিএমসি মান্ডিতে নিবন্ধিত।,enam.gov.in-এ নিবন্ধন করুন বা আধার এবং ব্যাঙ্কের বিবরণ সহ নিবন্ধনের জন্য নিকটস্থ APMC মান্ডিতে যান৷,"আধার কার্ড, ব্যাঙ্ক অ্যাকাউন্টের বিবরণ, APMC রেজিস্ট্রেশন",उत्तम किंमत शोधण्यासाठी संपूर्ण भारतातील शेतकरी व्यापारी आणि खरेदीदारांना जोडणारे कृषी मालाचे ऑनलाइन ट्रेडिंग प्लॅटफॉर्म.,सर्व शेतकरी व्यापारी आणि शेतमालाचे खरेदीदार त्यांच्या स्थानिक एपीएमसी मंडईत नोंदणीकृत आहेत.,आधार आणि बँक तपशीलांसह नोंदणीसाठी enam.gov.in वर नोंदणी करा किंवा जवळच्या APMC मंडईला भेट द्या.,"आधार कार्ड, बँक खाते तपशील, एपीएमसी नोंदणी",સારી કિંમતની શોધ માટે સમગ્ર ભારતમાં ખેડૂતોના વેપારીઓ અને ખરીદદારોને જોડતી કૃષિ કોમોડિટીઝ માટેનું ઓનલાઈન ટ્રેડિંગ પ્લેટફોર્મ.,તમામ ખેડૂતોના વેપારીઓ અને કૃષિ પેદાશોના ખરીદદારો તેમની સ્થાનિક APMC મંડીમાં નોંધાયેલા છે.,આધાર અને બેંક વિગતો સાથે નોંધણી માટે enam.gov.in પર નોંધણી કરો અથવા નજીકની APMC મંડીની મુલાકાત લો.,"આધાર કાર્ડ, બેંક ખાતાની વિગતો, APMC નોંધણી",ಉತ್ತಮ ಬೆಲೆ ಅನ್ವೇಷಣೆಗಾಗಿ ಭಾರತದಾದ್ಯಂತ ರೈತರು ವ್ಯಾಪಾರಿಗಳು ಮತ್ತು ಖರೀದಿದಾರರನ್ನು ಸಂಪರ್ಕಿಸುವ ಕೃಷಿ ಸರಕುಗಳಿಗಾಗಿ ಆನ್‌ಲೈನ್ ವ್ಯಾಪಾರ ವೇದಿಕೆ.,ಎಲ್ಲಾ ರೈತರು ವ್ಯಾಪಾರಿಗಳು ಮತ್ತು ಕೃಷಿ ಉತ್ಪನ್ನಗಳ ಖರೀದಿದಾರರು ತಮ್ಮ ಸ್ಥಳೀಯ ಎಪಿಎಂಸಿ ಮಂಡಿಯಲ್ಲಿ ನೋಂದಾಯಿಸಿಕೊಂಡಿದ್ದಾರೆ.,enam.gov.in ನಲ್ಲಿ ನೋಂದಾಯಿಸಿ ಅಥವಾ ಆಧಾರ್ ಮತ್ತು ಬ್ಯಾಂಕ್ ವಿವರಗಳೊಂದಿಗೆ ನೋಂದಣಿಗಾಗಿ ಹತ್ತಿರದ APMC ಮಂಡಿಗೆ ಭೇಟಿ ನೀಡಿ.,"ಆಧಾರ್ ಕಾರ್ಡ್, ಬ್ಯಾಂಕ್ ಖಾತೆ ವಿವರಗಳು, ಎಪಿಎಂಸಿ ನೋಂದಣಿ",മികച്ച വില കണ്ടെത്തുന്നതിനായി ഇന്ത്യയിലുടനീളമുള്ള കർഷക വ്യാപാരികളെയും വാങ്ങുന്നവരെയും ബന്ധിപ്പിക്കുന്ന കാർഷിക ഉൽപ്പന്നങ്ങൾക്കായുള്ള ഓൺലൈൻ ട്രേഡിംഗ് പ്ലാറ്റ്ഫോം.,എല്ലാ കർഷക വ്യാപാരികളും കാർഷിക ഉൽപ്പന്നങ്ങൾ വാങ്ങുന്നവരും അവരുടെ പ്രാദേശിക എപിഎംസി മണ്ടിയിൽ രജിസ്റ്റർ ചെയ്തിട്ടുണ്ട്.,enam.gov.in-ൽ രജിസ്റ്റർ ചെയ്യുക അല്ലെങ്കിൽ ആധാറും ബാങ്ക് വിശദാംശങ്ങളും സഹിതമുള്ള രജിസ്ട്രേഷനായി അടുത്തുള്ള എപിഎംസി മണ്ടി സന്ദർശിക്കുക.,"ആധാർ കാർഡ്, ബാങ്ക് അക്കൗണ്ട് വിശദാംശങ്ങൾ, എപിഎംസി രജിസ്ട്രേഷൻ"
7,PM Kisan Maandhan Yojana,Ministry of Agriculture and Farmers Welfare,Agriculture,Provides pension of Rs 3000 per month to small and marginal farmers after attaining age of 60 years for old age security.,Small and marginal farmers between 18 to 40 years of age with cultivable land up to 2 hectares.,Enroll at nearest Common Service Centre with Aadhaar card and bank passbook.,"Aadhaar card, bank passbook, land records",https://maandhan.in,लघु एवं सीमांत किसानों को 60 वर्ष की आयु के बाद वृद्धावस्था सुरक्षा के लिए 3000 रुपये प्रति माह पेंशन प्रदान करती है।,18 से 40 वर्ष की आयु के छोटे और सीमांत किसान जिनके पास 2 हेक्टेयर तक खेती योग्य भूमि है।,आधार कार्ड और बैंक पासबुक के साथ निकटतम कॉमन सर्विस सेंटर पर नामांकन करें।,"आधार कार्ड, बैंक पासबुक, भूमि रिकॉर्ड",முதியோர் பாதுகாப்புக்காக 60 வயது முடிந்த சிறு மற்றும் குறு விவசாயிகளுக்கு மாதம் ரூ.3000 ஓய்வூதியம் வழங்குகிறது.,2 ஹெக்டேர் வரை பயிரிடக்கூடிய நிலம் கொண்ட 18 முதல் 40 வயதுக்குட்பட்ட சிறு மற்றும் குறு விவசாயிகள்.,ஆதார் அட்டை மற்றும் வங்கி பாஸ்புக்குடன் அருகிலுள்ள பொது சேவை மையத்தில் பதிவு செய்யவும்.,"ஆதார் அட்டை, வங்கி பாஸ்புக், நில பதிவுகள்","వృద్ధాప్య భద్రత కోసం 60 ఏళ్లు నిండిన చిన్న, సన్నకారు రైతులకు నెలకు రూ.3000 పెన్షన్ అందజేస్తుంది.",2 హెక్టార్ల వరకు సాగు భూమి ఉన్న 18 నుండి 40 సంవత్సరాల మధ్య చిన్న మరియు సన్నకారు రైతులు.,ఆధార్ కార్డ్ మరియు బ్యాంక్ పాస్‌బుక్‌తో సమీపంలోని కామన్ సర్వీస్ సెంటర్‌లో నమోదు చేసుకోండి.,"ఆధార్ కార్డు, బ్యాంకు పాస్ బుక్, భూమి రికార్డులు",বার্ধক্য সুরক্ষার জন্য 60 বছর বয়সে পৌঁছানোর পরে ছোট এবং প্রান্তিক কৃষকদের প্রতি মাসে 3000 টাকা পেনশন প্রদান করে।,2 হেক্টর পর্যন্ত চাষযোগ্য জমি সহ 18 থেকে 40 বছর বয়সী ক্ষুদ্র ও প্রান্তিক কৃষক।,আধার কার্ড এবং ব্যাঙ্ক পাসবুক সহ নিকটস্থ কমন সার্ভিস সেন্টারে নথিভুক্ত করুন।,"আধার কার্ড, ব্যাঙ্কের পাসবুক, জমির রেকর্ড",वृद्धावस्थेच्या सुरक्षेसाठी वयाची ६० वर्षे पूर्ण झाल्यानंतर लहान आणि अत्यल्प भूधारक शेतकऱ्यांना दरमहा रुपये ३००० पेन्शन प्रदान करते.,18 ते 40 वर्षे वयोगटातील लहान आणि सीमांत शेतकरी 2 हेक्टरपर्यंत लागवडीयोग्य जमीन.,आधार कार्ड आणि बँक पासबुकसह जवळच्या कॉमन सर्व्हिस सेंटरमध्ये नावनोंदणी करा.,"आधार कार्ड, बँक पासबुक, जमिनीच्या नोंदी",વૃદ્ધાવસ્થાની સુરક્ષા માટે 60 વર્ષની વય પૂર્ણ કર્યા પછી નાના અને સીમાંત ખેડૂતોને દર મહિને રૂ. 3000 નું પેન્શન આપે છે.,2 હેક્ટર સુધીની ખેતીલાયક જમીન ધરાવતા 18 થી 40 વર્ષની વયના નાના અને સીમાંત ખેડૂતો.,આધાર કાર્ડ અને બેંક પાસબુક સાથે નજીકના કોમન સર્વિસ સેન્ટર પર નોંધણી કરો.,"આધાર કાર્ડ, બેંક પાસબુક, જમીનનો રેકોર્ડ",ವೃದ್ಧಾಪ್ಯ ಭದ್ರತೆಗಾಗಿ 60 ವರ್ಷ ವಯಸ್ಸಿನ ಸಣ್ಣ ಮತ್ತು ಅತಿ ಸಣ್ಣ ರೈತರಿಗೆ ಮಾಸಿಕ 3000 ಪಿಂಚಣಿ ನೀಡುತ್ತದೆ.,18 ರಿಂದ 40 ವರ್ಷದೊಳಗಿನ ಸಣ್ಣ ಮತ್ತು ಅತಿ ಸಣ್ಣ ರೈತರು 2 ಹೆಕ್ಟೇರ್‌ವರೆಗೆ ಕೃಷಿಯೋಗ್ಯ ಭೂಮಿಯನ್ನು ಹೊಂದಿರುತ್ತಾರೆ.,ಆಧಾರ್ ಕಾರ್ಡ್ ಮತ್ತು ಬ್ಯಾಂಕ್ ಪಾಸ್‌ಬುಕ್‌ನೊಂದಿಗೆ ಹತ್ತಿರದ ಸಾಮಾನ್ಯ ಸೇವಾ ಕೇಂದ್ರದಲ್ಲಿ ನೋಂದಾಯಿಸಿ.,"ಆಧಾರ್ ಕಾರ್ಡ್, ಬ್ಯಾಂಕ್ ಪಾಸ್ಬುಕ್, ಭೂ ದಾಖಲೆಗಳು",60 വയസ്സ് കഴിഞ്ഞ ചെറുകിട നാമമാത്ര കർഷകർക്ക് വാർദ്ധക്യ സുരക്ഷയ്ക്കായി പ്രതിമാസം 3000 രൂപ പെൻഷൻ നൽകുന്നു.,2 ഹെക്ടർ വരെ കൃഷിയോഗ്യമായ ഭൂമിയുള്ള 18-നും 40-നും ഇടയിൽ പ്രായമുള്ള ചെറുകിട നാമമാത്ര കർഷകർ.,ആധാർ കാർഡും ബാങ്ക് പാസ്ബുക്കും ഉപയോഗിച്ച് അടുത്തുള്ള പൊതു സേവന കേന്ദ്രത്തിൽ എൻറോൾ ചെയ്യുക.,"ആധാർ കാർഡ്, ബാങ്ക് പാസ്ബുക്ക്, ഭൂമിയുടെ രേഖകൾ"
8,Paramparagat Krishi Vikas Yojana,Ministry of Agriculture and Farmers Welfare,Agriculture,Promotes organic farming through cluster approach by providing financial assistance to farmers for adopting organic farming practices.,Farmers willing to adopt organic farming practices in clusters of 50 acres minimum.,Contact District Agriculture Officer to form farmer clusters and apply for organic farming certification and assistance.,"Land records, Aadhaar card, farmer group registration",https://pgsindia-ncof.gov.in,जैविक कृषि पद्धतियों को अपनाने के लिए किसानों को वित्तीय सहायता प्रदान करके क्लस्टर दृष्टिकोण के माध्यम से जैविक खेती को बढ़ावा देता है।,न्यूनतम 50 एकड़ के समूहों में जैविक कृषि पद्धतियों को अपनाने के इच्छुक किसान।,किसान समूह बनाने और जैविक खेती प्रमाणीकरण और सहायता के लिए आवेदन करने के लिए जिला कृषि अधिकारी से संपर्क करें।,"भूमि अभिलेख, आधार कार्ड, किसान समूह पंजीकरण",இயற்கை விவசாய முறைகளை கடைப்பிடிக்க விவசாயிகளுக்கு நிதி உதவி வழங்குவதன் மூலம் கொத்து அணுகுமுறை மூலம் இயற்கை விவசாயத்தை ஊக்குவிக்கிறது.,குறைந்த பட்சம் 50 ஏக்கர் பரப்பளவில் இயற்கை விவசாய முறைகளை மேற்கொள்ள விவசாயிகள் தயாராக உள்ளனர்.,"மாவட்ட வேளாண்மை அலுவலரைத் தொடர்புகொண்டு, விவசாயிகள் குழுக்களை உருவாக்கி, இயற்கை வேளாண்மைச் சான்றிதழ் மற்றும் உதவிக்கு விண்ணப்பிக்கவும்.","நில பதிவுகள், ஆதார் அட்டை, விவசாயி குழு பதிவு",సేంద్రీయ వ్యవసాయ పద్ధతులను అవలంబించడానికి రైతులకు ఆర్థిక సహాయం అందించడం ద్వారా క్లస్టర్ విధానం ద్వారా సేంద్రీయ వ్యవసాయాన్ని ప్రోత్సహిస్తుంది.,కనీసం 50 ఎకరాల క్లస్టర్లలో సేంద్రీయ వ్యవసాయ పద్ధతులను అవలంబించడానికి రైతులు సిద్ధంగా ఉన్నారు.,రైతు సమూహాలను ఏర్పాటు చేయడానికి మరియు సేంద్రీయ వ్యవసాయ ధృవీకరణ మరియు సహాయం కోసం దరఖాస్తు చేయడానికి జిల్లా వ్యవసాయ అధికారిని సంప్రదించండి.,"భూమి రికార్డులు, ఆధార్ కార్డు, రైతు గ్రూపు నమోదు",জৈব চাষ পদ্ধতি অবলম্বন করার জন্য কৃষকদের আর্থিক সহায়তা প্রদানের মাধ্যমে ক্লাস্টার পদ্ধতির মাধ্যমে জৈব চাষ প্রচার করে।,কৃষকরা ন্যূনতম 50 একর ক্লাস্টারে জৈব চাষ পদ্ধতি গ্রহণ করতে ইচ্ছুক।,কৃষক ক্লাস্টার গঠন করতে এবং জৈব চাষের শংসাপত্র এবং সহায়তার জন্য আবেদন করতে জেলা কৃষি অফিসারের সাথে যোগাযোগ করুন।,"জমির রেকর্ড, আধার কার্ড, কৃষক গোষ্ঠী নিবন্ধন",सेंद्रिय शेती पद्धतींचा अवलंब करण्यासाठी शेतकऱ्यांना आर्थिक सहाय्य देऊन क्लस्टर पध्दतीद्वारे सेंद्रिय शेतीला प्रोत्साहन देते.,किमान ५० एकर क्षेत्रामध्ये सेंद्रिय शेती पद्धती अवलंबण्यास इच्छुक शेतकरी.,शेतकरी क्लस्टर तयार करण्यासाठी जिल्हा कृषी अधिकाऱ्यांशी संपर्क साधा आणि सेंद्रिय शेती प्रमाणपत्र आणि मदतीसाठी अर्ज करा.,"जमिनीच्या नोंदी, आधार कार्ड, शेतकरी गट नोंदणी",સજીવ ખેતી પદ્ધતિઓ અપનાવવા માટે ખેડૂતોને નાણાકીય સહાય પૂરી પાડીને ક્લસ્ટર અભિગમ દ્વારા સજીવ ખેતીને પ્રોત્સાહન આપે છે.,ઓછામાં ઓછા 50 એકરના ક્લસ્ટરમાં જૈવિક ખેતી પદ્ધતિઓ અપનાવવા ઈચ્છુક ખેડૂતો.,ખેડૂત ક્લસ્ટરો બનાવવા માટે જિલ્લા કૃષિ અધિકારીનો સંપર્ક કરો અને સજીવ ખેતી પ્રમાણપત્ર અને સહાય માટે અરજી કરો.,"જમીનનો રેકોર્ડ, આધાર કાર્ડ, ખેડૂત જૂથ નોંધણી",ಸಾವಯವ ಕೃಷಿ ಪದ್ಧತಿಯನ್ನು ಅಳವಡಿಸಿಕೊಳ್ಳಲು ರೈತರಿಗೆ ಆರ್ಥಿಕ ನೆರವು ನೀಡುವ ಮೂಲಕ ಕ್ಲಸ್ಟರ್ ವಿಧಾನದ ಮೂಲಕ ಸಾವಯವ ಕೃಷಿಯನ್ನು ಉತ್ತೇಜಿಸುತ್ತದೆ.,ಕನಿಷ್ಠ 50 ಎಕರೆ ಪ್ರದೇಶದಲ್ಲಿ ಸಾವಯವ ಕೃಷಿ ಪದ್ಧತಿಯನ್ನು ಅಳವಡಿಸಿಕೊಳ್ಳಲು ರೈತರು ಸಿದ್ಧರಿದ್ದಾರೆ.,ರೈತ ಸಮೂಹಗಳನ್ನು ರಚಿಸಲು ಮತ್ತು ಸಾವಯವ ಕೃಷಿ ಪ್ರಮಾಣೀಕರಣ ಮತ್ತು ಸಹಾಯಕ್ಕಾಗಿ ಅರ್ಜಿ ಸಲ್ಲಿಸಲು ಜಿಲ್ಲಾ ಕೃಷಿ ಅಧಿಕಾರಿಗಳನ್ನು ಸಂಪರ್ಕಿಸಿ.,"ಭೂ ದಾಖಲೆಗಳು, ಆಧಾರ್ ಕಾರ್ಡ್, ರೈತ ಗುಂಪು ನೋಂದಣಿ",ജൈവകൃഷി രീതികൾ സ്വീകരിക്കുന്നതിന് കർഷകർക്ക് സാമ്പത്തിക സഹായം നൽകിക്കൊണ്ട് ക്ലസ്റ്റർ സമീപനത്തിലൂടെ ജൈവകൃഷി പ്രോത്സാഹിപ്പിക്കുന്നു.,കുറഞ്ഞത് 50 ഏക്കറിലുള്ള ക്ലസ്റ്ററുകളിൽ ജൈവകൃഷി രീതികൾ സ്വീകരിക്കാൻ കർഷകർ തയ്യാറാണ്.,കർഷക ക്ലസ്റ്ററുകൾ രൂപീകരിക്കുന്നതിനും ജൈവകൃഷി സർട്ടിഫിക്കേഷനും സഹായത്തിനും അപേക്ഷിക്കുന്നതിനും ജില്ലാ കൃഷി ഓഫീസറെ ബന്ധപ്പെടുക.,"ഭൂരേഖകൾ, ആധാർ കാർഡ്, കർഷക ഗ്രൂപ്പ് രജിസ്ട്രേഷൻ"
9,Pradhan Mantri Annadata Aay SanraksHan Abhiyan,Ministry of Agriculture and Farmers Welfare,Agriculture,Ensures farmers get remunerative prices for their produce through price support scheme procurement and price deficiency payment.,All farmers growing notified oilseeds pulses and copra in states implementing the scheme.,Register on state agriculture department portal before sowing season with land and bank details.,"Land records, Aadhaar card, bank account, sowing declaration",https://agricoop.nic.in,यह सुनिश्चित करता है कि किसानों को मूल्य समर्थन योजना खरीद और मूल्य कमी भुगतान के माध्यम से उनकी उपज के लिए लाभकारी मूल्य मिले।,"योजना को लागू करने वाले राज्यों में अधिसूचित तिलहन, दालें और खोपरा उगाने वाले सभी किसान।",बुआई के मौसम से पहले भूमि और बैंक विवरण के साथ राज्य कृषि विभाग के पोर्टल पर पंजीकरण करें।,"भूमि रिकॉर्ड, आधार कार्ड, बैंक खाता, बुआई घोषणा",விலை ஆதரவு திட்ட கொள்முதல் மற்றும் விலை பற்றாக்குறை செலுத்துதல் மூலம் விவசாயிகள் தங்கள் விளைபொருட்களுக்கு லாபகரமான விலை கிடைப்பதை உறுதி செய்கிறது.,இத்திட்டத்தை செயல்படுத்தும் மாநிலங்களில் அறிவிக்கப்பட்ட எண்ணெய் வித்துக்கள் பருப்பு வகைகள் மற்றும் கொப்பரை சாகுபடி செய்யும் அனைத்து விவசாயிகளும்.,நிலம் மற்றும் வங்கி விவரங்களுடன் விதைப்புப் பருவத்திற்கு முன் மாநில விவசாயத் துறை இணையதளத்தில் பதிவு செய்யவும்.,"நில பதிவுகள், ஆதார் அட்டை, வங்கி கணக்கு, விதைப்பு அறிவிப்பு",ధర మద్దతు పథకం సేకరణ మరియు ధర లోపం చెల్లింపు ద్వారా రైతులు తమ ఉత్పత్తులకు లాభదాయకమైన ధరలను పొందేలా చూస్తుంది.,ఈ పథకాన్ని అమలు చేస్తున్న రాష్ట్రాల్లో నోటిఫైడ్ నూనెగింజల పప్పులు మరియు కొప్రాను పండించే రైతులందరూ.,భూమి మరియు బ్యాంకు వివరాలతో విత్తే సీజన్‌కు ముందు రాష్ట్ర వ్యవసాయ శాఖ పోర్టల్‌లో నమోదు చేసుకోండి.,"భూమి రికార్డులు, ఆధార్ కార్డు, బ్యాంకు ఖాతా, నాట్లు డిక్లరేషన్",মূল্য সমর্থন প্রকল্প সংগ্রহ এবং মূল্য ঘাটতি প্রদানের মাধ্যমে কৃষকরা তাদের পণ্যের জন্য উপযুক্ত মূল্য পেতে নিশ্চিত করে।,সমস্ত কৃষকরা এই প্রকল্পটি বাস্তবায়নকারী রাজ্যগুলিতে তৈলবীজ ডাল এবং কোপরা চাষ করে।,জমি এবং ব্যাঙ্কের বিবরণ সহ বপনের মরসুমের আগে রাজ্যের কৃষি বিভাগের পোর্টালে নিবন্ধন করুন।,"জমির রেকর্ড, আধার কার্ড, ব্যাঙ্ক অ্যাকাউন্ট, বীজ বপনের ঘোষণা",किंमत समर्थन योजना खरेदी आणि किंमत कमतरतेच्या पेमेंटद्वारे शेतकऱ्यांना त्यांच्या उत्पादनासाठी योग्य किंमत मिळण्याची खात्री करते.,योजनेची अंमलबजावणी करणाऱ्या राज्यांमध्ये अधिसूचित तेलबिया डाळी आणि कोप्रा पिकवणारे सर्व शेतकरी.,पेरणीच्या हंगामापूर्वी जमीन आणि बँक तपशीलांसह राज्य कृषी विभागाच्या पोर्टलवर नोंदणी करा.,"जमिनीच्या नोंदी, आधार कार्ड, बँक खाते, पेरणीची घोषणा",ભાવ સમર્થન યોજનાની પ્રાપ્તિ અને ભાવની ઉણપની ચુકવણી દ્વારા ખેડૂતોને તેમની પેદાશો માટે વળતરકારક ભાવ મળે તેની ખાતરી કરે છે.,આ યોજનાનો અમલ કરી રહેલા રાજ્યોમાં તેલીબિયાં કઠોળ અને કોપરાની સૂચિત ખેતી કરતા તમામ ખેડૂતો.,જમીન અને બેંક વિગતો સાથે વાવણીની મોસમ પહેલા રાજ્યના કૃષિ વિભાગના પોર્ટલ પર નોંધણી કરો.,"જમીનનો રેકોર્ડ, આધાર કાર્ડ, બેંક ખાતું, વાવણીની જાહેરાત",ಬೆಲೆ ಬೆಂಬಲ ಯೋಜನೆ ಸಂಗ್ರಹಣೆ ಮತ್ತು ಬೆಲೆ ಕೊರತೆ ಪಾವತಿಯ ಮೂಲಕ ರೈತರು ತಮ್ಮ ಉತ್ಪನ್ನಗಳಿಗೆ ಲಾಭದಾಯಕ ಬೆಲೆಗಳನ್ನು ಪಡೆಯುವುದನ್ನು ಖಚಿತಪಡಿಸುತ್ತದೆ.,ಯೋಜನೆಯನ್ನು ಜಾರಿಗೊಳಿಸುವ ರಾಜ್ಯಗಳಲ್ಲಿ ಅಧಿಸೂಚಿತ ಎಣ್ಣೆಕಾಳುಗಳು ಮತ್ತು ಕೊಪ್ಪರನ್ನು ಬೆಳೆಯುವ ಎಲ್ಲಾ ರೈತರು.,ಭೂಮಿ ಮತ್ತು ಬ್ಯಾಂಕ್ ವಿವರಗಳೊಂದಿಗೆ ಬಿತ್ತನೆಯ ಮೊದಲು ರಾಜ್ಯ ಕೃಷಿ ಇಲಾಖೆಯ ಪೋರ್ಟಲ್‌ನಲ್ಲಿ ನೋಂದಾಯಿಸಿ.,"ಭೂ ದಾಖಲೆಗಳು, ಆಧಾರ್ ಕಾರ್ಡ್, ಬ್ಯಾಂಕ್ ಖಾತೆ, ಬಿತ್ತನೆ ಘೋಷಣೆ",വില പിന്തുണ പദ്ധതി സംഭരണത്തിലൂടെയും വിലക്കുറവ് പേയ്‌മെൻ്റിലൂടെയും കർഷകർക്ക് അവരുടെ ഉൽപ്പന്നങ്ങൾക്ക് ആദായകരമായ വില ലഭിക്കുന്നുണ്ടെന്ന് ഉറപ്പാക്കുന്നു.,പദ്ധതി നടപ്പാക്കുന്ന സംസ്ഥാനങ്ങളിൽ വിജ്ഞാപനം ചെയ്ത എണ്ണക്കുരുക്കളും കൊപ്രയും കൃഷി ചെയ്യുന്ന എല്ലാ കർഷകരും.,വിതയ്ക്കുന്നതിന് മുമ്പ് സംസ്ഥാന കൃഷി വകുപ്പിൻ്റെ പോർട്ടലിൽ ഭൂമിയും ബാങ്ക് വിവരങ്ങളും സഹിതം രജിസ്റ്റർ ചെയ്യുക.,"ഭൂരേഖകൾ, ആധാർ കാർഡ്, ബാങ്ക് അക്കൗണ്ട്, വിത്ത് പ്രഖ്യാപനം"
10,Micro Irrigation Fund,Ministry of Agriculture and Farmers Welfare,Agriculture,Provides subsidized drip and sprinkler irrigation systems to farmers to improve water use efficiency and increase crop productivity.,All categories of farmers especially small and marginal farmers wanting to adopt micro irrigation.,Apply through state horticulture or agriculture department with land documents and irrigation plan.,"Land records, Aadhaar card, bank account, irrigation plan",https://pmksy.gov.in,जल उपयोग दक्षता में सुधार और फसल उत्पादकता बढ़ाने के लिए किसानों को सब्सिडी वाली ड्रिप और स्प्रिंकलर सिंचाई प्रणाली प्रदान करता है।,"सभी श्रेणी के किसान, विशेषकर छोटे और सीमांत किसान, जो सूक्ष्म सिंचाई को अपनाना चाहते हैं।",भूमि दस्तावेजों और सिंचाई योजना के साथ राज्य बागवानी या कृषि विभाग के माध्यम से आवेदन करें।,"भूमि रिकॉर्ड, आधार कार्ड, बैंक खाता, सिंचाई योजना","விவசாயிகளுக்கு மானிய விலையில் சொட்டுநீர் மற்றும் தெளிப்பு நீர்ப்பாசன முறைகளை வழங்கி, நீர் பயன்பாட்டு திறனை மேம்படுத்தவும், பயிர் உற்பத்தியை அதிகரிக்கவும் செய்கிறது.",அனைத்து வகை விவசாயிகளும் குறிப்பாக சிறு மற்றும் குறு விவசாயிகள் நுண்ணீர் பாசனத்தை மேற்கொள்ள விரும்புகின்றனர்.,நில ஆவணங்கள் மற்றும் நீர்ப்பாசனத் திட்டத்துடன் மாநில தோட்டக்கலை அல்லது வேளாண் துறை மூலம் விண்ணப்பிக்கவும்.,"நிலப் பதிவுகள், ஆதார் அட்டை, வங்கிக் கணக்கு, நீர்ப்பாசனத் திட்டம்",నీటి వినియోగ సామర్థ్యాన్ని మెరుగుపరచడానికి మరియు పంట ఉత్పాదకతను పెంచడానికి రైతులకు సబ్సిడీపై డ్రిప్ మరియు స్ప్రింక్లర్ ఇరిగేషన్ సిస్టమ్‌లను అందిస్తుంది.,అన్ని వర్గాల రైతులు ముఖ్యంగా చిన్న మరియు సన్నకారు రైతులు మైక్రో ఇరిగేషన్‌ను అవలంబించాలనుకుంటున్నారు.,భూమి పత్రాలు మరియు నీటిపారుదల ప్రణాళికతో రాష్ట్ర ఉద్యానవన లేదా వ్యవసాయ శాఖ ద్వారా దరఖాస్తు చేసుకోండి.,"భూమి రికార్డులు, ఆధార్ కార్డు, బ్యాంకు ఖాతా, నీటిపారుదల పథకం",জল ব্যবহারের দক্ষতা উন্নত করতে এবং ফসলের উত্পাদনশীলতা বাড়াতে কৃষকদের ভর্তুকিযুক্ত ড্রিপ এবং স্প্রিংকলার সেচ ব্যবস্থা প্রদান করে।,সকল শ্রেণীর কৃষক বিশেষ করে ক্ষুদ্র ও প্রান্তিক কৃষক ক্ষুদ্র সেচ গ্রহণ করতে চায়।,জমির নথি এবং সেচ পরিকল্পনা সহ রাজ্য উদ্যান বা কৃষি বিভাগের মাধ্যমে আবেদন করুন।,"জমির রেকর্ড, আধার কার্ড, ব্যাঙ্ক অ্যাকাউন্ট, সেচ পরিকল্পনা",पाणी वापर कार्यक्षमता सुधारण्यासाठी आणि पीक उत्पादकता वाढविण्यासाठी शेतकऱ्यांना अनुदानित ठिबक आणि तुषार सिंचन प्रणाली प्रदान करते.,सर्व वर्गवारीतील शेतकरी विशेषतः लहान आणि अत्यल्प भूधारक शेतकरी ज्यांना सूक्ष्म सिंचनाचा अवलंब करायचा आहे.,जमिनीची कागदपत्रे आणि सिंचन योजनेसह राज्य फलोत्पादन किंवा कृषी विभागाद्वारे अर्ज करा.,"जमिनीच्या नोंदी, आधार कार्ड, बँक खाते, सिंचन योजना",પાણીના ઉપયોગની કાર્યક્ષમતા વધારવા અને પાકની ઉત્પાદકતા વધારવા માટે ખેડૂતોને સબસિડીવાળી ટપક અને છંટકાવ સિંચાઈ પ્રણાલીઓ પૂરી પાડે છે.,તમામ વર્ગના ખેડૂતો ખાસ કરીને નાના અને સીમાંત ખેડૂતો સૂક્ષ્મ સિંચાઈ અપનાવવા ઈચ્છે છે.,જમીનના દસ્તાવેજો અને સિંચાઈ યોજના સાથે રાજ્યના બાગાયત અથવા કૃષિ વિભાગ દ્વારા અરજી કરો.,"જમીનના રેકોર્ડ, આધાર કાર્ડ, બેંક ખાતું, સિંચાઈ યોજના",ನೀರಿನ ಬಳಕೆಯ ದಕ್ಷತೆಯನ್ನು ಸುಧಾರಿಸಲು ಮತ್ತು ಬೆಳೆ ಉತ್ಪಾದಕತೆಯನ್ನು ಹೆಚ್ಚಿಸಲು ರೈತರಿಗೆ ಸಹಾಯಧನದ ಹನಿ ಮತ್ತು ತುಂತುರು ನೀರಾವರಿ ವ್ಯವಸ್ಥೆಯನ್ನು ಒದಗಿಸುತ್ತದೆ.,ಎಲ್ಲಾ ವರ್ಗದ ರೈತರು ವಿಶೇಷವಾಗಿ ಸಣ್ಣ ಮತ್ತು ಅತಿ ಸಣ್ಣ ರೈತರು ಸೂಕ್ಷ್ಮ ನೀರಾವರಿ ಅಳವಡಿಸಿಕೊಳ್ಳಲು ಬಯಸುತ್ತಾರೆ.,ಭೂ ದಾಖಲೆಗಳು ಮತ್ತು ನೀರಾವರಿ ಯೋಜನೆಯೊಂದಿಗೆ ರಾಜ್ಯ ತೋಟಗಾರಿಕೆ ಅಥವಾ ಕೃಷಿ ಇಲಾಖೆಯ ಮೂಲಕ ಅರ್ಜಿ ಸಲ್ಲಿಸಿ.,"ಭೂ ದಾಖಲೆಗಳು, ಆಧಾರ್ ಕಾರ್ಡ್, ಬ್ಯಾಂಕ್ ಖಾತೆ, ನೀರಾವರಿ ಯೋಜನೆ","ജല ഉപയോഗക്ഷമത മെച്ചപ്പെടുത്തുന്നതിനും വിള ഉൽപാദനക്ഷമത വർദ്ധിപ്പിക്കുന്നതിനും കർഷകർക്ക് സബ്‌സിഡി നിരക്കിൽ ഡ്രിപ്പ്, സ്പ്രിംഗ്ളർ ജലസേചന സംവിധാനങ്ങൾ നൽകുന്നു.",സൂക്ഷ്മ ജലസേചനം സ്വീകരിക്കാൻ ആഗ്രഹിക്കുന്ന എല്ലാ വിഭാഗം കർഷകരും പ്രത്യേകിച്ച് ചെറുകിട നാമമാത്ര കർഷകർ.,സംസ്ഥാന ഹോർട്ടികൾച്ചർ അല്ലെങ്കിൽ കൃഷി വകുപ്പ് മുഖേന ഭൂമി രേഖകളും ജലസേചന പദ്ധതിയും സഹിതം അപേക്ഷിക്കുക.,"ഭൂരേഖകൾ, ആധാർ കാർഡ്, ബാങ്ക് അക്കൗണ്ട്, ജലസേചന പദ്ധതി"
11,Rashtriya Krishi Vikas Yojana,Ministry of Agriculture and Farmers Welfare,Agriculture,Provides financial assistance to states for strengthening agricultural infrastructure and increasing agricultural productivity through need based projects.,Farmers and agricultural institutions in states submitting approved project proposals.,Apply through state agriculture department for project based assistance under RKVY scheme.,"Project proposal, land documents, Aadhaar card",https://rkvy.nic.in,आवश्यकता आधारित परियोजनाओं के माध्यम से कृषि बुनियादी ढांचे को मजबूत करने और कृषि उत्पादकता बढ़ाने के लिए राज्यों को वित्तीय सहायता प्रदान करता है।,राज्यों में किसान और कृषि संस्थान अनुमोदित परियोजना प्रस्ताव प्रस्तुत कर रहे हैं।,आरकेवीवाई योजना के तहत परियोजना आधारित सहायता के लिए राज्य कृषि विभाग के माध्यम से आवेदन करें।,"परियोजना प्रस्ताव, भूमि दस्तावेज, आधार कार्ड","விவசாய உள்கட்டமைப்பை வலுப்படுத்தவும், தேவை அடிப்படையிலான திட்டங்கள் மூலம் விவசாய உற்பத்தியை அதிகரிக்கவும் மாநிலங்களுக்கு நிதி உதவி வழங்குகிறது.",அங்கீகரிக்கப்பட்ட திட்ட முன்மொழிவுகளை சமர்ப்பிக்கும் மாநிலங்களில் உள்ள விவசாயிகள் மற்றும் விவசாய நிறுவனங்கள்.,RKVY திட்டத்தின் கீழ் திட்ட அடிப்படையிலான உதவிக்கு மாநில வேளாண் துறை மூலம் விண்ணப்பிக்கவும்.,"திட்ட முன்மொழிவு, நில ஆவணங்கள், ஆதார் அட்டை",వ్యవసాయ మౌలిక సదుపాయాలను బలోపేతం చేయడానికి మరియు అవసరాల ఆధారిత ప్రాజెక్టుల ద్వారా వ్యవసాయ ఉత్పాదకతను పెంచడానికి రాష్ట్రాలకు ఆర్థిక సహాయం అందిస్తుంది.,ఆమోదించబడిన ప్రాజెక్ట్ ప్రతిపాదనలను సమర్పించే రాష్ట్రాల్లోని రైతులు మరియు వ్యవసాయ సంస్థలు.,RKVY పథకం కింద ప్రాజెక్ట్ ఆధారిత సహాయం కోసం రాష్ట్ర వ్యవసాయ శాఖ ద్వారా దరఖాస్తు చేసుకోండి.,"ప్రాజెక్ట్ ప్రతిపాదన, భూమి పత్రాలు, ఆధార్ కార్డు",প্রয়োজন ভিত্তিক প্রকল্পগুলির মাধ্যমে কৃষি পরিকাঠামো শক্তিশালীকরণ এবং কৃষি উত্পাদনশীলতা বৃদ্ধির জন্য রাজ্যগুলিকে আর্থিক সহায়তা প্রদান করে।,রাজ্যের কৃষক এবং কৃষি প্রতিষ্ঠান অনুমোদিত প্রকল্প প্রস্তাব জমা দিচ্ছে।,RKVY প্রকল্পের অধীনে প্রকল্প ভিত্তিক সহায়তার জন্য রাজ্য কৃষি বিভাগের মাধ্যমে আবেদন করুন।,"প্রকল্প প্রস্তাব, জমির নথি, আধার কার্ড",कृषी पायाभूत सुविधा मजबूत करण्यासाठी आणि गरजेवर आधारित प्रकल्पांद्वारे कृषी उत्पादकता वाढवण्यासाठी राज्यांना आर्थिक सहाय्य प्रदान करते.,राज्यातील शेतकरी आणि कृषी संस्था मंजूर प्रकल्प प्रस्ताव सादर करत आहेत.,RKVY योजनेअंतर्गत प्रकल्प आधारित सहाय्यासाठी राज्य कृषी विभागामार्फत अर्ज करा.,"प्रकल्प प्रस्ताव, जमिनीची कागदपत्रे, आधार कार्ड",જરૂરિયાત આધારિત પ્રોજેક્ટ દ્વારા કૃષિ માળખાને મજબૂત કરવા અને કૃષિ ઉત્પાદકતા વધારવા માટે રાજ્યોને નાણાકીય સહાય પૂરી પાડે છે.,રાજ્યોમાં ખેડૂતો અને કૃષિ સંસ્થાઓ મંજૂર પ્રોજેક્ટ દરખાસ્તો સબમિટ કરે છે.,RKVY યોજના હેઠળ પ્રોજેક્ટ આધારિત સહાય માટે રાજ્યના કૃષિ વિભાગ દ્વારા અરજી કરો.,"પ્રોજેક્ટ દરખાસ્ત, જમીનના દસ્તાવેજો, આધાર કાર્ડ",ಅಗತ್ಯ ಆಧಾರಿತ ಯೋಜನೆಗಳ ಮೂಲಕ ಕೃಷಿ ಮೂಲಸೌಕರ್ಯವನ್ನು ಬಲಪಡಿಸಲು ಮತ್ತು ಕೃಷಿ ಉತ್ಪಾದಕತೆಯನ್ನು ಹೆಚ್ಚಿಸಲು ರಾಜ್ಯಗಳಿಗೆ ಹಣಕಾಸಿನ ನೆರವು ನೀಡುತ್ತದೆ.,ರಾಜ್ಯಗಳಲ್ಲಿನ ರೈತರು ಮತ್ತು ಕೃಷಿ ಸಂಸ್ಥೆಗಳು ಅನುಮೋದಿತ ಯೋಜನೆಯ ಪ್ರಸ್ತಾವನೆಗಳನ್ನು ಸಲ್ಲಿಸುತ್ತಿವೆ.,RKVY ಯೋಜನೆಯಡಿ ಯೋಜನೆ ಆಧಾರಿತ ಸಹಾಯಕ್ಕಾಗಿ ರಾಜ್ಯ ಕೃಷಿ ಇಲಾಖೆ ಮೂಲಕ ಅರ್ಜಿ ಸಲ್ಲಿಸಿ.,"ಯೋಜನೆಯ ಪ್ರಸ್ತಾವನೆ, ಭೂಮಿ ದಾಖಲೆಗಳು, ಆಧಾರ್ ಕಾರ್ಡ್",കാർഷിക അടിസ്ഥാന സൗകര്യങ്ങൾ ശക്തിപ്പെടുത്തുന്നതിനും കാർഷിക ഉൽപ്പാദനക്ഷമത വർദ്ധിപ്പിക്കുന്നതിനും ആവശ്യമായ പദ്ധതികളിലൂടെ സംസ്ഥാനങ്ങൾക്ക് സാമ്പത്തിക സഹായം നൽകുന്നു.,അംഗീകൃത പദ്ധതി നിർദ്ദേശങ്ങൾ സമർപ്പിക്കുന്ന സംസ്ഥാനങ്ങളിലെ കർഷകരും കാർഷിക സ്ഥാപനങ്ങളും.,RKVY സ്കീമിന് കീഴിലുള്ള പ്രോജക്ട് അധിഷ്ഠിത സഹായത്തിനായി സംസ്ഥാന കൃഷി വകുപ്പ് മുഖേന അപേക്ഷിക്കുക.,"പദ്ധതി നിർദ്ദേശം, ഭൂമിയുടെ രേഖകൾ, ആധാർ കാർഡ്"
12,Agriculture Infrastructure Fund,Ministry of Agriculture and Farmers Welfare,Agriculture,Provides medium to long term debt financing for investment in viable projects for post harvest management and community farming assets.,Farmers FPOs PACS agri entrepreneurs and startups for post harvest management infrastructure projects.,Apply online at agriinfra.dac.gov.in with project proposal and financial documents.,"Project proposal, financial statements, Aadhaar card, PAN card, bank account",https://agriinfra.dac.gov.in,फसल कटाई के बाद प्रबंधन और सामुदायिक कृषि परिसंपत्तियों के लिए व्यवहार्य परियोजनाओं में निवेश के लिए मध्यम से दीर्घकालिक ऋण वित्तपोषण प्रदान करता है।,"किसान एफपीओ, पैक्स कृषि उद्यमी और फसल कटाई के बाद प्रबंधन बुनियादी ढांचा परियोजनाओं के लिए स्टार्टअप।",परियोजना प्रस्ताव और वित्तीय दस्तावेजों के साथ agriinfra.dac.gov.in पर ऑनलाइन आवेदन करें।,"परियोजना प्रस्ताव, वित्तीय विवरण, आधार कार्ड, पैन कार्ड, बैंक खाता",அறுவடைக்குப் பிந்தைய மேலாண்மை மற்றும் சமூக விவசாய சொத்துக்களுக்கான சாத்தியமான திட்டங்களில் முதலீடு செய்வதற்கு நடுத்தர முதல் நீண்ட கால கடன் நிதியுதவியை வழங்குகிறது.,விவசாயிகள் FPOs PACS வேளாண் தொழில்முனைவோர் மற்றும் அறுவடைக்குப் பிந்தைய மேலாண்மை உள்கட்டமைப்பு திட்டங்களுக்கான தொடக்கங்கள்.,திட்ட முன்மொழிவு மற்றும் நிதி ஆவணங்களுடன் agriinfra.dac.gov.in இல் ஆன்லைனில் விண்ணப்பிக்கவும்.,"திட்ட முன்மொழிவு, நிதிநிலை அறிக்கைகள், ஆதார் அட்டை, பான் கார்டு, வங்கி கணக்கு",పోస్ట్ హార్వెస్ట్ మేనేజ్‌మెంట్ మరియు కమ్యూనిటీ ఫార్మింగ్ ఆస్తుల కోసం ఆచరణీయ ప్రాజెక్టులలో పెట్టుబడి కోసం మధ్యస్థ నుండి దీర్ఘకాలిక రుణ ఫైనాన్సింగ్‌ను అందిస్తుంది.,రైతుల FPOలు PACS అగ్రి వ్యవస్థాపకులు మరియు పోస్ట్ హార్వెస్ట్ మేనేజ్‌మెంట్ ఇన్‌ఫ్రాస్ట్రక్చర్ ప్రాజెక్ట్‌ల కోసం స్టార్టప్‌లు.,ప్రాజెక్ట్ ప్రతిపాదన మరియు ఆర్థిక పత్రాలతో ఆన్‌లైన్‌లో agriinfra.dac.gov.inలో దరఖాస్తు చేసుకోండి.,"ప్రాజెక్ట్ ప్రతిపాదన, ఆర్థిక నివేదికలు, ఆధార్ కార్డ్, పాన్ కార్డ్, బ్యాంక్ ఖాతా",ফসলোত্তর ব্যবস্থাপনা এবং সম্প্রদায়ের কৃষি সম্পদের জন্য কার্যকর প্রকল্পগুলিতে বিনিয়োগের জন্য মধ্যম থেকে দীর্ঘমেয়াদী ঋণ অর্থায়ন প্রদান করে।,কৃষক FPOs PACS কৃষি উদ্যোক্তা এবং ফসলোত্তর ব্যবস্থাপনা পরিকাঠামো প্রকল্পের জন্য স্টার্টআপ।,প্রকল্প প্রস্তাব এবং আর্থিক নথি সহ agriinfra.dac.gov.in-এ অনলাইনে আবেদন করুন।,"প্রকল্প প্রস্তাব, আর্থিক বিবৃতি, আধার কার্ড, প্যান কার্ড, ব্যাঙ্ক অ্যাকাউন্ট",कापणीनंतरचे व्यवस्थापन आणि सामुदायिक शेती मालमत्तेसाठी व्यवहार्य प्रकल्पांमध्ये गुंतवणूक करण्यासाठी मध्यम ते दीर्घकालीन कर्ज वित्तपुरवठा करते.,शेतकरी FPOs PACS कृषी उद्योजक आणि कापणीनंतर व्यवस्थापन पायाभूत सुविधा प्रकल्पांसाठी स्टार्टअप.,प्रकल्प प्रस्ताव आणि आर्थिक कागदपत्रांसह agriinfra.dac.gov.in वर ऑनलाइन अर्ज करा.,"प्रकल्प प्रस्ताव, आर्थिक विवरण, आधार कार्ड, पॅन कार्ड, बँक खाते",લણણી પછીના વ્યવસ્થાપન અને સામુદાયિક ખેતીની અસ્કયામતો માટે સક્ષમ પ્રોજેક્ટ્સમાં રોકાણ માટે મધ્યમથી લાંબા ગાળાના દેવું ધિરાણ પૂરું પાડે છે.,ખેડૂતોના FPOs PACS કૃષિ સાહસિકો અને સ્ટાર્ટઅપ્સ લણણી પછીના મેનેજમેન્ટ ઈન્ફ્રાસ્ટ્રક્ચર પ્રોજેક્ટ્સ માટે.,પ્રોજેક્ટ દરખાસ્ત અને નાણાકીય દસ્તાવેજો સાથે agriinfra.dac.gov.in પર ઑનલાઇન અરજી કરો.,"પ્રોજેક્ટ પ્રસ્તાવ, નાણાકીય નિવેદનો, આધાર કાર્ડ, પાન કાર્ડ, બેંક ખાતું",ಸುಗ್ಗಿಯ ನಂತರದ ನಿರ್ವಹಣೆ ಮತ್ತು ಸಮುದಾಯ ಕೃಷಿ ಆಸ್ತಿಗಳಿಗೆ ಕಾರ್ಯಸಾಧ್ಯವಾದ ಯೋಜನೆಗಳಲ್ಲಿ ಹೂಡಿಕೆಗಾಗಿ ಮಧ್ಯಮ ಮತ್ತು ದೀರ್ಘಾವಧಿಯ ಸಾಲದ ಹಣಕಾಸು ಒದಗಿಸುತ್ತದೆ.,ರೈತರ FPOಗಳು PACS ಕೃಷಿ ಉದ್ಯಮಿಗಳು ಮತ್ತು ಸುಗ್ಗಿಯ ನಂತರದ ನಿರ್ವಹಣೆಯ ಮೂಲಸೌಕರ್ಯ ಯೋಜನೆಗಳಿಗಾಗಿ ಸ್ಟಾರ್ಟಪ್‌ಗಳು.,ಯೋಜನೆಯ ಪ್ರಸ್ತಾವನೆ ಮತ್ತು ಹಣಕಾಸಿನ ದಾಖಲೆಗಳೊಂದಿಗೆ agriinfra.dac.gov.in ನಲ್ಲಿ ಆನ್‌ಲೈನ್‌ನಲ್ಲಿ ಅನ್ವಯಿಸಿ.,"ಯೋಜನೆಯ ಪ್ರಸ್ತಾವನೆ, ಹಣಕಾಸು ಹೇಳಿಕೆಗಳು, ಆಧಾರ್ ಕಾರ್ಡ್, ಪ್ಯಾನ್ ಕಾರ್ಡ್, ಬ್ಯಾಂಕ್ ಖಾತೆ",വിളവെടുപ്പിനു ശേഷമുള്ള പരിപാലനത്തിനും കമ്മ്യൂണിറ്റി ഫാമിംഗ് ആസ്തികൾക്കുമായി പ്രായോഗിക പദ്ധതികളിൽ നിക്ഷേപിക്കുന്നതിന് ഇടത്തരം മുതൽ ദീർഘകാല കടം ധനസഹായം നൽകുന്നു.,വിളവെടുപ്പിനു ശേഷമുള്ള മാനേജ്മെൻ്റ് ഇൻഫ്രാസ്ട്രക്ചർ പ്രോജക്ടുകൾക്കായുള്ള ഫാർമേഴ്സ് എഫ്പിഒകൾ പിഎസിഎസ് അഗ്രി സംരംഭകരും സ്റ്റാർട്ടപ്പുകളും.,പ്രോജക്ട് നിർദ്ദേശങ്ങളും സാമ്പത്തിക രേഖകളും സഹിതം agriinfra.dac.gov.in എന്ന വെബ്സൈറ്റിൽ ഓൺലൈനായി അപേക്ഷിക്കുക.,"പദ്ധതി നിർദ്ദേശം, സാമ്പത്തിക പ്രസ്താവനകൾ, ആധാർ കാർഡ്, പാൻ കാർഡ്, ബാങ്ക് അക്കൗണ്ട്"
13,PM Formalisation of Micro Food Processing Enterprises,Ministry of Food Processing Industries,Agriculture,Provides financial technical and business support to existing micro food processing enterprises to enhance their competitiveness.,Existing micro food processing units individual farmers FPOs and self help groups in food processing.,Apply online at pmfme.mofpi.gov.in with business details and project proposal.,"Business registration, Aadhaar card, bank account, project report",https://pmfme.mofpi.gov.in,"मौजूदा सूक्ष्म खाद्य प्रसंस्करण उद्यमों को उनकी प्रतिस्पर्धात्मकता बढ़ाने के लिए वित्तीय, तकनीकी और व्यावसायिक सहायता प्रदान करता है।","मौजूदा सूक्ष्म खाद्य प्रसंस्करण इकाइयाँ, व्यक्तिगत किसान एफपीओ और खाद्य प्रसंस्करण में स्वयं सहायता समूह।",व्यावसायिक विवरण और परियोजना प्रस्ताव के साथ pmfme.mofpi.gov.in पर ऑनलाइन आवेदन करें।,"व्यवसाय पंजीकरण, आधार कार्ड, बैंक खाता, परियोजना रिपोर्ट",தற்போதுள்ள மைக்ரோ உணவு பதப்படுத்தும் நிறுவனங்களின் போட்டித்தன்மையை மேம்படுத்த நிதி தொழில்நுட்ப மற்றும் வணிக ஆதரவை வழங்குகிறது.,தற்போதுள்ள மைக்ரோ உணவுப் பதப்படுத்தும் அலகுகள் தனிப்பட்ட விவசாயிகளின் FPOக்கள் மற்றும் உணவுப் பதப்படுத்தலில் சுய உதவிக் குழுக்கள்.,வணிக விவரங்கள் மற்றும் திட்ட முன்மொழிவுடன் pmfme.mofpi.gov.in இல் ஆன்லைனில் விண்ணப்பிக்கவும்.,"வணிக பதிவு, ஆதார் அட்டை, வங்கி கணக்கு, திட்ட அறிக்கை",ఇప్పటికే ఉన్న మైక్రో ఫుడ్ ప్రాసెసింగ్ ఎంటర్‌ప్రైజెస్‌ల పోటీతత్వాన్ని పెంపొందించడానికి ఆర్థిక సాంకేతిక మరియు వ్యాపార మద్దతును అందిస్తుంది.,ఇప్పటికే ఉన్న మైక్రో ఫుడ్ ప్రాసెసింగ్ యూనిట్లు వ్యక్తిగత రైతుల FPOలు మరియు ఫుడ్ ప్రాసెసింగ్‌లో స్వయం సహాయక బృందాలు.,వ్యాపార వివరాలు మరియు ప్రాజెక్ట్ ప్రతిపాదనతో pmfme.mofpi.gov.inలో ఆన్‌లైన్‌లో దరఖాస్తు చేసుకోండి.,"వ్యాపార నమోదు, ఆధార్ కార్డు, బ్యాంకు ఖాతా, ప్రాజెక్ట్ నివేదిక",বিদ্যমান মাইক্রো ফুড প্রসেসিং এন্টারপ্রাইজগুলিকে তাদের প্রতিযোগিতা সক্ষমতা বাড়াতে আর্থিক প্রযুক্তিগত এবং ব্যবসায়িক সহায়তা প্রদান করে।,বিদ্যমান মাইক্রো ফুড প্রসেসিং ইউনিট স্বতন্ত্র কৃষক এফপিও এবং খাদ্য প্রক্রিয়াকরণে স্ব-সহায়ক গোষ্ঠী।,ব্যবসার বিবরণ এবং প্রকল্প প্রস্তাব সহ pmfme.mofpi.gov.in-এ অনলাইনে আবেদন করুন।,"ব্যবসা নিবন্ধন, আধার কার্ড, ব্যাঙ্ক অ্যাকাউন্ট, প্রকল্প রিপোর্ট",विद्यमान सूक्ष्म अन्न प्रक्रिया उद्योगांना त्यांची स्पर्धात्मकता वाढविण्यासाठी आर्थिक तांत्रिक आणि व्यावसायिक सहाय्य प्रदान करते.,विद्यमान सूक्ष्म अन्न प्रक्रिया युनिट वैयक्तिक शेतकरी एफपीओ आणि अन्न प्रक्रियेत बचत गट आहेत.,व्यवसाय तपशील आणि प्रकल्प प्रस्तावासह pmfme.mofpi.gov.in वर ऑनलाइन अर्ज करा.,"व्यवसाय नोंदणी, आधार कार्ड, बँक खाते, प्रकल्प अहवाल",હાલના માઇક્રો ફૂડ પ્રોસેસિંગ સાહસોને તેમની સ્પર્ધાત્મકતા વધારવા માટે નાણાકીય તકનીકી અને વ્યવસાયિક સહાય પૂરી પાડે છે.,હાલના માઇક્રો ફૂડ પ્રોસેસિંગ એકમો વ્યક્તિગત ખેડૂતોના FPO અને ફૂડ પ્રોસેસિંગમાં સ્વ-સહાય જૂથો ધરાવે છે.,વ્યવસાયની વિગતો અને પ્રોજેક્ટ દરખાસ્ત સાથે pmfme.mofpi.gov.in પર ઑનલાઇન અરજી કરો.,"વ્યવસાય નોંધણી, આધાર કાર્ડ, બેંક ખાતું, પ્રોજેક્ટ રિપોર્ટ",ಅಸ್ತಿತ್ವದಲ್ಲಿರುವ ಸೂಕ್ಷ್ಮ ಆಹಾರ ಸಂಸ್ಕರಣಾ ಉದ್ಯಮಗಳಿಗೆ ತಮ್ಮ ಸ್ಪರ್ಧಾತ್ಮಕತೆಯನ್ನು ಹೆಚ್ಚಿಸಲು ಹಣಕಾಸಿನ ತಾಂತ್ರಿಕ ಮತ್ತು ವ್ಯಾಪಾರ ಬೆಂಬಲವನ್ನು ಒದಗಿಸುತ್ತದೆ.,ಅಸ್ತಿತ್ವದಲ್ಲಿರುವ ಸೂಕ್ಷ್ಮ ಆಹಾರ ಸಂಸ್ಕರಣಾ ಘಟಕಗಳು ವೈಯಕ್ತಿಕ ರೈತರ ಎಫ್‌ಪಿಒಗಳು ಮತ್ತು ಆಹಾರ ಸಂಸ್ಕರಣೆಯಲ್ಲಿ ಸ್ವಸಹಾಯ ಗುಂಪುಗಳು.,ವ್ಯವಹಾರ ವಿವರಗಳು ಮತ್ತು ಯೋಜನೆಯ ಪ್ರಸ್ತಾವನೆಯೊಂದಿಗೆ pmfme.mofpi.gov.in ನಲ್ಲಿ ಆನ್‌ಲೈನ್‌ನಲ್ಲಿ ಅನ್ವಯಿಸಿ.,"ವ್ಯಾಪಾರ ನೋಂದಣಿ, ಆಧಾರ್ ಕಾರ್ಡ್, ಬ್ಯಾಂಕ್ ಖಾತೆ, ಯೋಜನಾ ವರದಿ",നിലവിലുള്ള മൈക്രോ ഫുഡ് പ്രോസസ്സിംഗ് സംരംഭങ്ങൾക്ക് അവരുടെ മത്സരശേഷി വർദ്ധിപ്പിക്കുന്നതിന് സാമ്പത്തിക സാങ്കേതികവും ബിസിനസ്സ് പിന്തുണയും നൽകുന്നു.,നിലവിലുള്ള മൈക്രോ ഫുഡ് പ്രോസസ്സിംഗ് യൂണിറ്റുകൾ വ്യക്തിഗത കർഷക എഫ്പിഒകളും ഭക്ഷ്യ സംസ്കരണത്തിലെ സ്വയം സഹായ ഗ്രൂപ്പുകളും.,ബിസിനസ് വിശദാംശങ്ങളും പ്രോജക്ട് നിർദ്ദേശങ്ങളും സഹിതം pmfme.mofpi.gov.in ൽ ഓൺലൈനായി അപേക്ഷിക്കുക.,"ബിസിനസ് രജിസ്ട്രേഷൻ, ആധാർ കാർഡ്, ബാങ്ക് അക്കൗണ്ട്, പ്രോജക്ട് റിപ്പോർട്ട്"
14,Beekeeping Development Committee,Ministry of Agriculture and Farmers Welfare,Agriculture,Provides training financial assistance and equipment support to farmers for adopting beekeeping as supplementary income activity.,Any farmer or rural youth interested in beekeeping as livelihood activity.,Contact nearest Krishi Vigyan Kendra or District Horticulture Officer for training and financial assistance.,"Aadhaar card, bank account, land records",https://nbb.gov.in,मधुमक्खी पालन को पूरक आय गतिविधि के रूप में अपनाने के लिए किसानों को प्रशिक्षण वित्तीय सहायता और उपकरण सहायता प्रदान करता है।,आजीविका गतिविधि के रूप में मधुमक्खी पालन में रुचि रखने वाला कोई भी किसान या ग्रामीण युवा।,प्रशिक्षण और वित्तीय सहायता के लिए निकटतम कृषि विज्ञान केंद्र या जिला बागवानी अधिकारी से संपर्क करें।,"आधार कार्ड, बैंक खाता, भूमि रिकॉर्ड",துணை வருமான நடவடிக்கையாக தேனீ வளர்ப்பை ஏற்றுக்கொள்வதற்கான பயிற்சி நிதி உதவி மற்றும் உபகரண ஆதரவை விவசாயிகளுக்கு வழங்குகிறது.,வாழ்வாதார நடவடிக்கையாக தேனீ வளர்ப்பில் ஆர்வமுள்ள எந்த விவசாயி அல்லது கிராமப்புற இளைஞர்கள்.,பயிற்சி மற்றும் நிதி உதவிக்கு அருகில் உள்ள கிருஷி விக்யான் கேந்திரா அல்லது மாவட்ட தோட்டக்கலை அலுவலரை தொடர்பு கொள்ளவும்.,"ஆதார் அட்டை, வங்கி கணக்கு, நில பதிவுகள்",తేనెటీగల పెంపకాన్ని అనుబంధ ఆదాయ కార్యకలాపంగా స్వీకరించడానికి రైతులకు శిక్షణ ఆర్థిక సహాయం మరియు పరికరాల మద్దతును అందిస్తుంది.,జీవనోపాధిగా తేనెటీగల పెంపకంపై ఆసక్తి ఉన్న ఏ రైతు లేదా గ్రామీణ యువత అయినా.,శిక్షణ మరియు ఆర్థిక సహాయం కోసం సమీపంలోని కృషి విజ్ఞాన కేంద్రాన్ని లేదా జిల్లా ఉద్యానవన అధికారిని సంప్రదించండి.,"ఆధార్ కార్డు, బ్యాంకు ఖాతా, భూమి రికార్డులు",সম্পূরক আয়ের কার্যকলাপ হিসাবে মৌমাছি পালনকে গ্রহণ করার জন্য কৃষকদের প্রশিক্ষণ আর্থিক সহায়তা এবং সরঞ্জাম সহায়তা প্রদান করে।,যে কোন কৃষক বা গ্রামীণ যুবক মৌমাছি পালনে আগ্রহী জীবিকা হিসাবে।,প্রশিক্ষণ ও আর্থিক সহায়তার জন্য নিকটস্থ কৃষি বিজ্ঞান কেন্দ্র বা জেলা উদ্যানপালন কর্মকর্তার সাথে যোগাযোগ করুন।,"আধার কার্ড, ব্যাঙ্ক অ্যাকাউন্ট, জমির রেকর্ড",पूरक उत्पन्न क्रियाकलाप म्हणून मधमाशी पालनाचा अवलंब करण्यासाठी शेतकऱ्यांना प्रशिक्षण आर्थिक सहाय्य आणि उपकरणे सहाय्य प्रदान करते.,उपजीविका म्हणून मधमाशीपालनामध्ये स्वारस्य असलेला कोणताही शेतकरी किंवा ग्रामीण युवक.,प्रशिक्षण आणि आर्थिक मदतीसाठी जवळच्या कृषी विज्ञान केंद्राशी किंवा जिल्हा फलोत्पादन अधिकाऱ्यांशी संपर्क साधा.,"आधार कार्ड, बँक खाते, जमिनीच्या नोंदी",પૂરક આવકની પ્રવૃત્તિ તરીકે મધમાખી ઉછેર અપનાવવા માટે ખેડૂતોને તાલીમ નાણાકીય સહાય અને સાધન સહાય પૂરી પાડે છે.,આજીવિકાની પ્રવૃત્તિ તરીકે મધમાખી ઉછેરમાં રસ ધરાવતા કોઈપણ ખેડૂત અથવા ગ્રામીણ યુવાનો.,તાલીમ અને નાણાકીય સહાય માટે નજીકના કૃષિ વિજ્ઞાન કેન્દ્ર અથવા જિલ્લા બાગાયત અધિકારીનો સંપર્ક કરો.,"આધાર કાર્ડ, બેંક એકાઉન્ટ, જમીનનો રેકોર્ડ",ಜೇನುಸಾಕಣೆಯನ್ನು ಪೂರಕ ಆದಾಯ ಚಟುವಟಿಕೆಯಾಗಿ ಅಳವಡಿಸಿಕೊಳ್ಳಲು ರೈತರಿಗೆ ತರಬೇತಿ ಆರ್ಥಿಕ ನೆರವು ಮತ್ತು ಸಲಕರಣೆ ಬೆಂಬಲವನ್ನು ಒದಗಿಸುತ್ತದೆ.,ಯಾವುದೇ ರೈತ ಅಥವಾ ಗ್ರಾಮೀಣ ಯುವಕರು ಜೀವನೋಪಾಯದ ಚಟುವಟಿಕೆಯಾಗಿ ಜೇನುಸಾಕಣೆಯಲ್ಲಿ ಆಸಕ್ತಿ ಹೊಂದಿರುತ್ತಾರೆ.,ತರಬೇತಿ ಮತ್ತು ಆರ್ಥಿಕ ಸಹಾಯಕ್ಕಾಗಿ ಹತ್ತಿರದ ಕೃಷಿ ವಿಜ್ಞಾನ ಕೇಂದ್ರ ಅಥವಾ ಜಿಲ್ಲಾ ತೋಟಗಾರಿಕೆ ಅಧಿಕಾರಿಗಳನ್ನು ಸಂಪರ್ಕಿಸಿ.,"ಆಧಾರ್ ಕಾರ್ಡ್, ಬ್ಯಾಂಕ್ ಖಾತೆ, ಭೂ ದಾಖಲೆಗಳು",തേനീച്ചവളർത്തൽ അനുബന്ധ വരുമാന പ്രവർത്തനമായി സ്വീകരിക്കുന്നതിന് കർഷകർക്ക് പരിശീലന സാമ്പത്തിക സഹായവും ഉപകരണ പിന്തുണയും നൽകുന്നു.,ഉപജീവന പ്രവർത്തനമായി തേനീച്ച വളർത്തലിൽ താൽപ്പര്യമുള്ള ഏതൊരു കർഷകനും ഗ്രാമീണ യുവാക്കളും.,പരിശീലനത്തിനും സാമ്പത്തിക സഹായത്തിനും അടുത്തുള്ള കൃഷി വിജ്ഞാന കേന്ദ്രത്തെയോ ജില്ലാ ഹോർട്ടികൾച്ചർ ഓഫീസറെയോ ബന്ധപ്പെടുക.,"ആധാർ കാർഡ്, ബാങ്ക് അക്കൗണ്ട്, ഭൂമിയുടെ രേഖകൾ"
15,Pradhan Mantri Matsya Sampada Yojana,Ministry of Fisheries Animal Husbandry and Dairying,Agriculture,Provides financial assistance for development of fisheries sector infrastructure fish production and fishermen welfare.,Fishermen fish farmers fish workers and fish vendors engaged in fisheries and aquaculture activities.,Apply through state fisheries department with project proposal and identity documents.,"Aadhaar card, bank account, fishing license, project proposal",https://pmmsy.dof.gov.in,"मत्स्य पालन क्षेत्र के बुनियादी ढांचे, मछली उत्पादन और मछुआरों के कल्याण के विकास के लिए वित्तीय सहायता प्रदान करता है।","मछुआरे, मछली किसान, मछली श्रमिक और मछली विक्रेता, जो मत्स्य पालन और जलीय कृषि गतिविधियों में लगे हुए हैं।",परियोजना प्रस्ताव और पहचान दस्तावेजों के साथ राज्य मत्स्य पालन विभाग के माध्यम से आवेदन करें।,"आधार कार्ड, बैंक खाता, मछली पकड़ने का लाइसेंस, परियोजना प्रस्ताव",மீன்வளத் துறையின் உள்கட்டமைப்பு மீன் உற்பத்தி மற்றும் மீனவர் நலன் மேம்பாட்டிற்கு நிதி உதவி வழங்குகிறது.,மீனவர்கள் மீன் பண்ணையாளர்கள் மீன் தொழிலாளர்கள் மற்றும் மீன் விற்பனையாளர்கள் மீன்பிடி மற்றும் மீன்வளர்ப்பு நடவடிக்கைகளில் ஈடுபட்டுள்ளனர்.,திட்ட முன்மொழிவு மற்றும் அடையாள ஆவணங்களுடன் மாநில மீன்வளத் துறை மூலம் விண்ணப்பிக்கவும்.,"ஆதார் அட்டை, வங்கி கணக்கு, மீன்பிடி உரிமம், திட்ட முன்மொழிவு",మత్స్య రంగ మౌలిక సదుపాయాల అభివృద్ధి చేపల ఉత్పత్తి మరియు మత్స్యకారుల సంక్షేమానికి ఆర్థిక సహాయం అందిస్తుంది.,మత్స్యకారులు చేపల పెంపకందారులు మత్స్య కార్మికులు మరియు చేపల విక్రేతలు మత్స్య మరియు ఆక్వాకల్చర్ కార్యకలాపాలలో నిమగ్నమై ఉన్నారు.,ప్రాజెక్ట్ ప్రతిపాదన మరియు గుర్తింపు పత్రాలతో రాష్ట్ర మత్స్య శాఖ ద్వారా దరఖాస్తు చేసుకోండి.,"ఆధార్ కార్డు, బ్యాంకు ఖాతా, ఫిషింగ్ లైసెన్స్, ప్రాజెక్ట్ ప్రతిపాదన",মৎস্য খাতের অবকাঠামো উন্নয়নে মৎস্য উৎপাদন ও জেলেদের কল্যাণে আর্থিক সহায়তা প্রদান করে।,মৎস্যচাষি মৎস্য চাষি মৎস্য শ্রমিক ও মৎস্য বিক্রেতারা মৎস্য ও মৎস্য চাষে নিয়োজিত।,প্রকল্প প্রস্তাব এবং পরিচয় নথি সহ রাজ্য মৎস্য বিভাগের মাধ্যমে আবেদন করুন।,"আধার কার্ড, ব্যাঙ্ক অ্যাকাউন্ট, মাছ ধরার লাইসেন্স, প্রকল্প প্রস্তাব",मत्स्यव्यवसाय क्षेत्राच्या पायाभूत सुविधांच्या विकासासाठी मासे उत्पादन आणि मच्छिमार कल्याणासाठी आर्थिक सहाय्य प्रदान करते.,मत्स्यपालन आणि मत्स्यपालन कार्यात गुंतलेले मच्छीमार मासे शेतकरी मासे कामगार आणि मासे विक्रेते.,प्रकल्प प्रस्ताव आणि ओळख कागदपत्रांसह राज्य मत्स्य विभागामार्फत अर्ज करा.,"आधार कार्ड, बँक खाते, मासेमारीचा परवाना, प्रकल्प प्रस्ताव",મત્સ્યઉદ્યોગ ક્ષેત્રની માળખાકીય સુવિધાઓ માછલી ઉત્પાદન અને માછીમાર કલ્યાણના વિકાસ માટે નાણાકીય સહાય પૂરી પાડે છે.,માછીમારો માછલી ખેડુતો માછલી કામદારો અને માછલી વિક્રેતાઓ માછીમારી અને જળચરઉછેરની પ્રવૃત્તિઓમાં રોકાયેલા છે.,પ્રોજેક્ટ દરખાસ્ત અને ઓળખ દસ્તાવેજો સાથે રાજ્યના મત્સ્ય વિભાગ દ્વારા અરજી કરો.,"આધાર કાર્ડ, બેંક ખાતું, માછીમારીનું લાઇસન્સ, પ્રોજેક્ટ પ્રસ્તાવ",ಮೀನುಗಾರಿಕೆ ಕ್ಷೇತ್ರದ ಮೂಲಸೌಕರ್ಯ ಅಭಿವೃದ್ಧಿಗೆ ಆರ್ಥಿಕ ನೆರವು ನೀಡುತ್ತದೆ ಮೀನು ಉತ್ಪಾದನೆ ಮತ್ತು ಮೀನುಗಾರರ ಕಲ್ಯಾಣ.,ಮೀನುಗಾರರು ಮೀನು ಕೃಷಿಕರು ಮೀನು ಕಾರ್ಮಿಕರು ಮತ್ತು ಮೀನು ಮಾರಾಟಗಾರರು ಮೀನುಗಾರಿಕೆ ಮತ್ತು ಜಲಕೃಷಿ ಚಟುವಟಿಕೆಗಳಲ್ಲಿ ತೊಡಗಿದ್ದಾರೆ.,ಯೋಜನೆಯ ಪ್ರಸ್ತಾವನೆ ಮತ್ತು ಗುರುತಿನ ದಾಖಲೆಗಳೊಂದಿಗೆ ರಾಜ್ಯ ಮೀನುಗಾರಿಕೆ ಇಲಾಖೆ ಮೂಲಕ ಅರ್ಜಿ ಸಲ್ಲಿಸಿ.,"ಆಧಾರ್ ಕಾರ್ಡ್, ಬ್ಯಾಂಕ್ ಖಾತೆ, ಮೀನುಗಾರಿಕೆ ಪರವಾನಗಿ, ಯೋಜನೆಯ ಪ್ರಸ್ತಾವನೆ",മത്സ്യമേഖലയിലെ അടിസ്ഥാന സൗകര്യ വികസനത്തിനും മത്സ്യോത്പാദനത്തിനും മത്സ്യത്തൊഴിലാളി ക്ഷേമത്തിനും സാമ്പത്തിക സഹായം നൽകുന്നു.,"മത്സ്യത്തൊഴിലാളി മത്സ്യകർഷകർ മത്സ്യത്തൊഴിലാളികളും മത്സ്യബന്ധന, മത്സ്യകൃഷി പ്രവർത്തനങ്ങളിൽ ഏർപ്പെട്ടിരിക്കുന്ന മത്സ്യ വ്യാപാരികളും.",പദ്ധതി നിർദേശവും തിരിച്ചറിയൽ രേഖകളും സഹിതം സംസ്ഥാന ഫിഷറീസ് വകുപ്പ് മുഖേന അപേക്ഷിക്കുക.,"ആധാർ കാർഡ്, ബാങ്ക് അക്കൗണ്ട്, മത്സ്യബന്ധന ലൈസൻസ്, പദ്ധതി നിർദ്ദേശം"
16,Ayushman Bharat PM Jan Arogya Yojana,Ministry of Health and Family Welfare,Health,Provides health insurance coverage of up to Rs 5 lakh per family per year for secondary and tertiary care hospitalization to poor and vulnerable families.,Families identified in SECC database construction workers ASHA workers sanitation workers and other specified categories.,Check eligibility at pmjay.gov.in or call 14555. Visit empanelled hospital with Aadhaar card for cashless treatment.,"Aadhaar card, ration card, PMJAY e-card if already registered",https://pmjay.gov.in,गरीब और कमजोर परिवारों को माध्यमिक और तृतीयक देखभाल अस्पताल में भर्ती के लिए प्रति वर्ष 5 लाख रुपये तक का स्वास्थ्य बीमा कवरेज प्रदान करता है।,"एसईसीसी डेटाबेस में चिन्हित परिवार, निर्माण श्रमिक, आशा कार्यकर्ता, स्वच्छता कार्यकर्ता और अन्य निर्दिष्ट श्रेणियां।",पात्रता की जांच pmjay.gov.in पर करें या 14555 पर कॉल करें। कैशलेस इलाज के लिए आधार कार्ड के साथ पैनल में शामिल अस्पताल में जाएँ।,"आधार कार्ड, राशन कार्ड, PMJAY ई-कार्ड यदि पहले से पंजीकृत है",ஏழை மற்றும் பாதிக்கப்படக்கூடிய குடும்பங்களுக்கு இரண்டாம் நிலை மற்றும் மூன்றாம் நிலை சிகிச்சைக்காக ஒரு குடும்பத்திற்கு ஆண்டுக்கு ரூ. 5 லட்சம் வரையிலான உடல்நலக் காப்பீட்டுத் தொகையை வழங்குகிறது.,SECC தரவுத்தள கட்டுமானத் தொழிலாளர்கள் ஆஷா தொழிலாளர்கள் துப்புரவுத் தொழிலாளர்கள் மற்றும் பிற குறிப்பிட்ட வகைகளில் குடும்பங்கள் அடையாளம் காணப்படுகின்றன.,pmjay.gov.in இல் தகுதியைச் சரிபார்க்கவும் அல்லது 14555 என்ற எண்ணை அழைக்கவும். பணமில்லா சிகிச்சைக்கு ஆதார் அட்டையுடன் எம்பேனல் செய்யப்பட்ட மருத்துவமனைக்குச் செல்லவும்.,"ஏற்கனவே பதிவு செய்திருந்தால் ஆதார் அட்டை, ரேஷன் கார்டு, PMJAY மின் அட்டை",పేద మరియు బలహీన కుటుంబాలకు సెకండరీ మరియు తృతీయ సంరక్షణ ఆసుపత్రిలో చేరడం కోసం ప్రతి కుటుంబానికి సంవత్సరానికి రూ. 5 లక్షల వరకు ఆరోగ్య బీమా కవరేజీని అందిస్తుంది.,SECC డేటాబేస్ నిర్మాణ కార్మికులు ASHA వర్కర్లు పారిశుధ్య కార్మికులు మరియు ఇతర నిర్దిష్ట వర్గాల్లో గుర్తించబడిన కుటుంబాలు.,pmjay.gov.inలో అర్హతను తనిఖీ చేయండి లేదా 14555కు కాల్ చేయండి. నగదు రహిత చికిత్స కోసం ఆధార్ కార్డ్‌తో ఎంప్యానెల్డ్ ఆసుపత్రిని సందర్శించండి.,"ఆధార్ కార్డు, రేషన్ కార్డ్, PMJAY ఇ-కార్డు ఇప్పటికే నమోదు చేయబడితే",দরিদ্র এবং দুর্বল পরিবারগুলিকে মাধ্যমিক এবং তৃতীয় পরিচর্যা হাসপাতালে ভর্তির জন্য প্রতি পরিবার প্রতি বছরে 5 লক্ষ টাকা পর্যন্ত স্বাস্থ্য বীমা কভারেজ প্রদান করে।,SECC ডাটাবেস নির্মাণ শ্রমিক আশা কর্মী স্যানিটেশন কর্মী এবং অন্যান্য নির্দিষ্ট শ্রেণীতে চিহ্নিত পরিবারগুলি৷,pmjay.gov.in-এ যোগ্যতা যাচাই করুন বা 14555 নম্বরে কল করুন। নগদহীন চিকিৎসার জন্য আধার কার্ড সহ তালিকাভুক্ত হাসপাতালে যান।,"আধার কার্ড, রেশন কার্ড, PMJAY ই-কার্ড যদি ইতিমধ্যে নিবন্ধিত থাকে",गरीब आणि असुरक्षित कुटुंबांना दुय्यम आणि तृतीयक काळजी हॉस्पिटलायझेशनसाठी प्रति कुटुंब प्रति वर्ष 5 लाख रुपयांपर्यंतचे आरोग्य विमा संरक्षण प्रदान करते.,SECC डेटाबेस बांधकाम कामगार आशा कामगार स्वच्छता कामगार आणि इतर निर्दिष्ट श्रेणींमध्ये ओळखले जाणारे कुटुंब.,pmjay.gov.in वर पात्रता तपासा किंवा 14555 वर कॉल करा. कॅशलेस उपचारांसाठी आधार कार्डसह पॅनेल केलेल्या हॉस्पिटलला भेट द्या.,"आधार कार्ड, रेशन कार्ड, PMJAY ई-कार्ड आधीच नोंदणीकृत असल्यास",ગરીબ અને નબળા પરિવારોને ગૌણ અને તૃતીય સંભાળ હોસ્પિટલમાં દાખલ થવા માટે પ્રતિ વર્ષ 5 લાખ રૂપિયા સુધીનું આરોગ્ય વીમા કવરેજ પ્રદાન કરે છે.,SECC ડેટાબેઝ બાંધકામ કામદારો આશા વર્કર સેનિટેશન વર્કર અને અન્ય ઉલ્લેખિત કેટેગરીમાં ઓળખાયેલા પરિવારો.,pmjay.gov.in પર યોગ્યતા તપાસો અથવા 14555 પર કૉલ કરો. કેશલેસ સારવાર માટે આધાર કાર્ડ સાથે એમ્પેનલ્ડ હોસ્પિટલની મુલાકાત લો.,"આધાર કાર્ડ, રેશન કાર્ડ, PMJAY ઈ-કાર્ડ જો પહેલાથી જ નોંધાયેલ હોય",ಬಡ ಮತ್ತು ದುರ್ಬಲ ಕುಟುಂಬಗಳಿಗೆ ದ್ವಿತೀಯ ಮತ್ತು ತೃತೀಯ ಆರೈಕೆ ಆಸ್ಪತ್ರೆಗೆ ವರ್ಷಕ್ಕೆ ಪ್ರತಿ ಕುಟುಂಬಕ್ಕೆ ರೂ 5 ಲಕ್ಷದವರೆಗೆ ಆರೋಗ್ಯ ವಿಮಾ ರಕ್ಷಣೆಯನ್ನು ಒದಗಿಸುತ್ತದೆ.,SECC ಡೇಟಾಬೇಸ್ ನಿರ್ಮಾಣ ಕಾರ್ಮಿಕರ ಆಶಾ ಕೆಲಸಗಾರರು ನೈರ್ಮಲ್ಯ ಕಾರ್ಯಕರ್ತರು ಮತ್ತು ಇತರ ನಿರ್ದಿಷ್ಟ ವರ್ಗಗಳಲ್ಲಿ ಗುರುತಿಸಲಾದ ಕುಟುಂಬಗಳು.,pmjay.gov.in ನಲ್ಲಿ ಅರ್ಹತೆಯನ್ನು ಪರಿಶೀಲಿಸಿ ಅಥವಾ 14555 ಗೆ ಕರೆ ಮಾಡಿ. ನಗದು ರಹಿತ ಚಿಕಿತ್ಸೆಗಾಗಿ ಆಧಾರ್ ಕಾರ್ಡ್‌ನೊಂದಿಗೆ ಎಂಪನೆಲ್ಡ್ ಆಸ್ಪತ್ರೆಗೆ ಭೇಟಿ ನೀಡಿ.,"ಈಗಾಗಲೇ ನೋಂದಾಯಿಸಿದ್ದರೆ ಆಧಾರ್ ಕಾರ್ಡ್, ಪಡಿತರ ಚೀಟಿ, PMJAY ಇ-ಕಾರ್ಡ್","ദരിദ്രരും ദുർബലരുമായ കുടുംബങ്ങൾക്ക് സെക്കൻഡറി, ടെർഷ്യറി കെയർ ഹോസ്പിറ്റലൈസേഷനായി ഒരു കുടുംബത്തിന് പ്രതിവർഷം 5 ലക്ഷം രൂപ വരെ ആരോഗ്യ ഇൻഷുറൻസ് പരിരക്ഷ നൽകുന്നു.","SECC ഡാറ്റാബേസ് കൺസ്ട്രക്ഷൻ വർക്കേഴ്‌സ് ആഷാ വർക്കേഴ്‌സ് സാനിറ്റേഷൻ വർക്കേഴ്‌സ്, മറ്റ് നിർദ്ദിഷ്ട വിഭാഗങ്ങൾ എന്നിവയിൽ തിരിച്ചറിഞ്ഞ കുടുംബങ്ങൾ.",pmjay.gov.in-ൽ യോഗ്യത പരിശോധിക്കുക അല്ലെങ്കിൽ 14555 എന്ന നമ്പറിൽ വിളിക്കുക. പണരഹിത ചികിത്സയ്ക്കായി ആധാർ കാർഡുമായി എംപാനൽ ചെയ്ത ആശുപത്രി സന്ദർശിക്കുക.,"ഇതിനകം രജിസ്റ്റർ ചെയ്തിട്ടുണ്ടെങ്കിൽ ആധാർ കാർഡ്, റേഷൻ കാർഡ്, PMJAY ഇ-കാർഡ്"
17,Janani Suraksha Yojana,Ministry of Health and Family Welfare,Health,Promotes institutional delivery among poor pregnant women by providing cash assistance for delivery in government or accredited private health facilities.,Pregnant women from below poverty line families SC and ST categories delivering in government health centres.,Register at nearest government health centre or Anganwadi centre during pregnancy. ASHA worker assists with registration.,"BPL card or ration card, Aadhaar card, bank account details, pregnancy registration certificate",https://nhm.gov.in,सरकारी या मान्यता प्राप्त निजी स्वास्थ्य सुविधाओं में प्रसव के लिए नकद सहायता प्रदान करके गरीब गर्भवती महिलाओं के बीच संस्थागत प्रसव को बढ़ावा देना।,गरीबी रेखा से नीचे अनुसूचित जाति और अनुसूचित जनजाति वर्ग के परिवारों की गर्भवती महिलाएं सरकारी स्वास्थ्य केंद्रों में प्रसव कराती हैं।,गर्भावस्था के दौरान नजदीकी सरकारी स्वास्थ्य केंद्र या आंगनवाड़ी केंद्र पर पंजीकरण कराएं। आशा कार्यकर्ता पंजीकरण में सहायता करती है।,"बीपीएल कार्ड या राशन कार्ड, आधार कार्ड, बैंक खाता विवरण, गर्भावस्था पंजीकरण प्रमाण पत्र",அரசு அல்லது அங்கீகாரம் பெற்ற தனியார் சுகாதார நிலையங்களில் பிரசவத்திற்கு பண உதவி வழங்குவதன் மூலம் ஏழை கர்ப்பிணிப் பெண்களிடையே நிறுவன பிரசவத்தை ஊக்குவிக்கிறது.,வறுமைக் கோட்டிற்கு கீழே உள்ள SC மற்றும் ST பிரிவைச் சேர்ந்த கர்ப்பிணிப் பெண்கள் அரசு சுகாதார நிலையங்களில் பிரசவம் செய்கின்றனர்.,கர்ப்ப காலத்தில் அருகில் உள்ள அரசு சுகாதார நிலையம் அல்லது அங்கன்வாடி மையத்தில் பதிவு செய்யுங்கள். ஆஷா பணியாளர் பதிவுக்கு உதவுகிறார்.,"பிபிஎல் கார்டு அல்லது ரேஷன் கார்டு, ஆதார் அட்டை, வங்கி கணக்கு விவரங்கள், கர்ப்ப பதிவு சான்றிதழ்",ప్రభుత్వ లేదా గుర్తింపు పొందిన ప్రైవేట్ ఆరోగ్య సౌకర్యాలలో డెలివరీ కోసం నగదు సహాయం అందించడం ద్వారా పేద గర్భిణీ స్త్రీలలో సంస్థాగత ప్రసవాన్ని ప్రోత్సహిస్తుంది.,దారిద్య్రరేఖకు దిగువన ఉన్న SC మరియు ST వర్గాలకు చెందిన గర్భిణీ స్త్రీలు ప్రభుత్వ ఆరోగ్య కేంద్రాలలో ప్రసవిస్తున్నారు.,గర్భధారణ సమయంలో సమీపంలోని ప్రభుత్వ ఆరోగ్య కేంద్రం లేదా అంగన్‌వాడీ కేంద్రంలో నమోదు చేసుకోండి. ఆశా వర్కర్ రిజిస్ట్రేషన్‌లో సహాయం చేస్తారు.,"BPL కార్డ్ లేదా రేషన్ కార్డ్, ఆధార్ కార్డ్, బ్యాంక్ ఖాతా వివరాలు, గర్భం నమోదు సర్టిఫికేట్",সরকারি বা স্বীকৃত বেসরকারি স্বাস্থ্য সুবিধায় প্রসবের জন্য নগদ সহায়তা প্রদান করে দরিদ্র গর্ভবতী মহিলাদের মধ্যে প্রাতিষ্ঠানিক প্রসবের প্রচার করে।,দারিদ্র্য সীমার নীচের পরিবার থেকে গর্ভবতী মহিলারা SC এবং ST শ্রেণীর সরকারী স্বাস্থ্য কেন্দ্রগুলিতে প্রসব করান।,গর্ভাবস্থায় নিকটস্থ সরকারি স্বাস্থ্য কেন্দ্র বা অঙ্গনওয়াড়ি কেন্দ্রে নিবন্ধন করুন। আশা কর্মী রেজিস্ট্রেশনে সহায়তা করছেন।,"বিপিএল কার্ড বা রেশন কার্ড, আধার কার্ড, ব্যাঙ্ক অ্যাকাউন্টের বিবরণ, গর্ভাবস্থা নিবন্ধন শংসাপত্র",सरकारी किंवा मान्यताप्राप्त खाजगी आरोग्य सुविधांमध्ये प्रसूतीसाठी रोख मदत देऊन गरीब गर्भवती महिलांमध्ये संस्थात्मक प्रसूतीला प्रोत्साहन देते.,दारिद्र्यरेषेखालील कुटुंबातील SC आणि ST श्रेणीतील गर्भवती महिलांची सरकारी आरोग्य केंद्रात प्रसूती होते.,गरोदरपणात जवळच्या शासकीय आरोग्य केंद्रात किंवा अंगणवाडी केंद्रात नोंदणी करा. आशा कार्यकर्त्या नोंदणीसाठी मदत करतात.,"बीपीएल कार्ड किंवा रेशन कार्ड, आधार कार्ड, बँक खाते तपशील, गर्भधारणा नोंदणी प्रमाणपत्र",સરકારી અથવા અધિકૃત ખાનગી આરોગ્ય સુવિધાઓમાં ડિલિવરી માટે રોકડ સહાય પૂરી પાડીને ગરીબ સગર્ભા સ્ત્રીઓમાં સંસ્થાકીય પ્રસૂતિને પ્રોત્સાહન આપે છે.,ગરીબી રેખા નીચેની સગર્ભા સ્ત્રીઓ SC અને ST કેટેગરીના પરિવારો સરકારી આરોગ્ય કેન્દ્રોમાં પ્રસૂતિ કરાવે છે.,સગર્ભાવસ્થા દરમિયાન નજીકના સરકારી આરોગ્ય કેન્દ્ર અથવા આંગણવાડી કેન્દ્રમાં નોંધણી કરો. ASHA કાર્યકર નોંધણીમાં મદદ કરે છે.,"BPL કાર્ડ અથવા રેશન કાર્ડ, આધાર કાર્ડ, બેંક ખાતાની વિગતો, ગર્ભાવસ્થા નોંધણી પ્રમાણપત્ર",ಸರ್ಕಾರಿ ಅಥವಾ ಮಾನ್ಯತೆ ಪಡೆದ ಖಾಸಗಿ ಆರೋಗ್ಯ ಸೌಲಭ್ಯಗಳಲ್ಲಿ ಹೆರಿಗೆಗೆ ನಗದು ನೆರವು ನೀಡುವ ಮೂಲಕ ಬಡ ಗರ್ಭಿಣಿಯರಲ್ಲಿ ಸಾಂಸ್ಥಿಕ ಹೆರಿಗೆಯನ್ನು ಉತ್ತೇಜಿಸುತ್ತದೆ.,ಬಡತನ ರೇಖೆಗಿಂತ ಕೆಳಗಿರುವ ಕುಟುಂಬಗಳ SC ಮತ್ತು ST ವರ್ಗಗಳ ಗರ್ಭಿಣಿಯರು ಸರ್ಕಾರಿ ಆರೋಗ್ಯ ಕೇಂದ್ರಗಳಲ್ಲಿ ಹೆರಿಗೆ ಮಾಡುತ್ತಾರೆ.,ಗರ್ಭಾವಸ್ಥೆಯಲ್ಲಿ ಹತ್ತಿರದ ಸರ್ಕಾರಿ ಆರೋಗ್ಯ ಕೇಂದ್ರ ಅಥವಾ ಅಂಗನವಾಡಿ ಕೇಂದ್ರದಲ್ಲಿ ನೋಂದಾಯಿಸಿ. ಆಶಾ ಕಾರ್ಯಕರ್ತೆ ನೋಂದಣಿಗೆ ಸಹಾಯ ಮಾಡುತ್ತಾರೆ.,"ಬಿಪಿಎಲ್ ಕಾರ್ಡ್ ಅಥವಾ ಪಡಿತರ ಚೀಟಿ, ಆಧಾರ್ ಕಾರ್ಡ್, ಬ್ಯಾಂಕ್ ಖಾತೆ ವಿವರಗಳು, ಗರ್ಭಧಾರಣೆ ನೋಂದಣಿ ಪ್ರಮಾಣಪತ್ರ",ഗവൺമെൻ്റ് അല്ലെങ്കിൽ അംഗീകൃത സ്വകാര്യ ആരോഗ്യ കേന്ദ്രങ്ങളിൽ ഡെലിവറിക്ക് പണം നൽകിക്കൊണ്ട് പാവപ്പെട്ട ഗർഭിണികൾക്കിടയിൽ സ്ഥാപനപരമായ പ്രസവം പ്രോത്സാഹിപ്പിക്കുന്നു.,"സർക്കാർ ആരോഗ്യ കേന്ദ്രങ്ങളിൽ പ്രസവിക്കുന്ന ദാരിദ്ര്യരേഖയ്ക്ക് താഴെയുള്ള എസ്സി, എസ്ടി വിഭാഗങ്ങളിലെ ഗർഭിണികൾ.",ഗർഭകാലത്ത് അടുത്തുള്ള സർക്കാർ ആരോഗ്യ കേന്ദ്രത്തിലോ അംഗൻവാടിയിലോ രജിസ്റ്റർ ചെയ്യുക. രജിസ്ട്രേഷനിൽ ആശാ വർക്കർ സഹായിക്കുന്നു.,"ബിപിഎൽ കാർഡ് അല്ലെങ്കിൽ റേഷൻ കാർഡ്, ആധാർ കാർഡ്, ബാങ്ക് അക്കൗണ്ട് വിശദാംശങ്ങൾ, ഗർഭകാല രജിസ്ട്രേഷൻ സർട്ടിഫിക്കറ്റ്"
18,Pradhan Mantri Surakshit Matritva Abhiyan,Ministry of Health and Family Welfare,Health,Provides fixed day assured comprehensive antenatal care to pregnant women on the 9th of every month at government health facilities.,All pregnant women in their second or third trimester of pregnancy.,Visit nearest government health facility on 9th of every month for free antenatal checkup.,"Pregnancy registration card, Aadhaar card",https://pmsma.nhp.gov.in,हर महीने की 9 तारीख को सरकारी स्वास्थ्य सुविधाओं पर गर्भवती महिलाओं को निश्चित दिन पर व्यापक प्रसवपूर्व देखभाल प्रदान की जाती है।,सभी गर्भवती महिलाएं गर्भावस्था की दूसरी या तीसरी तिमाही में।,निःशुल्क प्रसवपूर्व जांच के लिए हर महीने की 9 तारीख को निकटतम सरकारी स्वास्थ्य सुविधा पर जाएँ।,"गर्भावस्था पंजीकरण कार्ड, आधार कार्ड",அரசு சுகாதார நிலையங்களில் ஒவ்வொரு மாதமும் 9 ஆம் தேதி கர்ப்பிணிப் பெண்களுக்கு ஒரு நாள் உறுதி செய்யப்பட்ட விரிவான பிரசவத்திற்கு முந்தைய பராமரிப்பு வழங்குகிறது.,கர்ப்பத்தின் இரண்டாவது அல்லது மூன்றாவது மூன்று மாதங்களில் அனைத்து கர்ப்பிணிப் பெண்களும்.,ஒவ்வொரு மாதமும் 9 ஆம் தேதியன்று அருகிலுள்ள அரசு சுகாதார நிலையத்திற்குச் சென்று பிரசவத்திற்கு முந்தைய பரிசோதனை இலவசம்.,"கர்ப்ப பதிவு அட்டை, ஆதார் அட்டை",ప్రభుత్వ ఆరోగ్య కేంద్రాలలో ప్రతి నెల 9వ తేదీన గర్భిణీ స్త్రీలకు నిర్ణీత రోజు హామీతో కూడిన సమగ్ర ప్రసూతి సంరక్షణను అందిస్తుంది.,గర్భం యొక్క రెండవ లేదా మూడవ త్రైమాసికంలో ఉన్న అన్ని గర్భిణీ స్త్రీలు.,ఉచిత ప్రసవ పరీక్ష కోసం ప్రతి నెల 9వ తేదీన సమీపంలోని ప్రభుత్వ ఆరోగ్య కేంద్రాన్ని సందర్శించండి.,"ప్రెగ్నెన్సీ రిజిస్ట్రేషన్ కార్డ్, ఆధార్ కార్డ్",সরকারী স্বাস্থ্য সুবিধাগুলিতে প্রতি মাসের 9 তারিখে গর্ভবতী মহিলাদের নির্দিষ্ট দিনের নিশ্চিত ব্যাপক প্রসবপূর্ব যত্ন প্রদান করে।,গর্ভাবস্থার দ্বিতীয় বা তৃতীয় ত্রৈমাসিকে সমস্ত গর্ভবতী মহিলা।,বিনামূল্যে প্রসবপূর্ব চেকআপের জন্য প্রতি মাসের 9 তারিখে নিকটস্থ সরকারি স্বাস্থ্য কেন্দ্রে যান।,"প্রেগন্যান্সি রেজিস্ট্রেশন কার্ড, আধার কার্ড",सरकारी आरोग्य सुविधांमध्ये दर महिन्याच्या 9 तारखेला गर्भवती महिलांना निश्चित दिवसाची खात्रीपूर्वक सर्वसमावेशक प्रसूतीपूर्व काळजी प्रदान करते.,गरोदरपणाच्या दुस-या किंवा तिसऱ्या तिमाहीत सर्व गर्भवती महिला.,मोफत प्रसूतीपूर्व तपासणीसाठी दर महिन्याच्या ९ तारखेला जवळच्या सरकारी आरोग्य सुविधेला भेट द्या.,"गर्भधारणा नोंदणी कार्ड, आधार कार्ड",સરકારી આરોગ્ય સુવિધાઓમાં દર મહિનાની 9 તારીખે સગર્ભા સ્ત્રીઓને નિશ્ચિત દિવસની ખાતરીપૂર્વકની વ્યાપક પ્રસૂતિ પૂર્વ સંભાળ પૂરી પાડે છે.,ગર્ભાવસ્થાના બીજા કે ત્રીજા ત્રિમાસિકમાં બધી સગર્ભા સ્ત્રીઓ.,મફત પ્રસૂતિ પહેલાની તપાસ માટે દર મહિનાની 9 તારીખે નજીકની સરકારી આરોગ્ય સુવિધાની મુલાકાત લો.,"ગર્ભાવસ્થા નોંધણી કાર્ડ, આધાર કાર્ડ",ಸರ್ಕಾರಿ ಆರೋಗ್ಯ ಸೌಲಭ್ಯಗಳಲ್ಲಿ ಪ್ರತಿ ತಿಂಗಳ 9 ರಂದು ಗರ್ಭಿಣಿ ಮಹಿಳೆಯರಿಗೆ ನಿಗದಿತ ದಿನದ ಖಚಿತವಾದ ಸಮಗ್ರ ಪ್ರಸವಪೂರ್ವ ಆರೈಕೆಯನ್ನು ಒದಗಿಸುತ್ತದೆ.,ಗರ್ಭಧಾರಣೆಯ ಎರಡನೇ ಅಥವಾ ಮೂರನೇ ತ್ರೈಮಾಸಿಕದಲ್ಲಿ ಎಲ್ಲಾ ಗರ್ಭಿಣಿಯರು.,ಉಚಿತ ಪ್ರಸವಪೂರ್ವ ತಪಾಸಣೆಗಾಗಿ ಪ್ರತಿ ತಿಂಗಳ 9 ರಂದು ಹತ್ತಿರದ ಸರ್ಕಾರಿ ಆರೋಗ್ಯ ಕೇಂದ್ರಕ್ಕೆ ಭೇಟಿ ನೀಡಿ.,"ಗರ್ಭಧಾರಣೆಯ ನೋಂದಣಿ ಕಾರ್ಡ್, ಆಧಾರ್ ಕಾರ್ಡ್",സർക്കാർ ആരോഗ്യ കേന്ദ്രങ്ങളിൽ എല്ലാ മാസവും 9-ന് ഗർഭിണികൾക്ക് നിശ്ചിത ദിവസം ഉറപ്പുനൽകിയ സമഗ്രമായ ഗർഭകാല പരിചരണം നൽകുന്നു.,ഗർഭാവസ്ഥയുടെ രണ്ടാമത്തെ അല്ലെങ്കിൽ മൂന്നാമത്തെ ത്രിമാസത്തിലെ എല്ലാ ഗർഭിണികളും.,സൗജന്യ ഗർഭകാല പരിശോധനയ്ക്കായി എല്ലാ മാസവും 9-ന് അടുത്തുള്ള സർക്കാർ ആരോഗ്യ കേന്ദ്രം സന്ദർശിക്കുക.,"ഗർഭകാല രജിസ്ട്രേഷൻ കാർഡ്, ആധാർ കാർഡ്"
19,Pradhan Mantri Suraksha Bima Yojana,Ministry of Finance,Health,Provides accidental death and disability insurance cover of Rs 2 lakh at a premium of just Rs 20 per year to bank account holders.,Bank account holders between 18 and 70 years of age with Aadhaar linked to bank account.,Apply at your bank branch or through internet banking or mobile banking app to enroll in the scheme.,"Aadhaar card, bank account details, mobile number",https://www.jansuraksha.gov.in,बैंक खाताधारकों को प्रति वर्ष केवल 20 रुपये के प्रीमियम पर 2 लाख रुपये का आकस्मिक मृत्यु और विकलांगता बीमा कवर प्रदान करता है।,18 से 70 वर्ष की आयु के बैंक खाताधारक जिनका आधार बैंक खाते से जुड़ा हुआ है।,योजना में नामांकन के लिए अपनी बैंक शाखा में या इंटरनेट बैंकिंग या मोबाइल बैंकिंग ऐप के माध्यम से आवेदन करें।,"आधार कार्ड, बैंक खाता विवरण, मोबाइल नंबर",வங்கிக் கணக்கு வைத்திருப்பவர்களுக்கு வருடத்திற்கு வெறும் 20 ரூபாய் பிரீமியத்தில் விபத்து மரணம் மற்றும் ஊனமுற்றோர் காப்பீட்டுத் தொகையை 2 லட்ச ரூபாய் வழங்குகிறது.,"18 முதல் 70 வயது வரை உள்ள வங்கிக் கணக்கு வைத்திருப்பவர்கள், வங்கிக் கணக்குடன் ஆதார் இணைக்கப்பட்டுள்ளனர்.",திட்டத்தில் சேர உங்கள் வங்கி கிளையில் அல்லது இணைய வங்கி அல்லது மொபைல் பேங்கிங் ஆப் மூலம் விண்ணப்பிக்கவும்.,"ஆதார் அட்டை, வங்கி கணக்கு விவரங்கள், மொபைல் எண்",బ్యాంకు ఖాతాదారులకు సంవత్సరానికి కేవలం రూ. 20 ప్రీమియంతో రూ.2 లక్షల ప్రమాద మరణం మరియు వైకల్య బీమా రక్షణను అందిస్తుంది.,18 మరియు 70 సంవత్సరాల మధ్య వయస్సు ఉన్న బ్యాంక్ ఖాతాదారులు ఆధార్‌తో బ్యాంక్ ఖాతాకు లింక్ చేయబడతారు.,పథకంలో నమోదు చేసుకోవడానికి మీ బ్యాంక్ బ్రాంచ్‌లో లేదా ఇంటర్నెట్ బ్యాంకింగ్ లేదా మొబైల్ బ్యాంకింగ్ యాప్ ద్వారా దరఖాస్తు చేసుకోండి.,"ఆధార్ కార్డు, బ్యాంకు ఖాతా వివరాలు, మొబైల్ నంబర్",ব্যাঙ্ক অ্যাকাউন্টধারীদের প্রতি বছরে মাত্র 20 টাকার প্রিমিয়ামে 2 লক্ষ টাকার দুর্ঘটনাজনিত মৃত্যু এবং অক্ষমতা বীমা কভার প্রদান করে৷,ব্যাঙ্ক অ্যাকাউন্টের সাথে আধার লিঙ্কযুক্ত ব্যাঙ্ক অ্যাকাউন্টধারীদের বয়স 18 থেকে 70 বছরের মধ্যে।,স্কিমে নথিভুক্ত করতে আপনার ব্যাঙ্ক শাখায় বা ইন্টারনেট ব্যাঙ্কিং বা মোবাইল ব্যাঙ্কিং অ্যাপের মাধ্যমে আবেদন করুন।,"আধার কার্ড, ব্যাঙ্ক অ্যাকাউন্টের বিবরণ, মোবাইল নম্বর",बँक खातेधारकांना दरवर्षी केवळ 20 रुपयांच्या प्रीमियमवर 2 लाख रुपयांचे अपघाती मृत्यू आणि अपंगत्व विमा संरक्षण प्रदान करते.,18 ते 70 वर्षे वयोगटातील बँक खातेधारक ज्यांचे बँक खात्याशी आधार लिंक आहे.,योजनेत नावनोंदणी करण्यासाठी तुमच्या बँकेच्या शाखेत किंवा इंटरनेट बँकिंग किंवा मोबाईल बँकिंग ॲपद्वारे अर्ज करा.,"आधार कार्ड, बँक खाते तपशील, मोबाईल क्रमांक",બેંક ખાતા ધારકોને દર વર્ષે માત્ર રૂ. 20ના પ્રીમિયમ પર રૂ. 2 લાખનું અકસ્માત મૃત્યુ અને અપંગતા વીમા કવર પૂરું પાડે છે.,18 થી 70 વર્ષની વચ્ચેના બેંક ખાતા ધારકો આધાર સાથે બેંક ખાતા સાથે જોડાયેલા છે.,યોજનામાં નોંધણી કરવા માટે તમારી બેંક શાખામાં અથવા ઇન્ટરનેટ બેંકિંગ અથવા મોબાઇલ બેંકિંગ એપ્લિકેશન દ્વારા અરજી કરો.,"આધાર કાર્ડ, બેંક ખાતાની વિગતો, મોબાઈલ નંબર",ಬ್ಯಾಂಕ್ ಖಾತೆದಾರರಿಗೆ ವರ್ಷಕ್ಕೆ ಕೇವಲ 20 ರೂ ಪ್ರೀಮಿಯಂನಲ್ಲಿ 2 ಲಕ್ಷ ರೂ.ಗಳ ಅಪಘಾತ ಮರಣ ಮತ್ತು ಅಂಗವೈಕಲ್ಯ ವಿಮಾ ರಕ್ಷಣೆಯನ್ನು ಒದಗಿಸುತ್ತದೆ.,18 ರಿಂದ 70 ವರ್ಷದೊಳಗಿನ ಬ್ಯಾಂಕ್ ಖಾತೆದಾರರು ಆಧಾರ್ ಅನ್ನು ಬ್ಯಾಂಕ್ ಖಾತೆಗೆ ಲಿಂಕ್ ಮಾಡಲಾಗಿದೆ.,ಯೋಜನೆಯಲ್ಲಿ ನೋಂದಾಯಿಸಲು ನಿಮ್ಮ ಬ್ಯಾಂಕ್ ಶಾಖೆಯಲ್ಲಿ ಅಥವಾ ಇಂಟರ್ನೆಟ್ ಬ್ಯಾಂಕಿಂಗ್ ಅಥವಾ ಮೊಬೈಲ್ ಬ್ಯಾಂಕಿಂಗ್ ಅಪ್ಲಿಕೇಶನ್ ಮೂಲಕ ಅನ್ವಯಿಸಿ.,"ಆಧಾರ್ ಕಾರ್ಡ್, ಬ್ಯಾಂಕ್ ಖಾತೆ ವಿವರಗಳು, ಮೊಬೈಲ್ ಸಂಖ್ಯೆ",ബാങ്ക് അക്കൗണ്ട് ഉടമകൾക്ക് പ്രതിവർഷം വെറും 20 രൂപ പ്രീമിയത്തിൽ 2 ലക്ഷം രൂപയുടെ അപകട മരണവും വൈകല്യവും ഇൻഷുറൻസ് പരിരക്ഷ നൽകുന്നു.,ബാങ്ക് അക്കൗണ്ടുമായി ആധാർ ബന്ധിപ്പിച്ചിട്ടുള്ള 18 നും 70 നും ഇടയിൽ പ്രായമുള്ള ബാങ്ക് അക്കൗണ്ട് ഉടമകൾ.,സ്‌കീമിൽ എൻറോൾ ചെയ്യുന്നതിന് നിങ്ങളുടെ ബാങ്ക് ശാഖയിൽ അല്ലെങ്കിൽ ഇൻ്റർനെറ്റ് ബാങ്കിംഗ് അല്ലെങ്കിൽ മൊബൈൽ ബാങ്കിംഗ് ആപ്പ് വഴി അപേക്ഷിക്കുക.,"ആധാർ കാർഡ്, ബാങ്ക് അക്കൗണ്ട് വിശദാംശങ്ങൾ, മൊബൈൽ നമ്പർ"
20,National Health Mission,Ministry of Health and Family Welfare,Health,Provides accessible affordable and quality healthcare to rural and urban population especially vulnerable groups including women children and elderly.,All citizens especially those in rural areas urban slums and vulnerable communities.,Access services at nearest Primary Health Centre Community Health Centre or District Hospital.,"Identity proof, address proof",https://nhm.gov.in,"ग्रामीण और शहरी आबादी, विशेषकर महिलाओं, बच्चों और बुजुर्गों सहित कमजोर समूहों को सुलभ, किफायती और गुणवत्तापूर्ण स्वास्थ्य देखभाल प्रदान करता है।","सभी नागरिक, विशेष रूप से ग्रामीण क्षेत्रों, शहरी मलिन बस्तियों और कमजोर समुदायों के लोग।",निकटतम प्राथमिक स्वास्थ्य केंद्र सामुदायिक स्वास्थ्य केंद्र या जिला अस्पताल में पहुंच सेवाएं।,"पहचान प्रमाण, पता प्रमाण",கிராமப்புற மற்றும் நகர்ப்புற மக்களுக்கு குறிப்பாக பெண்கள் குழந்தைகள் மற்றும் முதியவர்கள் உட்பட பாதிக்கப்படக்கூடிய குழுக்களுக்கு அணுகக்கூடிய மலிவு மற்றும் தரமான சுகாதாரத்தை வழங்குகிறது.,அனைத்து குடிமக்களும் குறிப்பாக கிராமப்புறங்களில் உள்ள நகர்ப்புற குடிசைகள் மற்றும் பாதிக்கப்படக்கூடிய சமூகங்களில் உள்ளவர்கள்.,அருகிலுள்ள ஆரம்ப சுகாதார நிலைய சமூக சுகாதார நிலையம் அல்லது மாவட்ட மருத்துவமனையில் சேவைகளை அணுகவும்.,"அடையாளச் சான்று, முகவரிச் சான்று",గ్రామీణ మరియు పట్టణ జనాభాకు ముఖ్యంగా మహిళలు పిల్లలు మరియు వృద్ధులతో సహా బలహీన వర్గాలకు అందుబాటులో ఉండే సరసమైన మరియు నాణ్యమైన ఆరోగ్య సంరక్షణను అందిస్తుంది.,పౌరులందరూ ముఖ్యంగా గ్రామీణ ప్రాంతాల్లోని పట్టణ మురికివాడలు మరియు దుర్బల వర్గాల వారు.,సమీపంలోని ప్రాథమిక ఆరోగ్య కేంద్రం కమ్యూనిటీ హెల్త్ సెంటర్ లేదా జిల్లా ఆసుపత్రిలో సేవలను యాక్సెస్ చేయండి.,"గుర్తింపు రుజువు, చిరునామా రుజువు",গ্রামীণ এবং শহুরে জনসংখ্যা বিশেষ করে মহিলা শিশু এবং বয়স্কদের সহ দুর্বল গোষ্ঠীগুলিকে অ্যাক্সেসযোগ্য সাশ্রয়ী মূল্যের এবং মানসম্পন্ন স্বাস্থ্যসেবা প্রদান করে।,সকল নাগরিক বিশেষ করে যারা গ্রামীণ এলাকার শহুরে বস্তি এবং ঝুঁকিপূর্ণ সম্প্রদায়ের।,নিকটস্থ প্রাথমিক স্বাস্থ্য কেন্দ্র কমিউনিটি হেলথ সেন্টার বা জেলা হাসপাতালে পরিষেবাগুলি অ্যাক্সেস করুন।,"পরিচয় প্রমাণ, ঠিকানা প্রমাণ",ग्रामीण आणि शहरी लोकसंख्येला विशेषत: महिला मुले आणि वृद्धांसह असुरक्षित गटांना प्रवेशयोग्य आणि दर्जेदार आरोग्य सेवा प्रदान करते.,सर्व नागरिक विशेषतः ग्रामीण भागातील शहरी झोपडपट्ट्या आणि असुरक्षित समुदाय.,जवळच्या प्राथमिक आरोग्य केंद्र सामुदायिक आरोग्य केंद्र किंवा जिल्हा रुग्णालयात सेवा मिळवा.,"ओळखीचा पुरावा, पत्ता पुरावा",ગ્રામીણ અને શહેરી વસ્તી ખાસ કરીને સ્ત્રીઓ બાળકો અને વૃદ્ધો સહિત સંવેદનશીલ જૂથોને સુલભ સસ્તું અને ગુણવત્તાયુક્ત આરોગ્યસંભાળ પૂરી પાડે છે.,તમામ નાગરિકો ખાસ કરીને ગ્રામીણ વિસ્તારો શહેરી ઝૂંપડપટ્ટીઓ અને સંવેદનશીલ સમુદાયોમાં રહે છે.,નજીકના પ્રાથમિક આરોગ્ય કેન્દ્ર સામુદાયિક આરોગ્ય કેન્દ્ર અથવા જિલ્લા હોસ્પિટલમાં સેવાઓ ઍક્સેસ કરો.,"ઓળખનો પુરાવો, સરનામાનો પુરાવો",ಗ್ರಾಮೀಣ ಮತ್ತು ನಗರ ಜನಸಂಖ್ಯೆಗೆ ವಿಶೇಷವಾಗಿ ಮಹಿಳೆಯರು ಮಕ್ಕಳು ಮತ್ತು ವೃದ್ಧರು ಸೇರಿದಂತೆ ದುರ್ಬಲ ಗುಂಪುಗಳಿಗೆ ಕೈಗೆಟುಕುವ ಮತ್ತು ಗುಣಮಟ್ಟದ ಆರೋಗ್ಯ ಸೇವೆಯನ್ನು ಒದಗಿಸುತ್ತದೆ.,ಎಲ್ಲಾ ನಾಗರಿಕರು ವಿಶೇಷವಾಗಿ ಗ್ರಾಮೀಣ ಪ್ರದೇಶಗಳಲ್ಲಿ ನಗರ ಕೊಳೆಗೇರಿಗಳು ಮತ್ತು ದುರ್ಬಲ ಸಮುದಾಯಗಳು.,ಹತ್ತಿರದ ಪ್ರಾಥಮಿಕ ಆರೋಗ್ಯ ಕೇಂದ್ರದ ಸಮುದಾಯ ಆರೋಗ್ಯ ಕೇಂದ್ರ ಅಥವಾ ಜಿಲ್ಲಾ ಆಸ್ಪತ್ರೆಯಲ್ಲಿ ಸೇವೆಗಳನ್ನು ಪ್ರವೇಶಿಸಿ.,"ಗುರುತಿನ ಪುರಾವೆ, ವಿಳಾಸ ಪುರಾವೆ","ഗ്രാമീണ, നഗരങ്ങളിലെ ജനങ്ങൾക്ക്, പ്രത്യേകിച്ച് സ്ത്രീ കുട്ടികളും പ്രായമായവരും ഉൾപ്പെടെയുള്ള ദുർബല വിഭാഗങ്ങൾക്ക് താങ്ങാനാവുന്നതും ഗുണനിലവാരമുള്ളതുമായ ആരോഗ്യ പരിരക്ഷ നൽകുന്നു.",എല്ലാ പൗരന്മാരും പ്രത്യേകിച്ച് ഗ്രാമപ്രദേശങ്ങളിലെ നഗര ചേരികളിലും ദുർബലരായ സമൂഹങ്ങളിലും ഉള്ളവർ.,അടുത്തുള്ള പ്രൈമറി ഹെൽത്ത് സെൻ്റർ കമ്മ്യൂണിറ്റി ഹെൽത്ത് സെൻ്ററിലോ ജില്ലാ ആശുപത്രിയിലോ സേവനങ്ങൾ ആക്സസ് ചെയ്യുക.,"ഐഡൻ്റിറ്റി പ്രൂഫ്, അഡ്രസ് പ്രൂഫ്"
21,Rashtriya Bal Swasthya Karyakram,Ministry of Health and Family Welfare,Health,Provides health screening and early intervention services for children from birth to 18 years for 4Ds — defects at birth diseases deficiencies and developmental delays.,All children from birth to 18 years studying in government and government aided schools and anganwadi centres.,Automatic screening through mobile health teams visiting schools and anganwadi centres. No separate application needed.,"Birth certificate, school enrollment",https://nhm.gov.in/index1.php?lang=1&level=2&sublinkid=1228&lid=655,जन्म से लेकर 18 वर्ष तक के बच्चों के लिए 4डी - जन्म के समय होने वाली बीमारियों की कमी और विकास संबंधी देरी के लिए स्वास्थ्य जांच और प्रारंभिक हस्तक्षेप सेवाएं प्रदान करता है।,जन्म से 18 वर्ष तक के सभी बच्चे सरकारी और सरकारी सहायता प्राप्त स्कूलों और आंगनवाड़ी केंद्रों में पढ़ रहे हैं।,स्कूलों और आंगनवाड़ी केंद्रों पर जाने वाली मोबाइल स्वास्थ्य टीमों के माध्यम से स्वचालित स्क्रीनिंग। अलग से आवेदन की जरूरत नहीं.,"जन्म प्रमाण पत्र, स्कूल नामांकन",பிறப்பு முதல் 18 வயது வரையிலான குழந்தைகளுக்கான உடல்நலப் பரிசோதனை மற்றும் ஆரம்பகால தலையீட்டு சேவைகளை 4D களுக்கு வழங்குகிறது - பிறப்பு நோய்கள் குறைபாடுகள் மற்றும் வளர்ச்சி தாமதங்கள்.,பிறப்பு முதல் 18 வயது வரை உள்ள அனைத்துக் குழந்தைகளும் அரசு மற்றும் அரசு உதவி பெறும் பள்ளிகள் மற்றும் அங்கன்வாடி மையங்களில் படிக்கின்றனர்.,பள்ளிகள் மற்றும் அங்கன்வாடி மையங்களுக்குச் செல்லும் நடமாடும் சுகாதாரக் குழுக்கள் மூலம் தானியங்கி பரிசோதனை. தனி விண்ணப்பம் தேவையில்லை.,"பிறப்புச் சான்றிதழ், பள்ளியில் சேர்க்கை",4Dల కోసం పుట్టిన నుండి 18 సంవత్సరాల పిల్లలకు ఆరోగ్య పరీక్షలు మరియు ముందస్తు జోక్య సేవలను అందిస్తుంది - పుట్టుకతో వచ్చే వ్యాధులు లోపాలు మరియు అభివృద్ధి ఆలస్యం.,"పుట్టినప్పటి నుంచి 18 ఏళ్లలోపు పిల్లలందరూ ప్రభుత్వ, ప్రభుత్వ ఎయిడెడ్ పాఠశాలలు, అంగన్‌వాడీ కేంద్రాల్లో చదువుతున్నారు.",పాఠశాలలు మరియు అంగన్‌వాడీ కేంద్రాలను సందర్శించే మొబైల్ ఆరోగ్య బృందాల ద్వారా ఆటోమేటిక్ స్క్రీనింగ్. ప్రత్యేక అప్లికేషన్ అవసరం లేదు.,"జనన ధృవీకరణ పత్రం, పాఠశాల నమోదు",4D-র জন্য জন্ম থেকে 18 বছর বয়সী শিশুদের জন্য স্বাস্থ্য স্ক্রীনিং এবং প্রাথমিক হস্তক্ষেপ পরিষেবা প্রদান করে — জন্মগত রোগের ঘাটতি এবং বিকাশগত বিলম্বের ত্রুটি।,জন্ম থেকে 18 বছর পর্যন্ত সমস্ত শিশু সরকারী এবং সরকারী সাহায্যপ্রাপ্ত স্কুল এবং অঙ্গনওয়াড়ি কেন্দ্রে অধ্যয়ন করে।,স্কুল এবং অঙ্গনওয়াড়ি কেন্দ্র পরিদর্শন করে মোবাইল হেলথ টিমের মাধ্যমে স্বয়ংক্রিয় স্ক্রিনিং। আলাদা আবেদনের প্রয়োজন নেই।,"জন্ম শংসাপত্র, স্কুল ভর্তি",जन्मापासून ते 18 वर्षे वयोगटातील मुलांसाठी 4D साठी आरोग्य तपासणी आणि लवकर हस्तक्षेप सेवा प्रदान करते - जन्मजात रोगांमधील दोष आणि विकासात्मक विलंब.,जन्मापासून ते 18 वर्षे वयोगटातील सर्व मुले सरकारी आणि सरकारी अनुदानित शाळा आणि अंगणवाडी केंद्रांमध्ये शिकत आहेत.,शाळा आणि अंगणवाडी केंद्रांना भेट देऊन फिरत्या आरोग्य पथकांद्वारे स्वयंचलित तपासणी. वेगळ्या अर्जाची गरज नाही.,"जन्म दाखला, शाळा नोंदणी",જન્મથી 18 વર્ષ સુધીના બાળકો માટે 4D માટે આરોગ્ય તપાસ અને પ્રારંભિક હસ્તક્ષેપ સેવાઓ પૂરી પાડે છે - જન્મના રોગોની ખામીઓ અને વિકાસમાં વિલંબ.,જન્મથી 18 વર્ષ સુધીના તમામ બાળકો સરકારી અને સરકારી સહાયિત શાળાઓ અને આંગણવાડી કેન્દ્રોમાં અભ્યાસ કરે છે.,શાળાઓ અને આંગણવાડી કેન્દ્રોની મુલાકાત લેતી મોબાઇલ આરોગ્ય ટીમો દ્વારા સ્વચાલિત તપાસ. કોઈ અલગ એપ્લિકેશનની જરૂર નથી.,"જન્મ પ્રમાણપત્ર, શાળા નોંધણી",4D ಗಾಗಿ ಹುಟ್ಟಿನಿಂದ 18 ವರ್ಷಗಳವರೆಗಿನ ಮಕ್ಕಳಿಗೆ ಆರೋಗ್ಯ ತಪಾಸಣೆ ಮತ್ತು ಆರಂಭಿಕ ಹಸ್ತಕ್ಷೇಪ ಸೇವೆಗಳನ್ನು ಒದಗಿಸುತ್ತದೆ - ಜನ್ಮ ರೋಗಗಳ ಕೊರತೆಗಳು ಮತ್ತು ಬೆಳವಣಿಗೆಯ ವಿಳಂಬಗಳಲ್ಲಿನ ದೋಷಗಳು.,ಹುಟ್ಟಿನಿಂದ 18 ವರ್ಷದವರೆಗಿನ ಎಲ್ಲಾ ಮಕ್ಕಳು ಸರ್ಕಾರಿ ಮತ್ತು ಸರ್ಕಾರಿ ಅನುದಾನಿತ ಶಾಲೆಗಳು ಮತ್ತು ಅಂಗನವಾಡಿ ಕೇಂದ್ರಗಳಲ್ಲಿ ಓದುತ್ತಿದ್ದಾರೆ.,ಶಾಲೆಗಳು ಮತ್ತು ಅಂಗನವಾಡಿ ಕೇಂದ್ರಗಳಿಗೆ ಭೇಟಿ ನೀಡುವ ಮೊಬೈಲ್ ಆರೋಗ್ಯ ತಂಡಗಳ ಮೂಲಕ ಸ್ವಯಂಚಾಲಿತ ತಪಾಸಣೆ. ಪ್ರತ್ಯೇಕ ಅಪ್ಲಿಕೇಶನ್ ಅಗತ್ಯವಿಲ್ಲ.,"ಜನನ ಪ್ರಮಾಣಪತ್ರ, ಶಾಲಾ ದಾಖಲಾತಿ",ജനനം മുതൽ 18 വയസ്സുവരെയുള്ള കുട്ടികൾക്കായി 4D-കൾക്കായി ആരോഗ്യ പരിശോധനയും നേരത്തെയുള്ള ഇടപെടൽ സേവനങ്ങളും നൽകുന്നു - ജനന രോഗങ്ങളിലെ വൈകല്യങ്ങളും വളർച്ചാ കാലതാമസവും.,"ജനനം മുതൽ 18 വയസ്സുവരെയുള്ള എല്ലാ കുട്ടികളും സർക്കാർ, സർക്കാർ എയ്ഡഡ് സ്‌കൂളുകളിലും അങ്കണവാടികളിലും പഠിക്കുന്നു.",സ്‌കൂളുകളും അങ്കണവാടികളും സന്ദർശിക്കുന്ന മൊബൈൽ ഹെൽത്ത് ടീമുകൾ വഴി ഓട്ടോമാറ്റിക് സ്‌ക്രീനിംഗ്. പ്രത്യേക അപേക്ഷ ആവശ്യമില്ല.,"ജനന സർട്ടിഫിക്കറ്റ്, സ്കൂൾ പ്രവേശനം"
22,Pradhan Mantri National Dialysis Programme,Ministry of Health and Family Welfare,Health,Provides free dialysis services to poor patients suffering from kidney failure at district hospitals across India.,BPL patients suffering from chronic kidney disease requiring regular dialysis.,Visit nearest district hospital with BPL card and medical prescription for kidney failure diagnosis.,"BPL card, Aadhaar card, medical reports confirming kidney failure",https://nhm.gov.in,भारत भर के जिला अस्पतालों में किडनी फेलियर से पीड़ित गरीब रोगियों को मुफ्त डायलिसिस सेवाएं प्रदान करता है।,क्रोनिक किडनी रोग से पीड़ित बीपीएल रोगियों को नियमित डायलिसिस की आवश्यकता होती है।,गुर्दे की विफलता के निदान के लिए बीपीएल कार्ड और चिकित्सकीय नुस्खे के साथ निकटतम जिला अस्पताल में जाएँ।,"बीपीएल कार्ड, आधार कार्ड, किडनी फेल होने की पुष्टि करने वाली मेडिकल रिपोर्ट",இந்தியா முழுவதும் உள்ள மாவட்ட மருத்துவமனைகளில் சிறுநீரக செயலிழப்பால் பாதிக்கப்பட்ட ஏழை நோயாளிகளுக்கு இலவச டயாலிசிஸ் சேவைகளை வழங்குகிறது.,வழக்கமான டயாலிசிஸ் தேவைப்படும் நாள்பட்ட சிறுநீரக நோயால் பாதிக்கப்பட்ட பிபிஎல் நோயாளிகள்.,சிறுநீரக செயலிழப்பைக் கண்டறிவதற்கான பிபிஎல் அட்டை மற்றும் மருத்துவ பரிந்துரையுடன் அருகிலுள்ள மாவட்ட மருத்துவமனைக்குச் செல்லவும்.,"பிபிஎல் கார்டு, ஆதார் அட்டை, சிறுநீரக செயலிழப்பை உறுதி செய்யும் மருத்துவ அறிக்கைகள்",భారతదేశంలోని జిల్లా ఆసుపత్రులలో మూత్రపిండాల వైఫల్యంతో బాధపడుతున్న పేద రోగులకు ఉచిత డయాలసిస్ సేవలను అందిస్తుంది.,సాధారణ డయాలసిస్ అవసరమయ్యే దీర్ఘకాలిక మూత్రపిండ వ్యాధితో బాధపడుతున్న BPL రోగులు.,కిడ్నీ ఫెయిల్యూర్ నిర్ధారణ కోసం BPL కార్డ్ మరియు మెడికల్ ప్రిస్క్రిప్షన్‌తో సమీపంలోని జిల్లా ఆసుపత్రిని సందర్శించండి.,"బీపీఎల్ కార్డు, ఆధార్ కార్డు, కిడ్నీ ఫెయిల్యూర్‌ని నిర్ధారిస్తున్న వైద్య నివేదికలు",ভারত জুড়ে জেলা হাসপাতালে কিডনি ব্যর্থতায় ভুগছেন এমন দরিদ্র রোগীদের বিনামূল্যে ডায়ালাইসিস পরিষেবা প্রদান করে।,দীর্ঘস্থায়ী কিডনি রোগে আক্রান্ত বিপিএল রোগীদের নিয়মিত ডায়ালাইসিস প্রয়োজন।,কিডনি ব্যর্থতা নির্ণয়ের জন্য বিপিএল কার্ড এবং মেডিকেল প্রেসক্রিপশন সহ নিকটস্থ জেলা হাসপাতালে যান।,"বিপিএল কার্ড, আধার কার্ড, কিডনি ব্যর্থতা নিশ্চিত করে মেডিকেল রিপোর্ট",संपूर्ण भारतातील जिल्हा रुग्णालयांमध्ये मूत्रपिंड निकामी झालेल्या गरीब रुग्णांना मोफत डायलिसिस सेवा प्रदान करते.,किडनीच्या तीव्र आजाराने ग्रस्त असलेल्या बीपीएल रुग्णांना नियमित डायलिसिसची आवश्यकता असते.,किडनी निकामी निदानासाठी बीपीएल कार्ड आणि वैद्यकीय प्रिस्क्रिप्शनसह जवळच्या जिल्हा रुग्णालयात भेट द्या.,"बीपीएल कार्ड, आधार कार्ड, किडनी फेल्युअरची पुष्टी करणारे वैद्यकीय अहवाल",સમગ્ર ભારતમાં જિલ્લા હોસ્પિટલોમાં કિડનીની નિષ્ફળતાથી પીડાતા ગરીબ દર્દીઓને મફત ડાયાલિસિસ સેવાઓ પૂરી પાડે છે.,ક્રોનિક કિડની રોગથી પીડાતા બીપીએલ દર્દીઓને નિયમિત ડાયાલિસિસની જરૂર પડે છે.,કિડની નિષ્ફળતાના નિદાન માટે બીપીએલ કાર્ડ અને તબીબી પ્રિસ્ક્રિપ્શન સાથે નજીકની જિલ્લા હોસ્પિટલની મુલાકાત લો.,"બીપીએલ કાર્ડ, આધાર કાર્ડ, કિડની ફેલ્યરની પુષ્ટિ કરતા મેડિકલ રિપોર્ટ",ಭಾರತದಾದ್ಯಂತ ಜಿಲ್ಲಾ ಆಸ್ಪತ್ರೆಗಳಲ್ಲಿ ಮೂತ್ರಪಿಂಡ ವೈಫಲ್ಯದಿಂದ ಬಳಲುತ್ತಿರುವ ಬಡ ರೋಗಿಗಳಿಗೆ ಉಚಿತ ಡಯಾಲಿಸಿಸ್ ಸೇವೆಗಳನ್ನು ಒದಗಿಸುತ್ತದೆ.,ನಿಯಮಿತ ಡಯಾಲಿಸಿಸ್ ಅಗತ್ಯವಿರುವ ದೀರ್ಘಕಾಲದ ಮೂತ್ರಪಿಂಡ ಕಾಯಿಲೆಯಿಂದ ಬಳಲುತ್ತಿರುವ BPL ರೋಗಿಗಳು.,ಮೂತ್ರಪಿಂಡ ವೈಫಲ್ಯದ ರೋಗನಿರ್ಣಯಕ್ಕಾಗಿ BPL ಕಾರ್ಡ್ ಮತ್ತು ವೈದ್ಯಕೀಯ ಪ್ರಿಸ್ಕ್ರಿಪ್ಷನ್‌ನೊಂದಿಗೆ ಹತ್ತಿರದ ಜಿಲ್ಲಾ ಆಸ್ಪತ್ರೆಗೆ ಭೇಟಿ ನೀಡಿ.,"ಬಿಪಿಎಲ್ ಕಾರ್ಡ್, ಆಧಾರ್ ಕಾರ್ಡ್, ಮೂತ್ರಪಿಂಡ ವೈಫಲ್ಯವನ್ನು ದೃಢಪಡಿಸುವ ವೈದ್ಯಕೀಯ ವರದಿಗಳು",ഇന്ത്യയിലുടനീളമുള്ള ജില്ലാ ആശുപത്രികളിൽ വൃക്ക തകരാറിലായ പാവപ്പെട്ട രോഗികൾക്ക് സൗജന്യ ഡയാലിസിസ് സേവനം നൽകുന്നു.,സ്ഥിരമായി ഡയാലിസിസ് ആവശ്യമായ വിട്ടുമാറാത്ത വൃക്കരോഗം ബാധിച്ച ബിപിഎൽ രോഗികൾ.,ബിപിഎൽ കാർഡും കിഡ്‌നി പരാജയം കണ്ടെത്തുന്നതിനുള്ള മെഡിക്കൽ കുറിപ്പും സഹിതം അടുത്തുള്ള ജില്ലാ ആശുപത്രി സന്ദർശിക്കുക.,"ബിപിഎൽ കാർഡ്, ആധാർ കാർഡ്, വൃക്ക തകരാർ സ്ഥിരീകരിക്കുന്ന മെഡിക്കൽ റിപ്പോർട്ടുകൾ"
23,National Mental Health Programme,Ministry of Health and Family Welfare,Health,Provides free mental health services including counselling therapy and medicines at government hospitals and community health centres.,All citizens requiring mental health services. Priority to economically weaker sections.,Visit nearest government hospital or community health centre for free mental health consultation and treatment.,"Identity proof, address proof",https://nhp.gov.in/Mental-Health_pg,सरकारी अस्पतालों और सामुदायिक स्वास्थ्य केंद्रों पर परामर्श चिकित्सा और दवाओं सहित मुफ्त मानसिक स्वास्थ्य सेवाएं प्रदान करता है।,सभी नागरिकों को मानसिक स्वास्थ्य सेवाओं की आवश्यकता है। आर्थिक रूप से कमजोर वर्ग को प्राथमिकता.,निःशुल्क मानसिक स्वास्थ्य परामर्श और उपचार के लिए निकटतम सरकारी अस्पताल या सामुदायिक स्वास्थ्य केंद्र पर जाएँ।,"पहचान प्रमाण, पता प्रमाण",அரசு மருத்துவமனைகள் மற்றும் சமூக சுகாதார மையங்களில் ஆலோசனை சிகிச்சை மற்றும் மருந்துகள் உள்ளிட்ட மனநல சுகாதார சேவைகளை இலவசமாக வழங்குகிறது.,மனநல சேவைகள் தேவைப்படும் அனைத்து குடிமக்களும். பொருளாதாரத்தில் பின்தங்கிய பிரிவினருக்கு முன்னுரிமை.,இலவச மனநல ஆலோசனை மற்றும் சிகிச்சைக்கு அருகிலுள்ள அரசு மருத்துவமனை அல்லது சமூக சுகாதார மையத்திற்குச் செல்லவும்.,"அடையாளச் சான்று, முகவரிச் சான்று",ప్రభుత్వ ఆసుపత్రులు మరియు కమ్యూనిటీ హెల్త్ సెంటర్లలో కౌన్సెలింగ్ థెరపీ మరియు మందులతో సహా ఉచిత మానసిక ఆరోగ్య సేవలను అందిస్తుంది.,మానసిక ఆరోగ్య సేవలు అవసరమయ్యే పౌరులందరూ. ఆర్థికంగా వెనుకబడిన వర్గాలకు ప్రాధాన్యత.,ఉచిత మానసిక ఆరోగ్య సంప్రదింపులు మరియు చికిత్స కోసం సమీపంలోని ప్రభుత్వ ఆసుపత్రి లేదా సామాజిక ఆరోగ్య కేంద్రాన్ని సందర్శించండి.,"గుర్తింపు రుజువు, చిరునామా రుజువు",সরকারি হাসপাতাল এবং কমিউনিটি হেলথ সেন্টারে কাউন্সেলিং থেরাপি এবং ওষুধ সহ বিনামূল্যে মানসিক স্বাস্থ্য পরিষেবা প্রদান করে।,সকল নাগরিকের মানসিক স্বাস্থ্য সেবা প্রয়োজন। অর্থনৈতিকভাবে দুর্বল ব্যক্তিদের অগ্রাধিকার।,বিনামূল্যে মানসিক স্বাস্থ্য পরামর্শ ও চিকিৎসার জন্য নিকটস্থ সরকারি হাসপাতাল বা কমিউনিটি হেলথ সেন্টারে যান।,"পরিচয় প্রমাণ, ঠিকানা প্রমাণ",सरकारी रुग्णालये आणि सामुदायिक आरोग्य केंद्रांमध्ये समुपदेशन थेरपी आणि औषधांसह विनामूल्य मानसिक आरोग्य सेवा प्रदान करते.,सर्व नागरिकांना मानसिक आरोग्य सेवा आवश्यक आहेत. आर्थिकदृष्ट्या दुर्बल घटकांना प्राधान्य.,मोफत मानसिक आरोग्य सल्लामसलत आणि उपचारांसाठी जवळच्या सरकारी हॉस्पिटल किंवा सामुदायिक आरोग्य केंद्राला भेट द्या.,"ओळखीचा पुरावा, पत्ता पुरावा",સરકારી હોસ્પિટલો અને સામુદાયિક આરોગ્ય કેન્દ્રોમાં કાઉન્સેલિંગ થેરાપી અને દવાઓ સહિતની મફત માનસિક સ્વાસ્થ્ય સેવાઓ પૂરી પાડે છે.,માનસિક સ્વાસ્થ્ય સેવાઓની આવશ્યકતા ધરાવતા તમામ નાગરિકો. આર્થિક રીતે નબળા વર્ગોને પ્રાથમિકતા.,મફત માનસિક આરોગ્ય પરામર્શ અને સારવાર માટે નજીકની સરકારી હોસ્પિટલ અથવા સામુદાયિક આરોગ્ય કેન્દ્રની મુલાકાત લો.,"ઓળખનો પુરાવો, સરનામાનો પુરાવો",ಸರ್ಕಾರಿ ಆಸ್ಪತ್ರೆಗಳು ಮತ್ತು ಸಮುದಾಯ ಆರೋಗ್ಯ ಕೇಂದ್ರಗಳಲ್ಲಿ ಸಮಾಲೋಚನೆ ಚಿಕಿತ್ಸೆ ಮತ್ತು ಔಷಧಿಗಳನ್ನು ಒಳಗೊಂಡಂತೆ ಉಚಿತ ಮಾನಸಿಕ ಆರೋಗ್ಯ ಸೇವೆಗಳನ್ನು ಒದಗಿಸುತ್ತದೆ.,ಮಾನಸಿಕ ಆರೋಗ್ಯ ಸೇವೆಗಳ ಅಗತ್ಯವಿರುವ ಎಲ್ಲಾ ನಾಗರಿಕರು. ಆರ್ಥಿಕವಾಗಿ ದುರ್ಬಲ ವರ್ಗದವರಿಗೆ ಆದ್ಯತೆ.,ಉಚಿತ ಮಾನಸಿಕ ಆರೋಗ್ಯ ಸಮಾಲೋಚನೆ ಮತ್ತು ಚಿಕಿತ್ಸೆಗಾಗಿ ಹತ್ತಿರದ ಸರ್ಕಾರಿ ಆಸ್ಪತ್ರೆ ಅಥವಾ ಸಮುದಾಯ ಆರೋಗ್ಯ ಕೇಂದ್ರಕ್ಕೆ ಭೇಟಿ ನೀಡಿ.,"ಗುರುತಿನ ಪುರಾವೆ, ವಿಳಾಸ ಪುರಾವೆ",സർക്കാർ ആശുപത്രികളിലും കമ്മ്യൂണിറ്റി ഹെൽത്ത് സെൻ്ററുകളിലും കൗൺസിലിംഗ് തെറാപ്പിയും മരുന്നുകളും ഉൾപ്പെടെയുള്ള മാനസികാരോഗ്യ സേവനങ്ങൾ സൗജന്യമായി നൽകുന്നു.,മാനസികാരോഗ്യ സേവനങ്ങൾ ആവശ്യമുള്ള എല്ലാ പൗരന്മാരും. സാമ്പത്തികമായി പിന്നാക്കം നിൽക്കുന്ന വിഭാഗങ്ങൾക്ക് മുൻഗണന.,സൗജന്യ മാനസികാരോഗ്യ കൺസൾട്ടേഷനും ചികിത്സയ്ക്കുമായി അടുത്തുള്ള സർക്കാർ ആശുപത്രിയോ കമ്മ്യൂണിറ്റി ഹെൽത്ത് സെൻ്ററോ സന്ദർശിക്കുക.,"ഐഡൻ്റിറ്റി പ്രൂഫ്, അഡ്രസ് പ്രൂഫ്"
24,Ayushman Bharat Health and Wellness Centres,Ministry of Health and Family Welfare,Health,Provides comprehensive primary healthcare services including maternal child health non communicable diseases and free essential medicines at upgraded sub centres.,All citizens especially in rural and remote areas.,Visit nearest Ayushman Bharat Health and Wellness Centre for free primary healthcare services.,Aadhaar card or any identity proof,https://ab-hwc.nhp.gov.in,उन्नत उप केंद्रों पर मातृ शिशु स्वास्थ्य गैर संचारी रोगों और मुफ्त आवश्यक दवाओं सहित व्यापक प्राथमिक स्वास्थ्य सेवाएँ प्रदान करता है।,"सभी नागरिक, विशेषकर ग्रामीण और दूरदराज के क्षेत्रों में।",निःशुल्क प्राथमिक स्वास्थ्य सेवाओं के लिए निकटतम आयुष्मान भारत स्वास्थ्य और कल्याण केंद्र पर जाएँ।,आधार कार्ड या कोई पहचान प्रमाण,மேம்படுத்தப்பட்ட துணை மையங்களில் தாய்வழி குழந்தை ஆரோக்கியம் தொற்றாத நோய்கள் மற்றும் இலவச அத்தியாவசிய மருந்துகள் உள்ளிட்ட விரிவான ஆரம்ப சுகாதார சேவைகளை வழங்குகிறது.,குறிப்பாக கிராமப்புற மற்றும் தொலைதூர பகுதிகளில் உள்ள அனைத்து குடிமக்களும்.,இலவச ஆரம்ப சுகாதார சேவைகளுக்கு அருகிலுள்ள ஆயுஷ்மான் பாரத் சுகாதார மற்றும் ஆரோக்கிய மையத்தைப் பார்வையிடவும்.,ஆதார் அட்டை அல்லது ஏதேனும் அடையாளச் சான்று,మాతా శిశు ఆరోగ్యం నాన్ కమ్యూనికేబుల్ డిసీజెస్ మరియు అప్‌గ్రేడ్ చేయబడిన సబ్ సెంటర్‌లలో ఉచిత అవసరమైన మందులతో సహా సమగ్ర ప్రాథమిక ఆరోగ్య సంరక్షణ సేవలను అందిస్తుంది.,ముఖ్యంగా గ్రామీణ మరియు మారుమూల ప్రాంతాలలోని పౌరులందరూ.,ఉచిత ప్రాథమిక ఆరోగ్య సేవల కోసం సమీపంలోని ఆయుష్మాన్ భారత్ హెల్త్ అండ్ వెల్నెస్ సెంటర్‌ను సందర్శించండి.,ఆధార్ కార్డ్ లేదా ఏదైనా గుర్తింపు రుజువు,মাতৃ শিশু স্বাস্থ্য অসংক্রামক রোগ এবং আপগ্রেড উপকেন্দ্রে বিনামূল্যে প্রয়োজনীয় ওষুধ সহ ব্যাপক প্রাথমিক স্বাস্থ্যসেবা প্রদান করে।,বিশেষ করে গ্রামীণ ও প্রত্যন্ত অঞ্চলের সকল নাগরিক।,বিনামূল্যে প্রাথমিক স্বাস্থ্য পরিষেবার জন্য নিকটস্থ আয়ুষ্মান ভারত স্বাস্থ্য ও সুস্থতা কেন্দ্রে যান৷,আধার কার্ড বা কোনো পরিচয়পত্র,माता बाल आरोग्य असंसर्गजन्य रोग आणि अपग्रेड केलेल्या उपकेंद्रांवर मोफत अत्यावश्यक औषधांसह सर्वसमावेशक प्राथमिक आरोग्य सेवा प्रदान करते.,सर्व नागरिक विशेषतः ग्रामीण आणि दुर्गम भागातील.,मोफत प्राथमिक आरोग्य सेवांसाठी जवळच्या आयुष्मान भारत हेल्थ अँड वेलनेस सेंटरला भेट द्या.,आधार कार्ड किंवा कोणताही ओळखीचा पुरावा,અપગ્રેડેડ પેટા કેન્દ્રો પર માતૃ બાળ આરોગ્ય બિન ચેપી રોગો અને મફત આવશ્યક દવાઓ સહિત વ્યાપક પ્રાથમિક આરોગ્ય સંભાળ સેવાઓ પૂરી પાડે છે.,તમામ નાગરિકો ખાસ કરીને ગ્રામીણ અને દૂરના વિસ્તારોમાં.,મફત પ્રાથમિક આરોગ્યસંભાળ સેવાઓ માટે નજીકના આયુષ્માન ભારત આરોગ્ય અને સુખાકારી કેન્દ્રની મુલાકાત લો.,આધાર કાર્ડ અથવા કોઈપણ ઓળખ પુરાવો,ಉನ್ನತೀಕರಿಸಿದ ಉಪ ಕೇಂದ್ರಗಳಲ್ಲಿ ತಾಯಿಯ ಮಕ್ಕಳ ಆರೋಗ್ಯದ ಸಾಂಕ್ರಾಮಿಕವಲ್ಲದ ರೋಗಗಳು ಮತ್ತು ಉಚಿತ ಅಗತ್ಯ ಔಷಧಿಗಳನ್ನು ಒಳಗೊಂಡಂತೆ ಸಮಗ್ರ ಪ್ರಾಥಮಿಕ ಆರೋಗ್ಯ ಸೇವೆಗಳನ್ನು ಒದಗಿಸುತ್ತದೆ.,ಎಲ್ಲಾ ನಾಗರಿಕರು ವಿಶೇಷವಾಗಿ ಗ್ರಾಮೀಣ ಮತ್ತು ದೂರದ ಪ್ರದೇಶಗಳಲ್ಲಿ.,ಉಚಿತ ಪ್ರಾಥಮಿಕ ಆರೋಗ್ಯ ಸೇವೆಗಳಿಗಾಗಿ ಹತ್ತಿರದ ಆಯುಷ್ಮಾನ್ ಭಾರತ್ ಆರೋಗ್ಯ ಮತ್ತು ಸ್ವಾಸ್ಥ್ಯ ಕೇಂದ್ರಕ್ಕೆ ಭೇಟಿ ನೀಡಿ.,ಆಧಾರ್ ಕಾರ್ಡ್ ಅಥವಾ ಯಾವುದೇ ಗುರುತಿನ ಪುರಾವೆ,നവീകരിച്ച ഉപകേന്ദ്രങ്ങളിൽ മാതൃശിശു ആരോഗ്യം സാംക്രമികമല്ലാത്ത രോഗങ്ങളും സൗജന്യ അവശ്യമരുന്നുകളും ഉൾപ്പെടെയുള്ള സമഗ്രമായ പ്രാഥമികാരോഗ്യ സേവനങ്ങൾ നൽകുന്നു.,എല്ലാ പൗരന്മാരും പ്രത്യേകിച്ച് ഗ്രാമങ്ങളിലും വിദൂര പ്രദേശങ്ങളിലും.,സൗജന്യ പ്രാഥമിക ആരോഗ്യ സേവനങ്ങൾക്കായി അടുത്തുള്ള ആയുഷ്മാൻ ഭാരത് ഹെൽത്ത് ആൻഡ് വെൽനസ് സെൻ്റർ സന്ദർശിക്കുക.,ആധാർ കാർഡ് അല്ലെങ്കിൽ ഏതെങ്കിലും തിരിച്ചറിയൽ രേഖ
25,Intensified Mission Indradhanush,Ministry of Health and Family Welfare,Health,Provides free vaccination to children up to 2 years and pregnant women against 12 vaccine preventable diseases.,All children up to 2 years of age and pregnant women across India.,Visit nearest government health centre or Anganwadi centre on vaccination day. ASHA worker informs about schedule.,"Birth certificate for child, Aadhaar card",https://nhm.gov.in,2 वर्ष तक के बच्चों और गर्भवती महिलाओं को 12 टीके से बचाव योग्य बीमारियों के खिलाफ मुफ्त टीकाकरण प्रदान करता है।,पूरे भारत में 2 वर्ष तक के सभी बच्चे और गर्भवती महिलाएँ।,टीकाकरण वाले दिन नजदीकी सरकारी स्वास्थ्य केंद्र या आंगनवाड़ी केंद्र पर जाएं। शेड्यूल के बारे में जानकारी देतीं आशा कार्यकर्ता।,"बच्चे का जन्म प्रमाण पत्र, आधार कार्ड",2 வயதுக்குட்பட்ட குழந்தைகள் மற்றும் கர்ப்பிணிப் பெண்களுக்கு 12 தடுப்பூசிகள் தடுக்கக்கூடிய நோய்களுக்கு எதிராக இலவச தடுப்பூசியை வழங்குகிறது.,இந்தியா முழுவதும் 2 வயதுக்குட்பட்ட குழந்தைகள் மற்றும் கர்ப்பிணிப் பெண்கள்.,தடுப்பூசி நாளில் அருகில் உள்ள அரசு சுகாதார நிலையம் அல்லது அங்கன்வாடி மையத்திற்குச் செல்லவும். ஆஷா பணியாளர் அட்டவணை பற்றி தெரிவிக்கிறார்.,"குழந்தையின் பிறப்புச் சான்றிதழ், ஆதார் அட்டை",2 సంవత్సరాల లోపు పిల్లలకు మరియు గర్భిణీ స్త్రీలకు 12 టీకా నివారణ వ్యాధులకు వ్యతిరేకంగా ఉచిత టీకాను అందిస్తుంది.,భారతదేశం అంతటా 2 సంవత్సరాల లోపు పిల్లలు మరియు గర్భిణీ స్త్రీలు అందరూ.,టీకా రోజున సమీపంలోని ప్రభుత్వ ఆరోగ్య కేంద్రాన్ని లేదా అంగన్‌వాడీ కేంద్రాన్ని సందర్శించండి. ఆశా కార్యకర్త షెడ్యూల్ గురించి తెలియజేస్తారు.,"బిడ్డకు జనన ధృవీకరణ పత్రం, ఆధార్ కార్డు",12 টি প্রতিরোধযোগ্য রোগের বিরুদ্ধে 2 বছর পর্যন্ত শিশুদের এবং গর্ভবতী মহিলাদের বিনামূল্যে টিকা প্রদান করে।,ভারত জুড়ে 2 বছর পর্যন্ত সমস্ত শিশু এবং গর্ভবতী মহিলারা৷,টিকাদানের দিনে নিকটস্থ সরকারি স্বাস্থ্য কেন্দ্র বা অঙ্গনওয়াড়ি কেন্দ্রে যান। সময়সূচি সম্পর্কে জানাচ্ছেন আশা কর্মী।,"সন্তানের জন্ম শংসাপত্র, আধার কার্ড",2 वर्षांपर्यंतच्या बालकांना आणि गर्भवती महिलांना 12 प्रतिबंधित रोगांविरुद्ध लसीकरण मोफत देते.,2 वर्षापर्यंतची सर्व मुले आणि संपूर्ण भारतातील गर्भवती महिला.,लसीकरणाच्या दिवशी जवळच्या शासकीय आरोग्य केंद्राला किंवा अंगणवाडी केंद्राला भेट द्या. आशा कार्यकर्त्या वेळापत्रकाची माहिती देतात.,"मुलाचा जन्म दाखला, आधार कार्ड",2 વર્ષ સુધીના બાળકો અને સગર્ભા સ્ત્રીઓને 12 રસી અટકાવી શકાય તેવા રોગો સામે મફત રસીકરણ પ્રદાન કરે છે.,સમગ્ર ભારતમાં 2 વર્ષ સુધીના તમામ બાળકો અને ગર્ભવતી મહિલાઓ.,રસીકરણના દિવસે નજીકના સરકારી આરોગ્ય કેન્દ્ર અથવા આંગણવાડી કેન્દ્રની મુલાકાત લો. ASHA કાર્યકર સમયપત્રક વિશે માહિતી આપે છે.,"બાળક માટે જન્મ પ્રમાણપત્ર, આધાર કાર્ડ",2 ವರ್ಷದೊಳಗಿನ ಮಕ್ಕಳಿಗೆ ಮತ್ತು ಗರ್ಭಿಣಿಯರಿಗೆ 12 ಲಸಿಕೆಯಿಂದ ತಡೆಗಟ್ಟಬಹುದಾದ ರೋಗಗಳ ವಿರುದ್ಧ ಉಚಿತ ಲಸಿಕೆಯನ್ನು ಒದಗಿಸುತ್ತದೆ.,ಭಾರತದಾದ್ಯಂತ 2 ವರ್ಷದೊಳಗಿನ ಎಲ್ಲಾ ಮಕ್ಕಳು ಮತ್ತು ಗರ್ಭಿಣಿಯರು.,ಲಸಿಕೆ ದಿನದಂದು ಹತ್ತಿರದ ಸರ್ಕಾರಿ ಆರೋಗ್ಯ ಕೇಂದ್ರ ಅಥವಾ ಅಂಗನವಾಡಿ ಕೇಂದ್ರಗಳಿಗೆ ಭೇಟಿ ನೀಡಿ. ಆಶಾ ಕಾರ್ಯಕರ್ತೆಯರು ವೇಳಾಪಟ್ಟಿಯ ಬಗ್ಗೆ ಮಾಹಿತಿ ನೀಡುತ್ತಾರೆ.,"ಮಗುವಿನ ಜನನ ಪ್ರಮಾಣಪತ್ರ, ಆಧಾರ್ ಕಾರ್ಡ್",2 വയസ്സുവരെയുള്ള കുട്ടികൾക്കും ഗർഭിണികൾക്കും 12 പ്രതിരോധ കുത്തിവയ്പ് തടയാവുന്ന രോഗങ്ങൾക്കെതിരെ സൗജന്യ വാക്സിനേഷൻ നൽകുന്നു.,ഇന്ത്യയിലുടനീളമുള്ള 2 വയസ്സുവരെയുള്ള എല്ലാ കുട്ടികളും ഗർഭിണികളും.,വാക്സിനേഷൻ ദിവസം അടുത്തുള്ള സർക്കാർ ആരോഗ്യ കേന്ദ്രമോ അംഗൻവാടി കേന്ദ്രമോ സന്ദർശിക്കുക. ആശാ വർക്കർ ഷെഡ്യൂളിനെക്കുറിച്ച് അറിയിക്കുന്നു.,"കുട്ടിയുടെ ജനന സർട്ടിഫിക്കറ്റ്, ആധാർ കാർഡ്"
26,Poshan Abhiyaan,Ministry of Women and Child Development,Health,Aims to reduce malnutrition among children pregnant women and lactating mothers through improved nutrition practices and services.,Children under 6 years pregnant women and lactating mothers especially in high burden districts.,Register at nearest Anganwadi centre. ASHA and AWW workers provide nutrition counselling and supplementary nutrition.,"Aadhaar card, birth certificate for children",https://poshanabhiyaan.gov.in,"इसका उद्देश्य बेहतर पोषण प्रथाओं और सेवाओं के माध्यम से बच्चों, गर्भवती महिलाओं और स्तनपान कराने वाली माताओं के बीच कुपोषण को कम करना है।","विशेष रूप से उच्च बोझ वाले जिलों में 6 वर्ष से कम उम्र के बच्चे, गर्भवती महिलाएं और स्तनपान कराने वाली माताएं।",नजदीकी आंगनवाड़ी केंद्र पर पंजीकरण कराएं। आशा और आंगनवाड़ी कार्यकर्ता पोषण परामर्श और पूरक पोषण प्रदान करती हैं।,"बच्चों के लिए आधार कार्ड, जन्म प्रमाण पत्र",மேம்படுத்தப்பட்ட ஊட்டச்சத்து நடைமுறைகள் மற்றும் சேவைகள் மூலம் குழந்தைகள் கர்ப்பிணிப் பெண்கள் மற்றும் பாலூட்டும் தாய்மார்களிடையே ஊட்டச்சத்து குறைபாட்டைக் குறைப்பதை நோக்கமாகக் கொண்டுள்ளது.,6 வயதுக்குட்பட்ட குழந்தைகள் கர்ப்பிணிப் பெண்கள் மற்றும் பாலூட்டும் தாய்மார்கள் குறிப்பாக அதிக சுமை உள்ள மாவட்டங்களில்.,அருகில் உள்ள அங்கன்வாடி மையத்தில் பதிவு செய்யுங்கள். ASHA மற்றும் AWW பணியாளர்கள் ஊட்டச்சத்து ஆலோசனை மற்றும் துணை ஊட்டச்சத்தை வழங்குகின்றனர்.,"ஆதார் அட்டை, குழந்தைகளுக்கான பிறப்புச் சான்றிதழ்",మెరుగైన పోషకాహార పద్ధతులు మరియు సేవల ద్వారా పిల్లలు గర్భిణీ స్త్రీలు మరియు పాలిచ్చే తల్లులలో పోషకాహార లోపాన్ని తగ్గించడం లక్ష్యంగా పెట్టుకుంది.,ముఖ్యంగా అధిక భారం ఉన్న జిల్లాల్లో 6 సంవత్సరాల కంటే తక్కువ వయస్సు ఉన్న పిల్లలు గర్భిణీ స్త్రీలు మరియు పాలిచ్చే తల్లులు.,సమీపంలోని అంగన్‌వాడీ కేంద్రంలో నమోదు చేసుకోవాలి. ASHA మరియు AWW వర్కర్లు న్యూట్రిషన్ కౌన్సెలింగ్ మరియు సప్లిమెంటరీ న్యూట్రిషన్ అందిస్తారు.,"పిల్లలకు ఆధార్ కార్డు, జనన ధృవీకరణ పత్రం",উন্নত পুষ্টি অনুশীলন এবং পরিষেবার মাধ্যমে শিশুদের গর্ভবতী মহিলাদের এবং স্তন্যদানকারী মায়েদের মধ্যে অপুষ্টি কমানোর লক্ষ্য।,6 বছরের কম বয়সী শিশু গর্ভবতী মহিলা এবং স্তন্যদানকারী মায়েরা বিশেষ করে উচ্চ বোঝা জেলায়।,নিকটস্থ অঙ্গনওয়াড়ি কেন্দ্রে নিবন্ধন করুন। ASHA এবং AWW কর্মীরা পুষ্টি পরামর্শ এবং সম্পূরক পুষ্টি প্রদান করে।,"শিশুদের জন্য আধার কার্ড, জন্ম শংসাপত্র",सुधारित पोषण पद्धती आणि सेवांद्वारे गर्भवती महिला आणि स्तनदा मातांमधील कुपोषण कमी करण्याचा उद्देश आहे.,6 वर्षाखालील मुले गरोदर स्त्रिया आणि स्तनदा माता विशेषतः जास्त ओझे असलेल्या जिल्ह्यांमध्ये.,जवळच्या अंगणवाडी केंद्रावर नोंदणी करा. ASHA आणि AWW कामगार पोषण समुपदेशन आणि पूरक पोषण प्रदान करतात.,"मुलांसाठी आधार कार्ड, जन्म प्रमाणपत्र",સુધારેલ પોષણ પદ્ધતિઓ અને સેવાઓ દ્વારા બાળકો સગર્ભા સ્ત્રીઓ અને સ્તનપાન કરાવતી માતાઓમાં કુપોષણ ઘટાડવાનો હેતુ છે.,6 વર્ષથી ઓછી ઉંમરના બાળકો સગર્ભા સ્ત્રીઓ અને સ્તનપાન કરાવતી માતાઓ ખાસ કરીને વધુ બોજ ધરાવતા જિલ્લાઓમાં.,નજીકના આંગણવાડી કેન્દ્રમાં નોંધણી કરાવો. ASHA અને AWW કાર્યકરો પોષણ પરામર્શ અને પૂરક પોષણ પ્રદાન કરે છે.,"બાળકો માટે આધાર કાર્ડ, જન્મ પ્રમાણપત્ર",ಸುಧಾರಿತ ಪೌಷ್ಟಿಕಾಂಶ ಪದ್ಧತಿಗಳು ಮತ್ತು ಸೇವೆಗಳ ಮೂಲಕ ಮಕ್ಕಳ ಗರ್ಭಿಣಿಯರು ಮತ್ತು ಹಾಲುಣಿಸುವ ತಾಯಂದಿರಲ್ಲಿ ಅಪೌಷ್ಟಿಕತೆಯನ್ನು ಕಡಿಮೆ ಮಾಡುವ ಗುರಿಯನ್ನು ಹೊಂದಿದೆ.,6 ವರ್ಷದೊಳಗಿನ ಮಕ್ಕಳು ಗರ್ಭಿಣಿಯರು ಮತ್ತು ಹಾಲುಣಿಸುವ ತಾಯಂದಿರು ವಿಶೇಷವಾಗಿ ಹೆಚ್ಚಿನ ಹೊರೆ ಜಿಲ್ಲೆಗಳಲ್ಲಿ.,ಹತ್ತಿರದ ಅಂಗನವಾಡಿ ಕೇಂದ್ರದಲ್ಲಿ ನೋಂದಾಯಿಸಿ. ASHA ಮತ್ತು AWW ಕಾರ್ಯಕರ್ತರು ಪೌಷ್ಟಿಕಾಂಶದ ಸಲಹೆ ಮತ್ತು ಪೂರಕ ಪೌಷ್ಟಿಕಾಂಶವನ್ನು ಒದಗಿಸುತ್ತಾರೆ.,"ಮಕ್ಕಳಿಗೆ ಆಧಾರ್ ಕಾರ್ಡ್, ಜನನ ಪ್ರಮಾಣ ಪತ್ರ",മെച്ചപ്പെട്ട പോഷകാഹാര സമ്പ്രദായങ്ങളിലൂടെയും സേവനങ്ങളിലൂടെയും ഗർഭിണികളുടെയും മുലയൂട്ടുന്ന അമ്മമാരുടെയും കുട്ടികളുടെ പോഷകാഹാരക്കുറവ് കുറയ്ക്കാൻ ലക്ഷ്യമിടുന്നു.,6 വയസ്സിന് താഴെയുള്ള കുട്ടികൾ ഗർഭിണികളും മുലയൂട്ടുന്ന അമ്മമാരും പ്രത്യേകിച്ച് ഉയർന്ന ഭാരമുള്ള ജില്ലകളിൽ.,"അടുത്തുള്ള അംഗൻവാടികളിൽ രജിസ്റ്റർ ചെയ്യുക. ASHA, AWW പ്രവർത്തകർ പോഷകാഹാര കൗൺസിലിംഗും അനുബന്ധ പോഷകാഹാരവും നൽകുന്നു.","ആധാർ കാർഡ്, കുട്ടികൾക്കുള്ള ജനന സർട്ടിഫിക്കറ്റ്"
27,Janani Shishu Suraksha Karyakram,Ministry of Health and Family Welfare,Health,Provides completely free maternity services including normal deliveries caesarean operations and treatment of sick newborns at government health institutions.,All pregnant women and sick newborns up to 30 days of age seeking treatment at government health facilities.,Visit any government hospital or health centre for free delivery and newborn care services.,"Aadhaar card, any identity proof",https://nhm.gov.in,"सरकारी स्वास्थ्य संस्थानों में सामान्य प्रसव, सिजेरियन ऑपरेशन और बीमार नवजात शिशुओं के इलाज सहित पूरी तरह से मुफ्त मातृत्व सेवाएं प्रदान करता है।",सभी गर्भवती महिलाएं और 30 दिन तक की उम्र के बीमार नवजात शिशु जो सरकारी स्वास्थ्य सुविधाओं पर इलाज चाहते हैं।,निःशुल्क प्रसव और नवजात देखभाल सेवाओं के लिए किसी भी सरकारी अस्पताल या स्वास्थ्य केंद्र पर जाएँ।,"आधार कार्ड, कोई भी पहचान प्रमाण",சாதாரண பிரசவங்கள் சிசேரியன் அறுவை சிகிச்சை மற்றும் அரசு சுகாதார நிறுவனங்களில் நோய்வாய்ப்பட்ட பிறந்த குழந்தைகளுக்கு சிகிச்சை உட்பட முற்றிலும் இலவச மகப்பேறு சேவைகளை வழங்குகிறது.,அனைத்து கர்ப்பிணிப் பெண்கள் மற்றும் 30 நாட்கள் வரையிலான நோய்வாய்ப்பட்ட பிறந்த குழந்தைகள் அரசு சுகாதார நிலையங்களில் சிகிச்சை பெறுகின்றனர்.,இலவச பிரசவம் மற்றும் புதிதாகப் பிறந்த குழந்தை பராமரிப்பு சேவைகளுக்கு ஏதேனும் அரசு மருத்துவமனை அல்லது சுகாதார மையத்தைப் பார்வையிடவும்.,"ஆதார் அட்டை, ஏதேனும் அடையாளச் சான்று",సాధారణ ప్రసవాలు సిజేరియన్ ఆపరేషన్లు మరియు ప్రభుత్వ ఆరోగ్య సంస్థల్లో అనారోగ్యంతో ఉన్న నవజాత శిశువులకు చికిత్సతో సహా పూర్తిగా ఉచిత ప్రసూతి సేవలను అందిస్తుంది.,అన్ని గర్భిణీ స్త్రీలు మరియు అనారోగ్యంతో ఉన్న నవజాత శిశువులు 30 రోజులలోపు ప్రభుత్వ ఆరోగ్య కేంద్రాలలో చికిత్స పొందుతున్నారు.,ఉచిత డెలివరీ మరియు నవజాత సంరక్షణ సేవల కోసం ఏదైనా ప్రభుత్వ ఆసుపత్రి లేదా ఆరోగ్య కేంద్రాన్ని సందర్శించండి.,"ఆధార్ కార్డు, ఏదైనా గుర్తింపు రుజువు",সরকারি স্বাস্থ্য প্রতিষ্ঠানে স্বাভাবিক প্রসবের সিজারিয়ান অপারেশন এবং অসুস্থ নবজাতকের চিকিৎসা সহ সম্পূর্ণ বিনামূল্যে প্রসূতি সেবা প্রদান করে।,সমস্ত গর্ভবতী মহিলা এবং 30 দিন পর্যন্ত অসুস্থ নবজাতক সরকারী স্বাস্থ্য কেন্দ্রে চিকিৎসার জন্য।,বিনামূল্যে ডেলিভারি এবং নবজাতকের যত্ন পরিষেবার জন্য যেকোনো সরকারি হাসপাতাল বা স্বাস্থ্য কেন্দ্রে যান।,"আধার কার্ড, কোনো পরিচয় প্রমাণ",सरकारी आरोग्य संस्थांमध्ये सामान्य प्रसूती सिझेरियन ऑपरेशन्स आणि आजारी नवजात अर्भकांच्या उपचारांसह पूर्णपणे विनामूल्य प्रसूती सेवा प्रदान करते.,सर्व गरोदर स्त्रिया आणि ३० दिवसांपर्यंतचे आजारी नवजात शिशू सरकारी आरोग्य सुविधांमध्ये उपचार घेतात.,मोफत प्रसूती आणि नवजात काळजी सेवांसाठी कोणत्याही सरकारी हॉस्पिटल किंवा आरोग्य केंद्राला भेट द्या.,"आधार कार्ड, कोणताही ओळखीचा पुरावा",સરકારી આરોગ્ય સંસ્થાઓમાં સામાન્ય ડિલિવરી સિઝેરિયન ઓપરેશન અને બીમાર નવજાત શિશુઓની સારવાર સહિત સંપૂર્ણપણે મફત પ્રસૂતિ સેવાઓ પૂરી પાડે છે.,તમામ સગર્ભા સ્ત્રીઓ અને 30 દિવસ સુધીના બીમાર નવજાત શિશુઓ સરકારી આરોગ્ય સુવિધાઓમાં સારવાર લે છે.,મફત વિતરણ અને નવજાત સંભાળ સેવાઓ માટે કોઈપણ સરકારી હોસ્પિટલ અથવા આરોગ્ય કેન્દ્રની મુલાકાત લો.,"આધાર કાર્ડ, કોઈપણ ઓળખનો પુરાવો",ಸರ್ಕಾರಿ ಆರೋಗ್ಯ ಸಂಸ್ಥೆಗಳಲ್ಲಿ ಸಾಮಾನ್ಯ ಹೆರಿಗೆ ಸಿಸೇರಿಯನ್ ಕಾರ್ಯಾಚರಣೆಗಳು ಮತ್ತು ಅನಾರೋಗ್ಯದ ನವಜಾತ ಶಿಶುಗಳ ಚಿಕಿತ್ಸೆ ಸೇರಿದಂತೆ ಸಂಪೂರ್ಣ ಉಚಿತ ಹೆರಿಗೆ ಸೇವೆಗಳನ್ನು ಒದಗಿಸುತ್ತದೆ.,ಎಲ್ಲಾ ಗರ್ಭಿಣಿಯರು ಮತ್ತು 30 ದಿನಗಳವರೆಗಿನ ಅನಾರೋಗ್ಯದ ನವಜಾತ ಶಿಶುಗಳು ಸರ್ಕಾರಿ ಆರೋಗ್ಯ ಸೌಲಭ್ಯಗಳಲ್ಲಿ ಚಿಕಿತ್ಸೆ ಪಡೆಯುತ್ತಿದ್ದಾರೆ.,ಉಚಿತ ಹೆರಿಗೆ ಮತ್ತು ನವಜಾತ ಶಿಶು ಆರೈಕೆ ಸೇವೆಗಳಿಗಾಗಿ ಯಾವುದೇ ಸರ್ಕಾರಿ ಆಸ್ಪತ್ರೆ ಅಥವಾ ಆರೋಗ್ಯ ಕೇಂದ್ರಕ್ಕೆ ಭೇಟಿ ನೀಡಿ.,"ಆಧಾರ್ ಕಾರ್ಡ್, ಯಾವುದೇ ಗುರುತಿನ ಪುರಾವೆ",സർക്കാർ ആരോഗ്യ സ്ഥാപനങ്ങളിൽ സാധാരണ പ്രസവങ്ങൾ സിസേറിയൻ ഓപ്പറേഷനുകളും രോഗികളായ നവജാത ശിശുക്കളുടെ ചികിത്സയും ഉൾപ്പെടെ പൂർണ്ണമായും സൗജന്യ പ്രസവ സേവനങ്ങൾ നൽകുന്നു.,സർക്കാർ ആരോഗ്യ കേന്ദ്രങ്ങളിൽ ചികിത്സ തേടുന്ന എല്ലാ ഗർഭിണികളും 30 ദിവസം വരെ പ്രായമുള്ള രോഗികളായ നവജാതശിശുക്കളും.,സൗജന്യ പ്രസവത്തിനും നവജാത ശിശു സംരക്ഷണ സേവനത്തിനും ഏതെങ്കിലും സർക്കാർ ആശുപത്രിയോ ആരോഗ്യ കേന്ദ്രമോ സന്ദർശിക്കുക.,"ആധാർ കാർഡ്, ഏതെങ്കിലും തിരിച്ചറിയൽ രേഖ"
28,National Programme for Control of Blindness,Ministry of Health and Family Welfare,Health,Provides free cataract operations spectacles and treatment for eye diseases at government hospitals to reduce avoidable blindness.,All citizens requiring eye care with priority to economically weaker sections and elderly population.,Visit nearest government hospital district hospital or eye camp organised by health department for free treatment.,"Aadhaar card, BPL card if applicable",https://npcbvi.gov.in,परिहार्य अंधेपन को कम करने के लिए सरकारी अस्पतालों में मुफ्त मोतियाबिंद ऑपरेशन चश्मे और आंखों की बीमारियों का इलाज प्रदान करता है।,आर्थिक रूप से कमजोर वर्गों और बुजुर्ग आबादी को प्राथमिकता के साथ आंखों की देखभाल की आवश्यकता वाले सभी नागरिकों को।,"निःशुल्क इलाज के लिए निकटतम सरकारी अस्पताल, जिला अस्पताल या स्वास्थ्य विभाग द्वारा आयोजित नेत्र शिविर में जाएँ।","यदि लागू हो तो आधार कार्ड, बीपीएल कार्ड",கண்புரை அறுவை சிகிச்சைக்கான கண்ணாடிகள் மற்றும் கண் நோய்களுக்கான சிகிச்சையை அரசு மருத்துவமனைகளில் இலவசமாக வழங்குகிறது.,பொருளாதாரத்தில் பின்தங்கிய பிரிவினர் மற்றும் முதியோர்களுக்கு முன்னுரிமை அளித்து கண் பராமரிப்பு தேவைப்படும் அனைத்து குடிமக்களும்.,இலவச சிகிச்சைக்காக அருகில் உள்ள அரசு மருத்துவமனை மாவட்ட மருத்துவமனை அல்லது சுகாதாரத் துறையால் ஏற்பாடு செய்யப்பட்ட கண் சிகிச்சை முகாமுக்குச் செல்லவும்.,"ஆதார் அட்டை, பிபிஎல் கார்டு இருந்தால்",నివారించదగిన అంధత్వాన్ని తగ్గించడానికి ప్రభుత్వ ఆసుపత్రులలో ఉచితంగా కంటి శుక్లాల ఆపరేషన్ల కళ్లద్దాలు మరియు కంటి వ్యాధుల చికిత్సను అందిస్తుంది.,ఆర్థికంగా బలహీన వర్గాలు మరియు వృద్ధ జనాభాకు ప్రాధాన్యతనిస్తూ కంటి సంరక్షణ అవసరమయ్యే పౌరులందరికీ.,ఉచిత చికిత్స కోసం సమీపంలోని ప్రభుత్వ ఆసుపత్రి జిల్లా ఆసుపత్రి లేదా ఆరోగ్య శాఖ నిర్వహించే కంటి శిబిరాన్ని సందర్శించండి.,"ఆధార్ కార్డు, బిపిఎల్ కార్డు వర్తిస్తే",পরিহারযোগ্য অন্ধত্ব কমাতে সরকারি হাসপাতালে বিনামূল্যে ছানি অপারেশন চশমা এবং চোখের রোগের চিকিৎসা প্রদান করে।,অর্থনৈতিকভাবে দুর্বল এবং বয়স্ক জনসংখ্যাকে অগ্রাধিকার দিয়ে সকল নাগরিকের চোখের যত্ন প্রয়োজন।,বিনামূল্যে চিকিৎসার জন্য নিকটস্থ সরকারি হাসপাতাল জেলা হাসপাতাল বা স্বাস্থ্য বিভাগ কর্তৃক আয়োজিত চক্ষু শিবিরে যান।,"প্রযোজ্য হলে আধার কার্ড, বিপিএল কার্ড",टाळता येण्याजोगे अंधत्व कमी करण्यासाठी सरकारी रुग्णालयांमध्ये मोफत मोतीबिंदू ऑपरेशनचे चष्मे आणि डोळ्यांच्या आजारांवर उपचार प्रदान करते.,आर्थिकदृष्ट्या दुर्बल घटक आणि वृद्ध लोकसंख्येला प्राधान्य देऊन सर्व नागरिकांना डोळ्यांची काळजी घेणे आवश्यक आहे.,मोफत उपचारासाठी जवळच्या शासकीय रुग्णालय जिल्हा रुग्णालयात किंवा आरोग्य विभागातर्फे आयोजित नेत्रशिबिरात भेट द्या.,"आधार कार्ड, बीपीएल कार्ड लागू असल्यास",ટાળી શકાય તેવા અંધત્વને ઘટાડવા માટે સરકારી હોસ્પિટલોમાં મફત મોતિયાના ઓપરેશનના ચશ્મા અને આંખના રોગોની સારવાર પૂરી પાડે છે.,આર્થિક રીતે નબળા વર્ગો અને વૃદ્ધ વસ્તીને પ્રાથમિકતા સાથે આંખની સંભાળની જરૂર હોય તેવા તમામ નાગરિકો.,મફત સારવાર માટે નજીકની સરકારી હોસ્પિટલ જિલ્લા હોસ્પિટલ અથવા આરોગ્ય વિભાગ દ્વારા આયોજિત આંખના કેમ્પની મુલાકાત લો.,"આધાર કાર્ડ, બીપીએલ કાર્ડ જો લાગુ હોય તો",ತಪ್ಪಿಸಬಹುದಾದ ಅಂಧತ್ವವನ್ನು ಕಡಿಮೆ ಮಾಡಲು ಸರ್ಕಾರಿ ಆಸ್ಪತ್ರೆಗಳಲ್ಲಿ ಕಣ್ಣಿನ ಕಾಯಿಲೆಗಳಿಗೆ ಉಚಿತ ಕಣ್ಣಿನ ಪೊರೆ ಶಸ್ತ್ರಚಿಕಿತ್ಸೆ ಕನ್ನಡಕಗಳನ್ನು ಮತ್ತು ಚಿಕಿತ್ಸೆಯನ್ನು ಒದಗಿಸುತ್ತದೆ.,ಆರ್ಥಿಕವಾಗಿ ದುರ್ಬಲ ವರ್ಗಗಳು ಮತ್ತು ಹಿರಿಯ ಜನಸಂಖ್ಯೆಗೆ ಆದ್ಯತೆಯೊಂದಿಗೆ ಕಣ್ಣಿನ ಆರೈಕೆಯ ಅಗತ್ಯವಿರುವ ಎಲ್ಲಾ ನಾಗರಿಕರು.,ಉಚಿತ ಚಿಕಿತ್ಸೆಗಾಗಿ ಹತ್ತಿರದ ಸರ್ಕಾರಿ ಆಸ್ಪತ್ರೆ ಜಿಲ್ಲಾಸ್ಪತ್ರೆ ಅಥವಾ ಆರೋಗ್ಯ ಇಲಾಖೆ ಆಯೋಜಿಸಿರುವ ನೇತ್ರ ಶಿಬಿರಕ್ಕೆ ಭೇಟಿ ನೀಡಿ.,"ಆಧಾರ್ ಕಾರ್ಡ್, ಬಿಪಿಎಲ್ ಕಾರ್ಡ್ ಅನ್ವಯಿಸಿದರೆ",ഒഴിവാക്കാവുന്ന അന്ധത കുറയ്ക്കുന്നതിന് സർക്കാർ ആശുപത്രികളിൽ സൗജന്യ തിമിര ശസ്ത്രക്രിയയ്ക്കുള്ള കണ്ണടകളും നേത്രരോഗങ്ങൾക്കുള്ള ചികിത്സയും നൽകുന്നു.,സാമ്പത്തികമായി പിന്നാക്കം നിൽക്കുന്നവർക്കും പ്രായമായവർക്കും മുൻഗണന നൽകി നേത്ര പരിചരണം ആവശ്യമുള്ള എല്ലാ പൗരന്മാർക്കും.,സൗജന്യ ചികിത്സയ്ക്കായി അടുത്തുള്ള സർക്കാർ ആശുപത്രി ജില്ലാ ആശുപത്രിയോ ആരോഗ്യ വകുപ്പ് സംഘടിപ്പിക്കുന്ന നേത്ര ക്യാമ്പോ സന്ദർശിക്കുക.,"ബാധകമെങ്കിൽ ആധാർ കാർഡ്, ബിപിഎൽ കാർഡ്"
29,Nikshay Poshan Yojana,Ministry of Health and Family Welfare,Health,Provides nutritional support of Rs 500 per month to all tuberculosis patients during their treatment period.,All notified tuberculosis patients undergoing treatment under Revised National TB Control Programme.,Automatic enrollment when registered for TB treatment at government health facility. Bank account required for direct benefit transfer.,"Aadhaar card, bank account details, TB registration certificate",https://nikshay.in,सभी तपेदिक रोगियों को उनके उपचार अवधि के दौरान प्रति माह 500 रुपये की पोषण सहायता प्रदान की जाती है।,संशोधित राष्ट्रीय टीबी नियंत्रण कार्यक्रम के तहत इलाज करा रहे सभी अधिसूचित तपेदिक रोगी।,सरकारी स्वास्थ्य सुविधा में टीबी उपचार के लिए पंजीकृत होने पर स्वचालित नामांकन। प्रत्यक्ष लाभ हस्तांतरण के लिए बैंक खाता आवश्यक है।,"आधार कार्ड, बैंक खाता विवरण, टीबी पंजीकरण प्रमाण पत्र",அனைத்து காசநோயாளிகளுக்கும் அவர்களின் சிகிச்சை காலத்தில் மாதம் ரூ.500 ஊட்டச்சத்து உதவி வழங்குகிறது.,திருத்தப்பட்ட தேசிய காசநோய் கட்டுப்பாட்டு திட்டத்தின் கீழ் சிகிச்சை பெற்று வரும் அனைத்து அறிவிக்கப்பட்ட காசநோயாளிகளும்.,அரசு சுகாதார நிலையத்தில் காசநோய் சிகிச்சைக்காக பதிவு செய்யும் போது தானியங்கி பதிவு. நேரடி பலன் பரிமாற்றத்திற்கு வங்கி கணக்கு தேவை.,"ஆதார் அட்டை, வங்கி கணக்கு விவரங்கள், காசநோய் பதிவு சான்றிதழ்",క్షయవ్యాధి రోగులందరికీ వారి చికిత్స వ్యవధిలో నెలకు రూ. 500 పోషకాహార మద్దతును అందిస్తుంది.,రివైజ్డ్ నేషనల్ టిబి కంట్రోల్ ప్రోగ్రామ్ కింద చికిత్స పొందుతున్న అన్ని నోటిఫైడ్ క్షయ రోగులు.,ప్రభుత్వ ఆరోగ్య కేంద్రంలో TB చికిత్స కోసం నమోదు చేసుకున్నప్పుడు ఆటోమేటిక్ నమోదు. ప్రత్యక్ష ప్రయోజన బదిలీకి బ్యాంక్ ఖాతా అవసరం.,"ఆధార్ కార్డు, బ్యాంకు ఖాతా వివరాలు, TB రిజిస్ట్రేషన్ సర్టిఫికేట్",সমস্ত যক্ষ্মা রোগীদের চিকিত্সার সময়কালে প্রতি মাসে 500 টাকা পুষ্টি সহায়তা প্রদান করে।,সংশোধিত জাতীয় যক্ষ্মা নিয়ন্ত্রণ কর্মসূচির অধীনে চিকিৎসাধীন সমস্ত অবহিত যক্ষ্মা রোগী।,সরকারি স্বাস্থ্য সুবিধায় যক্ষ্মা চিকিত্সার জন্য নিবন্ধিত হলে স্বয়ংক্রিয় তালিকাভুক্তি। সরাসরি সুবিধা স্থানান্তরের জন্য ব্যাঙ্ক অ্যাকাউন্ট প্রয়োজন।,"আধার কার্ড, ব্যাঙ্ক অ্যাকাউন্টের বিবরণ, টিবি নিবন্ধন শংসাপত্র",सर्व क्षयरुग्णांना त्यांच्या उपचार कालावधीत दरमहा 500 रुपये पौष्टिक सहाय्य प्रदान करते.,सुधारित राष्ट्रीय क्षयरोग नियंत्रण कार्यक्रमांतर्गत सर्व अधिसूचित क्षयरोगाचे रुग्ण उपचार घेत आहेत.,सरकारी आरोग्य सुविधेत टीबी उपचारासाठी नोंदणी केल्यावर स्वयंचलित नावनोंदणी. थेट लाभ हस्तांतरणासाठी बँक खाते आवश्यक आहे.,"आधार कार्ड, बँक खाते तपशील, टीबी नोंदणी प्रमाणपत्र",ક્ષય રોગના તમામ દર્દીઓને તેમની સારવારના સમયગાળા દરમિયાન દર મહિને રૂ. 500 ની પોષણ સહાય પૂરી પાડે છે.,સુધારેલા રાષ્ટ્રીય ક્ષય નિયંત્રણ કાર્યક્રમ હેઠળ સારવાર લઈ રહેલા તમામ સૂચિત ક્ષય રોગના દર્દીઓ.,જ્યારે સરકારી આરોગ્ય સુવિધામાં ટીબીની સારવાર માટે નોંધણી કરવામાં આવે ત્યારે આપોઆપ નોંધણી. ડાયરેક્ટ બેનિફિટ ટ્રાન્સફર માટે બેંક એકાઉન્ટ જરૂરી છે.,"આધાર કાર્ડ, બેંક ખાતાની વિગતો, ટીબી નોંધણી પ્રમાણપત્ર",ಎಲ್ಲಾ ಕ್ಷಯರೋಗಿಗಳಿಗೆ ಅವರ ಚಿಕಿತ್ಸಾ ಅವಧಿಯಲ್ಲಿ ತಿಂಗಳಿಗೆ 500 ರೂಪಾಯಿಗಳ ಪೌಷ್ಟಿಕಾಂಶದ ಬೆಂಬಲವನ್ನು ಒದಗಿಸುತ್ತದೆ.,ಪರಿಷ್ಕೃತ ರಾಷ್ಟ್ರೀಯ ಟಿಬಿ ನಿಯಂತ್ರಣ ಕಾರ್ಯಕ್ರಮದ ಅಡಿಯಲ್ಲಿ ಚಿಕಿತ್ಸೆ ಪಡೆಯುತ್ತಿರುವ ಎಲ್ಲಾ ಅಧಿಸೂಚಿತ ಕ್ಷಯ ರೋಗಿಗಳು.,ಸರ್ಕಾರಿ ಆರೋಗ್ಯ ಸೌಲಭ್ಯದಲ್ಲಿ ಟಿಬಿ ಚಿಕಿತ್ಸೆಗಾಗಿ ನೋಂದಾಯಿಸಿದಾಗ ಸ್ವಯಂಚಾಲಿತ ದಾಖಲಾತಿ. ನೇರ ಲಾಭ ವರ್ಗಾವಣೆಗೆ ಬ್ಯಾಂಕ್ ಖಾತೆ ಅಗತ್ಯವಿದೆ.,"ಆಧಾರ್ ಕಾರ್ಡ್, ಬ್ಯಾಂಕ್ ಖಾತೆ ವಿವರಗಳು, ಟಿಬಿ ನೋಂದಣಿ ಪ್ರಮಾಣಪತ್ರ",എല്ലാ ക്ഷയരോഗികൾക്കും അവരുടെ ചികിത്സാ കാലയളവിൽ പ്രതിമാസം 500 രൂപ പോഷകാഹാര സഹായം നൽകുന്നു.,പുതുക്കിയ ദേശീയ ടിബി കൺട്രോൾ പ്രോഗ്രാമിന് കീഴിൽ ചികിത്സയിൽ കഴിയുന്ന എല്ലാ അറിയിപ്പ് ലഭിച്ച ക്ഷയരോഗികളും.,സർക്കാർ ആരോഗ്യ സ്ഥാപനത്തിൽ ടിബി ചികിത്സയ്ക്കായി രജിസ്റ്റർ ചെയ്യുമ്പോൾ സ്വയമേവയുള്ള എൻറോൾമെൻ്റ്. നേരിട്ടുള്ള ആനുകൂല്യ കൈമാറ്റത്തിന് ബാങ്ക് അക്കൗണ്ട് ആവശ്യമാണ്.,"ആധാർ കാർഡ്, ബാങ്ക് അക്കൗണ്ട് വിശദാംശങ്ങൾ, ടിബി രജിസ്ട്രേഷൻ സർട്ടിഫിക്കറ്റ്"
30,PM Ayushman Bharat Health Infrastructure Mission,Ministry of Health and Family Welfare,Health,Strengthens health infrastructure at primary secondary and tertiary levels including critical care facilities and disease surveillance network.,All citizens benefit through improved healthcare infrastructure at government hospitals.,Access improved healthcare services at government health facilities under this mission.,Aadhaar card or any identity proof,https://nhm.gov.in,"महत्वपूर्ण देखभाल सुविधाओं और रोग निगरानी नेटवर्क सहित प्राथमिक, माध्यमिक और तृतीयक स्तरों पर स्वास्थ्य बुनियादी ढांचे को मजबूत करता है।",सरकारी अस्पतालों में बेहतर स्वास्थ्य सेवा बुनियादी ढांचे से सभी नागरिकों को लाभ होता है।,इस मिशन के तहत सरकारी स्वास्थ्य सुविधाओं पर बेहतर स्वास्थ्य सेवाओं तक पहुंच।,आधार कार्ड या कोई पहचान प्रमाण,முக்கியமான பராமரிப்பு வசதிகள் மற்றும் நோய் கண்காணிப்பு நெட்வொர்க் உட்பட முதன்மை இரண்டாம் நிலை மற்றும் மூன்றாம் நிலைகளில் சுகாதார உள்கட்டமைப்பை வலுப்படுத்துகிறது.,அரசு மருத்துவமனைகளில் மேம்படுத்தப்பட்ட சுகாதார உள்கட்டமைப்பு மூலம் அனைத்து குடிமக்களும் பயனடைகின்றனர்.,இந்த பணியின் கீழ் அரசு சுகாதார வசதிகளில் மேம்படுத்தப்பட்ட சுகாதார சேவைகளை அணுகவும்.,ஆதார் அட்டை அல்லது ஏதேனும் அடையாளச் சான்று,క్లిష్టమైన సంరక్షణ సౌకర్యాలు మరియు వ్యాధి నిఘా నెట్‌వర్క్‌తో సహా ప్రాథమిక ద్వితీయ మరియు తృతీయ స్థాయిలలో ఆరోగ్య మౌలిక సదుపాయాలను బలోపేతం చేస్తుంది.,ప్రభుత్వ ఆసుపత్రులలో మెరుగైన ఆరోగ్య సంరక్షణ మౌలిక సదుపాయాల ద్వారా పౌరులందరూ ప్రయోజనం పొందుతారు.,ఈ మిషన్ కింద ప్రభుత్వ ఆరోగ్య సౌకర్యాల వద్ద మెరుగైన ఆరోగ్య సంరక్షణ సేవలను పొందండి.,ఆధార్ కార్డ్ లేదా ఏదైనా గుర్తింపు రుజువు,গুরুতর যত্ন সুবিধা এবং রোগ নজরদারি নেটওয়ার্ক সহ প্রাথমিক মাধ্যমিক এবং তৃতীয় স্তরে স্বাস্থ্য অবকাঠামোকে শক্তিশালী করে।,সরকারি হাসপাতালে উন্নত স্বাস্থ্য পরিকাঠামোর মাধ্যমে সকল নাগরিক উপকৃত হয়।,এই মিশনের অধীনে সরকারি স্বাস্থ্য সুবিধাগুলিতে উন্নত স্বাস্থ্যসেবা পরিষেবাগুলি অ্যাক্সেস করুন।,আধার কার্ড বা কোনো পরিচয়পত্র,प्राथमिक दुय्यम आणि तृतीय स्तरावर आरोग्याच्या पायाभूत सुविधांना बळकट करते ज्यामध्ये गंभीर काळजी सुविधा आणि रोग पाळत ठेवण्याचे नेटवर्क समाविष्ट आहे.,सरकारी रुग्णालयातील सुधारित आरोग्यसेवा पायाभूत सुविधांमुळे सर्व नागरिकांना फायदा होतो.,या अभियानांतर्गत सरकारी आरोग्य सुविधांमध्ये सुधारित आरोग्य सेवांमध्ये प्रवेश करा.,आधार कार्ड किंवा कोणताही ओळखीचा पुरावा,પ્રાથમિક માધ્યમિક અને તૃતીય સ્તરે આરોગ્ય માળખાને મજબૂત બનાવે છે જેમાં ગંભીર સંભાળ સુવિધાઓ અને રોગ દેખરેખ નેટવર્કનો સમાવેશ થાય છે.,સરકારી હોસ્પિટલોમાં આરોગ્યસંભાળના સુધરેલા માળખા દ્વારા તમામ નાગરિકોને લાભ મળે છે.,આ મિશન હેઠળ સરકારી આરોગ્ય સુવિધાઓ પર સુધારેલ આરોગ્યસંભાળ સેવાઓનો ઉપયોગ કરો.,આધાર કાર્ડ અથવા કોઈપણ ઓળખ પુરાવો,ಕ್ರಿಟಿಕಲ್ ಕೇರ್ ಸೌಲಭ್ಯಗಳು ಮತ್ತು ರೋಗ ಕಣ್ಗಾವಲು ಜಾಲ ಸೇರಿದಂತೆ ಪ್ರಾಥಮಿಕ ಮಾಧ್ಯಮಿಕ ಮತ್ತು ತೃತೀಯ ಹಂತಗಳಲ್ಲಿ ಆರೋಗ್ಯ ಮೂಲಸೌಕರ್ಯವನ್ನು ಬಲಪಡಿಸುತ್ತದೆ.,ಸರ್ಕಾರಿ ಆಸ್ಪತ್ರೆಗಳಲ್ಲಿ ಸುಧಾರಿತ ಆರೋಗ್ಯ ಮೂಲಸೌಕರ್ಯಗಳ ಮೂಲಕ ಎಲ್ಲಾ ನಾಗರಿಕರು ಪ್ರಯೋಜನ ಪಡೆಯುತ್ತಾರೆ.,ಈ ಮಿಷನ್ ಅಡಿಯಲ್ಲಿ ಸರ್ಕಾರಿ ಆರೋಗ್ಯ ಸೌಲಭ್ಯಗಳಲ್ಲಿ ಸುಧಾರಿತ ಆರೋಗ್ಯ ಸೇವೆಗಳನ್ನು ಪ್ರವೇಶಿಸಿ.,ಆಧಾರ್ ಕಾರ್ಡ್ ಅಥವಾ ಯಾವುದೇ ಗುರುತಿನ ಪುರಾವೆ,"ക്രിട്ടിക്കൽ കെയർ സൗകര്യങ്ങളും രോഗ നിരീക്ഷണ ശൃംഖലയും ഉൾപ്പെടെ പ്രാഥമിക ദ്വിതീയ, തൃതീയ തലങ്ങളിൽ ആരോഗ്യ അടിസ്ഥാന സൗകര്യങ്ങൾ ശക്തിപ്പെടുത്തുന്നു.",സർക്കാർ ആശുപത്രികളിലെ മെച്ചപ്പെട്ട ആരോഗ്യ അടിസ്ഥാന സൗകര്യങ്ങൾ വഴി എല്ലാ പൗരന്മാർക്കും പ്രയോജനം ലഭിക്കുന്നു.,ഈ ദൗത്യത്തിന് കീഴിൽ സർക്കാർ ആരോഗ്യ കേന്ദ്രങ്ങളിൽ മെച്ചപ്പെട്ട ആരോഗ്യ സേവനങ്ങൾ ലഭ്യമാക്കുക.,ആധാർ കാർഡ് അല്ലെങ്കിൽ ഏതെങ്കിലും തിരിച്ചറിയൽ രേഖ
31,National Scholarship Portal,Ministry of Education,Education,Single stop platform for students to apply for various central and state government scholarships for school and college education.,Students from SC ST OBC minority and economically weaker sections pursuing school or higher education.,Register and apply at scholarships.gov.in with Aadhaar and bank details before deadline.,"Aadhaar card, bank account, income certificate, caste certificate, marksheets, institution verification",https://scholarships.gov.in,स्कूल और कॉलेज शिक्षा के लिए विभिन्न केंद्रीय और राज्य सरकार की छात्रवृत्ति के लिए आवेदन करने के लिए छात्रों के लिए सिंगल स्टॉप प्लेटफॉर्म।,एससी एसटी ओबीसी अल्पसंख्यक और आर्थिक रूप से कमजोर वर्ग के छात्र स्कूल या उच्च शिक्षा प्राप्त कर रहे हैं।,समय सीमा से पहले आधार और बैंक विवरण के साथ Scholarship.gov.in पर पंजीकरण करें और आवेदन करें।,"आधार कार्ड, बैंक खाता, आय प्रमाण पत्र, जाति प्रमाण पत्र, मार्कशीट, संस्था सत्यापन",பள்ளி மற்றும் கல்லூரிக் கல்விக்கான பல்வேறு மத்திய மற்றும் மாநில அரசு உதவித்தொகைகளுக்கு மாணவர்கள் விண்ணப்பிக்க ஒற்றை நிறுத்த தளம்.,பள்ளி அல்லது உயர்கல்வியைத் தொடரும் SC ST OBC சிறுபான்மையினர் மற்றும் பொருளாதாரத்தில் பின்தங்கிய பிரிவைச் சேர்ந்த மாணவர்கள்.,காலக்கெடுவிற்கு முன் ஆதார் மற்றும் வங்கி விவரங்களுடன் scholarships.gov.in இல் பதிவுசெய்து விண்ணப்பிக்கவும்.,"ஆதார் அட்டை, வங்கிக் கணக்கு, வருமானச் சான்றிதழ், சாதிச் சான்றிதழ், மதிப்பெண் பட்டியல், நிறுவன சரிபார்ப்பு",పాఠశాల మరియు కళాశాల విద్య కోసం వివిధ కేంద్ర మరియు రాష్ట్ర ప్రభుత్వ స్కాలర్‌షిప్‌ల కోసం విద్యార్థులు దరఖాస్తు చేసుకోవడానికి సింగిల్ స్టాప్ ప్లాట్‌ఫారమ్.,SC ST OBC మైనారిటీ మరియు ఆర్థికంగా బలహీన వర్గాల విద్యార్థులు పాఠశాల లేదా ఉన్నత విద్యను అభ్యసిస్తున్నారు.,గడువులోపు ఆధార్ మరియు బ్యాంక్ వివరాలతో స్కాలర్‌షిప్‌లు.gov.inలో నమోదు చేసుకోండి మరియు దరఖాస్తు చేసుకోండి.,"ఆధార్ కార్డు, బ్యాంకు ఖాతా, ఆదాయ ధృవీకరణ పత్రం, కుల ధృవీకరణ పత్రం, మార్క్‌షీట్లు, సంస్థ ధృవీకరణ",স্কুল এবং কলেজ শিক্ষার জন্য বিভিন্ন কেন্দ্রীয় ও রাজ্য সরকারের বৃত্তির জন্য আবেদন করার জন্য শিক্ষার্থীদের জন্য একক স্টপ প্ল্যাটফর্ম।,এসসি এসটি ওবিসি সংখ্যালঘু এবং অর্থনৈতিকভাবে দুর্বল অংশের শিক্ষার্থীরা স্কুল বা উচ্চ শিক্ষা গ্রহণ করছে।,রেজিস্টার করুন এবং সময়সীমার আগে আধার এবং ব্যাঙ্কের বিশদ সহ scholarships.gov.in-এ আবেদন করুন।,"আধার কার্ড, ব্যাঙ্ক অ্যাকাউন্ট, আয়ের শংসাপত্র, জাত শংসাপত্র, মার্কশিট, প্রতিষ্ঠান যাচাইকরণ",शालेय आणि महाविद्यालयीन शिक्षणासाठी विविध केंद्र आणि राज्य सरकारच्या शिष्यवृत्तीसाठी अर्ज करण्यासाठी विद्यार्थ्यांसाठी सिंगल स्टॉप प्लॅटफॉर्म.,एससी एसटी ओबीसी अल्पसंख्याक आणि आर्थिकदृष्ट्या दुर्बल घटकातील विद्यार्थी शालेय किंवा उच्च शिक्षण घेत आहेत.,नोंदणी करा आणि अंतिम मुदतीपूर्वी आधार आणि बँक तपशीलांसह Scholarships.gov.in वर अर्ज करा.,"आधार कार्ड, बँक खाते, उत्पन्नाचा दाखला, जात प्रमाणपत्र, मार्कशीट, संस्था पडताळणी",શાળા અને કોલેજ શિક્ષણ માટે વિવિધ કેન્દ્ર અને રાજ્ય સરકારની શિષ્યવૃત્તિ માટે અરજી કરવા વિદ્યાર્થીઓ માટે સિંગલ સ્ટોપ પ્લેટફોર્મ.,એસસી એસટી ઓબીસી લઘુમતી અને આર્થિક રીતે નબળા વર્ગના વિદ્યાર્થીઓ શાળા અથવા ઉચ્ચ શિક્ષણ મેળવે છે.,નોંધણી કરો અને સમયમર્યાદા પહેલા આધાર અને બેંક વિગતો સાથે Scholarships.gov.in પર અરજી કરો.,"આધાર કાર્ડ, બેંક ખાતું, આવકનું પ્રમાણપત્ર, જાતિ પ્રમાણપત્ર, માર્કશીટ, સંસ્થાની ચકાસણી",ಶಾಲಾ ಮತ್ತು ಕಾಲೇಜು ಶಿಕ್ಷಣಕ್ಕಾಗಿ ವಿವಿಧ ಕೇಂದ್ರ ಮತ್ತು ರಾಜ್ಯ ಸರ್ಕಾರದ ವಿದ್ಯಾರ್ಥಿವೇತನಕ್ಕೆ ಅರ್ಜಿ ಸಲ್ಲಿಸಲು ವಿದ್ಯಾರ್ಥಿಗಳಿಗೆ ಏಕ ನಿಲುಗಡೆ ವೇದಿಕೆ.,SC ST OBC ಅಲ್ಪಸಂಖ್ಯಾತ ಮತ್ತು ಆರ್ಥಿಕವಾಗಿ ದುರ್ಬಲ ವರ್ಗಗಳ ವಿದ್ಯಾರ್ಥಿಗಳು ಶಾಲೆ ಅಥವಾ ಉನ್ನತ ಶಿಕ್ಷಣವನ್ನು ಅನುಸರಿಸುತ್ತಿದ್ದಾರೆ.,ಗಡುವಿನ ಮೊದಲು ಆಧಾರ್ ಮತ್ತು ಬ್ಯಾಂಕ್ ವಿವರಗಳೊಂದಿಗೆ scholarships.gov.in ನಲ್ಲಿ ನೋಂದಾಯಿಸಿ ಮತ್ತು ಅರ್ಜಿ ಸಲ್ಲಿಸಿ.,"ಆಧಾರ್ ಕಾರ್ಡ್, ಬ್ಯಾಂಕ್ ಖಾತೆ, ಆದಾಯ ಪ್ರಮಾಣ ಪತ್ರ, ಜಾತಿ ಪ್ರಮಾಣ ಪತ್ರ, ಅಂಕಪಟ್ಟಿ, ಸಂಸ್ಥೆಯ ಪರಿಶೀಲನೆ","സ്‌കൂൾ, കോളേജ് വിദ്യാഭ്യാസത്തിനായുള്ള വിവിധ കേന്ദ്ര-സംസ്ഥാന സർക്കാരുകളുടെ സ്‌കോളർഷിപ്പുകൾക്ക് വിദ്യാർത്ഥികൾക്ക് അപേക്ഷിക്കാനുള്ള സിംഗിൾ സ്റ്റോപ്പ് പ്ലാറ്റ്‌ഫോം.",SC ST OBC ന്യൂനപക്ഷവും സാമ്പത്തികമായി പിന്നാക്കം നിൽക്കുന്നതുമായ വിഭാഗങ്ങളിൽ നിന്നുള്ള വിദ്യാർത്ഥികൾ സ്കൂൾ അല്ലെങ്കിൽ ഉന്നത വിദ്യാഭ്യാസം നേടുന്നു.,ആധാറും ബാങ്ക് വിശദാംശങ്ങളും സഹിതം സ്‌കോളർഷിപ്പ്.gov.in-ൽ രജിസ്റ്റർ ചെയ്‌ത് അപേക്ഷിക്കുക.,"ആധാർ കാർഡ്, ബാങ്ക് അക്കൗണ്ട്, വരുമാന സർട്ടിഫിക്കറ്റ്, ജാതി സർട്ടിഫിക്കറ്റ്, മാർക്ക് ഷീറ്റുകൾ, സ്ഥാപന പരിശോധന"
32,PM Scholarship Scheme,Ministry of Education,Education,Provides scholarships to wards and widows of ex-servicemen and ex-Coast Guard personnel for professional degree courses.,Wards and widows of ex-servicemen pursuing professional degree courses like engineering medicine MBA MCA.,Apply online at ksb.gov.in during the application period with required documents and marksheets.,"Aadhaar card, ex-serviceman certificate, marksheets, bank account details, bonafide certificate",https://ksb.gov.in,पेशेवर डिग्री पाठ्यक्रमों के लिए पूर्व सैनिकों और पूर्व तटरक्षक कर्मियों के बच्चों और विधवाओं को छात्रवृत्ति प्रदान करता है।,पूर्व सैनिकों के बच्चे और विधवाएँ इंजीनियरिंग मेडिसिन एमबीए एमसीए जैसे पेशेवर डिग्री पाठ्यक्रम कर रहे हैं।,आवश्यक दस्तावेजों और मार्कशीट के साथ आवेदन अवधि के दौरान ksb.gov.in पर ऑनलाइन आवेदन करें।,"आधार कार्ड, पूर्व सैनिक प्रमाण पत्र, मार्कशीट, बैंक खाता विवरण, वास्तविक प्रमाण पत्र",முன்னாள் ராணுவ வீரர்கள் மற்றும் முன்னாள் கடலோர காவல்படை பணியாளர்களின் வார்டுகள் மற்றும் விதவைகளுக்கு தொழில்முறை பட்டப்படிப்புகளுக்கு உதவித்தொகை வழங்குகிறது.,பொறியியல் மருத்துவம் எம்பிஏ எம்சிஏ போன்ற தொழில்முறை பட்டப்படிப்புகளைப் படிக்கும் முன்னாள் ராணுவ வீரர்களின் வார்டுகள் மற்றும் விதவைகள்.,விண்ணப்பிக்கும் காலத்தில் ksb.gov.in என்ற இணையதளத்தில் தேவையான ஆவணங்கள் மற்றும் மதிப்பெண் பட்டியல்களுடன் ஆன்லைனில் விண்ணப்பிக்கவும்.,"ஆதார் அட்டை, முன்னாள் ராணுவ வீரர் சான்றிதழ், மதிப்பெண் பட்டியல்கள், வங்கி கணக்கு விவரங்கள், உறுதியான சான்றிதழ்",ప్రొఫెషనల్ డిగ్రీ కోర్సుల కోసం మాజీ సైనికులు మరియు మాజీ కోస్ట్ గార్డ్ సిబ్బంది వార్డులు మరియు వితంతువులకు స్కాలర్‌షిప్‌లను అందిస్తుంది.,ఇంజనీరింగ్ మెడిసిన్ MBA MCA వంటి ప్రొఫెషనల్ డిగ్రీ కోర్సులను అభ్యసిస్తున్న మాజీ సైనికుల వార్డులు మరియు వితంతువులు.,అవసరమైన పత్రాలు మరియు మార్క్‌షీట్‌లతో దరఖాస్తు వ్యవధిలో ksb.gov.inలో ఆన్‌లైన్‌లో దరఖాస్తు చేసుకోండి.,"ఆధార్ కార్డ్, ఎక్స్-సర్వీస్‌మెన్ సర్టిఫికేట్, మార్క్‌షీట్లు, బ్యాంక్ ఖాతా వివరాలు, బోనఫైడ్ సర్టిఫికేట్",পেশাদার ডিগ্রি কোর্সের জন্য প্রাক্তন সৈনিক এবং প্রাক্তন কোস্ট গার্ড কর্মীদের ওয়ার্ড এবং বিধবাদের বৃত্তি প্রদান করে।,ইঞ্জিনিয়ারিং মেডিসিন এমবিএ এমসিএ-র মতো পেশাদার ডিগ্রি কোর্সে অধ্যয়নরত প্রাক্তন সেনাদের ওয়ার্ড এবং বিধবারা।,প্রয়োজনীয় নথি এবং মার্কশিট সহ আবেদনের সময়কালে ksb.gov.in-এ অনলাইনে আবেদন করুন।,"আধার কার্ড, প্রাক্তন সৈন্যের শংসাপত্র, মার্কশিট, ব্যাঙ্ক অ্যাকাউন্টের বিশদ বিবরণ, অকৃত্রিম শংসাপত্র",व्यावसायिक पदवी अभ्यासक्रमांसाठी माजी सैनिक आणि माजी कोस्ट गार्ड कर्मचाऱ्यांच्या वार्ड आणि विधवांना शिष्यवृत्ती प्रदान करते.,अभियांत्रिकी औषध एमबीए एमसीए सारखे व्यावसायिक पदवी अभ्यासक्रम घेत असलेल्या माजी सैनिकांच्या वार्ड आणि विधवा.,आवश्यक कागदपत्रे आणि मार्कशीटसह अर्ज कालावधी दरम्यान ksb.gov.in वर ऑनलाइन अर्ज करा.,"आधार कार्ड, माजी सैनिक प्रमाणपत्र, मार्कशीट, बँक खाते तपशील, बोनाफाईड प्रमाणपत्र",વ્યાવસાયિક ડિગ્રી અભ્યાસક્રમો માટે ભૂતપૂર્વ સૈનિકો અને ભૂતપૂર્વ કોસ્ટ ગાર્ડ કર્મચારીઓના વોર્ડ અને વિધવાઓને શિષ્યવૃત્તિ પ્રદાન કરે છે.,ઇજનેરી મેડિસિન એમબીએ એમસીએ જેવા વ્યાવસાયિક ડિગ્રી અભ્યાસક્રમો ચલાવતા ભૂતપૂર્વ સૈનિકોના વોર્ડ અને વિધવાઓ.,અરજીના સમયગાળા દરમિયાન જરૂરી દસ્તાવેજો અને માર્કશીટ સાથે ksb.gov.in પર ઑનલાઇન અરજી કરો.,"આધાર કાર્ડ, ભૂતપૂર્વ સૈનિક પ્રમાણપત્ર, માર્કશીટ, બેંક ખાતાની વિગતો, બોનાફાઇડ પ્રમાણપત્ર",ವೃತ್ತಿಪರ ಪದವಿ ಕೋರ್ಸ್‌ಗಳಿಗಾಗಿ ಮಾಜಿ ಸೈನಿಕರು ಮತ್ತು ಮಾಜಿ ಕೋಸ್ಟ್ ಗಾರ್ಡ್ ಸಿಬ್ಬಂದಿಯ ವಾರ್ಡ್‌ಗಳು ಮತ್ತು ವಿಧವೆಯರಿಗೆ ವಿದ್ಯಾರ್ಥಿವೇತನವನ್ನು ಒದಗಿಸುತ್ತದೆ.,ಇಂಜಿನಿಯರಿಂಗ್ ಮೆಡಿಸಿನ್ MBA MCA ನಂತಹ ವೃತ್ತಿಪರ ಪದವಿ ಕೋರ್ಸ್‌ಗಳನ್ನು ಅನುಸರಿಸುತ್ತಿರುವ ಮಾಜಿ ಸೈನಿಕರ ವಾರ್ಡ್‌ಗಳು ಮತ್ತು ವಿಧವೆಯರು.,ಅಗತ್ಯ ದಾಖಲೆಗಳು ಮತ್ತು ಮಾರ್ಕ್‌ಶೀಟ್‌ಗಳೊಂದಿಗೆ ಅರ್ಜಿಯ ಅವಧಿಯಲ್ಲಿ ksb.gov.in ನಲ್ಲಿ ಆನ್‌ಲೈನ್‌ನಲ್ಲಿ ಅನ್ವಯಿಸಿ.,"ಆಧಾರ್ ಕಾರ್ಡ್, ಮಾಜಿ ಸೈನಿಕ ಪ್ರಮಾಣಪತ್ರ, ಮಾರ್ಕ್‌ಶೀಟ್‌ಗಳು, ಬ್ಯಾಂಕ್ ಖಾತೆ ವಿವರಗಳು, ಬೋನಫೈಡ್ ಪ್ರಮಾಣಪತ್ರ",മുൻ സൈനികരുടെയും മുൻ കോസ്റ്റ് ഗാർഡിൻ്റെയും വാർഡുകൾക്കും വിധവകൾക്കും പ്രൊഫഷണൽ ഡിഗ്രി കോഴ്സുകൾക്ക് സ്കോളർഷിപ്പ് നൽകുന്നു.,എഞ്ചിനീയറിംഗ് മെഡിസിൻ MBA MCA പോലെയുള്ള പ്രൊഫഷണൽ ഡിഗ്രി കോഴ്സുകൾ പഠിക്കുന്ന വിമുക്തഭടന്മാരുടെ വാർഡുകളും വിധവകളും.,അപേക്ഷാ കാലയളവിൽ ആവശ്യമായ രേഖകളും മാർക്ക് ഷീറ്റുകളും സഹിതം ksb.gov.in എന്ന വെബ്സൈറ്റിൽ ഓൺലൈനായി അപേക്ഷിക്കുക.,"ആധാർ കാർഡ്, എക്സ്-സർവീസ്മാൻ സർട്ടിഫിക്കറ്റ്, മാർക്ക് ഷീറ്റുകൾ, ബാങ്ക് അക്കൗണ്ട് വിശദാംശങ്ങൾ, ബോണഫൈഡ് സർട്ടിഫിക്കറ്റ്"
33,Samagra Shiksha Abhiyan,Ministry of Education,Education,Provides free and compulsory elementary education and free secondary education with focus on improving quality of school education across India.,All children between 6 to 18 years of age for free education under Right to Education Act.,Enroll at nearest government school. Contact District Education Officer for out of school children.,"Birth certificate, address proof, transfer certificate if applicable",https://samagra.education.gov.in,पूरे भारत में स्कूली शिक्षा की गुणवत्ता में सुधार पर ध्यान देने के साथ मुफ्त और अनिवार्य प्रारंभिक शिक्षा और मुफ्त माध्यमिक शिक्षा प्रदान करता है।,शिक्षा का अधिकार अधिनियम के तहत 6 से 18 वर्ष की आयु के सभी बच्चों को निःशुल्क शिक्षा।,नजदीकी सरकारी स्कूल में दाखिला लें। स्कूल न जाने वाले बच्चों के लिए जिला शिक्षा अधिकारी से संपर्क करें।,"यदि लागू हो तो जन्म प्रमाण पत्र, पते का प्रमाण, स्थानांतरण प्रमाण पत्र",இந்தியா முழுவதும் பள்ளிக் கல்வியின் தரத்தை மேம்படுத்துவதில் கவனம் செலுத்தி இலவச மற்றும் கட்டாய தொடக்கக் கல்வி மற்றும் இலவச இடைநிலைக் கல்வியை வழங்குகிறது.,கல்வி உரிமைச் சட்டத்தின் கீழ் 6 முதல் 18 வயது வரை உள்ள அனைத்துக் குழந்தைகளுக்கும் இலவசக் கல்வி.,அருகில் உள்ள அரசுப் பள்ளியில் சேருங்கள். பள்ளி செல்லாத குழந்தைகளுக்கு மாவட்ட கல்வி அலுவலரை தொடர்பு கொள்ளவும்.,"பிறப்புச் சான்றிதழ், முகவரிச் சான்று, பொருந்தினால் இடமாற்றச் சான்றிதழ்",భారతదేశం అంతటా పాఠశాల విద్య నాణ్యతను మెరుగుపరచడంపై దృష్టి సారించి ఉచిత మరియు నిర్బంధ ప్రాథమిక విద్య మరియు ఉచిత మాధ్యమిక విద్యను అందిస్తుంది.,విద్యాహక్కు చట్టం ప్రకారం 6 నుంచి 18 ఏళ్లలోపు పిల్లలందరికీ ఉచిత విద్య.,సమీపంలోని ప్రభుత్వ పాఠశాలలో నమోదు చేయండి. బడి బయట పిల్లల కోసం జిల్లా విద్యాశాఖ అధికారిని సంప్రదించండి.,"జనన ధృవీకరణ పత్రం, చిరునామా రుజువు, వర్తిస్తే బదిలీ సర్టిఫికేట్",বিনামূল্যে এবং বাধ্যতামূলক প্রাথমিক শিক্ষা এবং বিনামূল্যে মাধ্যমিক শিক্ষা প্রদান করে ভারত জুড়ে স্কুল শিক্ষার মান উন্নত করার উপর ফোকাস করে।,শিক্ষার অধিকার আইনের অধীনে 6 থেকে 18 বছর বয়সী সকল শিশু বিনামূল্যে শিক্ষার জন্য।,নিকটস্থ সরকারি স্কুলে ভর্তি হন। স্কুল বহির্ভূত শিশুদের জন্য জেলা শিক্ষা অফিসারের সাথে যোগাযোগ করুন।,"জন্ম শংসাপত্র, ঠিকানা প্রমাণ, প্রযোজ্য হলে স্থানান্তর শংসাপত্র",संपूर्ण भारतातील शालेय शिक्षणाची गुणवत्ता सुधारण्यावर लक्ष केंद्रित करून मोफत आणि सक्तीचे प्राथमिक शिक्षण आणि मोफत माध्यमिक शिक्षण प्रदान करते.,6 ते 18 वयोगटातील सर्व मुलांना शिक्षण हक्क कायद्यांतर्गत मोफत शिक्षण.,जवळच्या सरकारी शाळेत प्रवेश घ्या. शाळाबाह्य मुलांसाठी जिल्हा शिक्षणाधिकाऱ्यांशी संपर्क साधा.,"जन्म प्रमाणपत्र, पत्ता पुरावा, लागू असल्यास हस्तांतरण प्रमाणपत्र",સમગ્ર ભારતમાં શાળા શિક્ષણની ગુણવત્તા સુધારવા પર ધ્યાન કેન્દ્રિત કરીને મફત અને ફરજિયાત પ્રાથમિક શિક્ષણ અને મફત માધ્યમિક શિક્ષણ પૂરું પાડે છે.,રાઈટ ટુ એજ્યુકેશન એક્ટ હેઠળ 6 થી 18 વર્ષની વયના તમામ બાળકોને મફત શિક્ષણ.,નજીકની સરકારી શાળામાં નોંધણી કરાવો. શાળા બહારના બાળકો માટે જિલ્લા શિક્ષણ અધિકારીનો સંપર્ક કરો.,"જો લાગુ હોય તો જન્મ પ્રમાણપત્ર, સરનામાનો પુરાવો, ટ્રાન્સફર પ્રમાણપત્ર",ಭಾರತದಾದ್ಯಂತ ಶಾಲಾ ಶಿಕ್ಷಣದ ಗುಣಮಟ್ಟವನ್ನು ಸುಧಾರಿಸುವತ್ತ ಗಮನಹರಿಸುವುದರೊಂದಿಗೆ ಉಚಿತ ಮತ್ತು ಕಡ್ಡಾಯ ಪ್ರಾಥಮಿಕ ಶಿಕ್ಷಣ ಮತ್ತು ಉಚಿತ ಮಾಧ್ಯಮಿಕ ಶಿಕ್ಷಣವನ್ನು ಒದಗಿಸುತ್ತದೆ.,6 ರಿಂದ 18 ವರ್ಷದೊಳಗಿನ ಎಲ್ಲಾ ಮಕ್ಕಳಿಗೆ ಶಿಕ್ಷಣ ಹಕ್ಕು ಕಾಯ್ದೆಯಡಿ ಉಚಿತ ಶಿಕ್ಷಣ.,ಹತ್ತಿರದ ಸರ್ಕಾರಿ ಶಾಲೆಗೆ ದಾಖಲಿಸಿ. ಶಾಲೆಯಿಂದ ಹೊರಗುಳಿದ ಮಕ್ಕಳಿಗಾಗಿ ಜಿಲ್ಲಾ ಶಿಕ್ಷಣಾಧಿಕಾರಿಗಳನ್ನು ಸಂಪರ್ಕಿಸಿ.,"ಜನ್ಮ ಪ್ರಮಾಣಪತ್ರ, ವಿಳಾಸ ಪುರಾವೆ, ಅನ್ವಯಿಸಿದರೆ ವರ್ಗಾವಣೆ ಪ್ರಮಾಣಪತ್ರ",ഇന്ത്യയിലുടനീളമുള്ള സ്കൂൾ വിദ്യാഭ്യാസത്തിൻ്റെ ഗുണനിലവാരം മെച്ചപ്പെടുത്തുന്നതിൽ ശ്രദ്ധ കേന്ദ്രീകരിച്ച് സൗജന്യവും നിർബന്ധിതവുമായ പ്രാഥമിക വിദ്യാഭ്യാസവും സൗജന്യ സെക്കൻഡറി വിദ്യാഭ്യാസവും നൽകുന്നു.,6 മുതൽ 18 വയസ്സുവരെയുള്ള എല്ലാ കുട്ടികൾക്കും വിദ്യാഭ്യാസ അവകാശ നിയമപ്രകാരം സൗജന്യ വിദ്യാഭ്യാസം.,അടുത്തുള്ള സർക്കാർ സ്കൂളിൽ ചേരുക. സ്‌കൂളിൽ പോകാത്ത കുട്ടികൾക്കായി ജില്ലാ വിദ്യാഭ്യാസ ഓഫീസറുമായി ബന്ധപ്പെടുക.,"ജനന സർട്ടിഫിക്കറ്റ്, വിലാസ തെളിവ്, ബാധകമെങ്കിൽ ട്രാൻസ്ഫർ സർട്ടിഫിക്കറ്റ്"
34,Mid Day Meal Scheme,Ministry of Education,Education,Provides free hot cooked meal to children studying in government and government aided schools to improve enrollment attendance and retention.,All children studying in Classes 1 to 8 in government and government aided schools.,Automatically available to all enrolled students in government schools. No separate application needed.,School enrollment,https://mdm.nic.in,नामांकन उपस्थिति और प्रतिधारण में सुधार के लिए सरकारी और सरकारी सहायता प्राप्त स्कूलों में पढ़ने वाले बच्चों को मुफ्त गर्म पका हुआ भोजन प्रदान करता है।,सरकारी और सरकारी सहायता प्राप्त स्कूलों में कक्षा 1 से 8 तक पढ़ने वाले सभी बच्चे।,सरकारी स्कूलों में सभी नामांकित छात्रों के लिए स्वचालित रूप से उपलब्ध है। अलग से आवेदन की जरूरत नहीं.,स्कूल में नामांकन,"அரசு மற்றும் அரசு உதவிபெறும் பள்ளிகளில் படிக்கும் குழந்தைகளுக்கு, மாணவர் சேர்க்கை வருகை மற்றும் தக்கவைப்பை மேம்படுத்தும் வகையில், இலவசமாக சமைத்த உணவை வழங்குகிறது.",அரசு மற்றும் அரசு உதவி பெறும் பள்ளிகளில் 1 முதல் 8 ஆம் வகுப்பு வரை படிக்கும் அனைத்து குழந்தைகளும்.,அரசுப் பள்ளிகளில் சேரும் அனைத்து மாணவர்களுக்கும் தானாகவே கிடைக்கும். தனி விண்ணப்பம் தேவையில்லை.,பள்ளி சேர்க்கை,ఎన్‌రోల్‌మెంట్ హాజరు మరియు నిలుపుదల మెరుగుపరచడానికి ప్రభుత్వ మరియు ప్రభుత్వ సహాయ పాఠశాలల్లో చదువుతున్న పిల్లలకు ఉచితంగా వేడి వేడి భోజనం అందిస్తుంది.,ప్రభుత్వ మరియు ప్రభుత్వ ఎయిడెడ్ పాఠశాలల్లో 1 నుండి 8వ తరగతి వరకు చదువుతున్న పిల్లలందరూ.,ప్రభుత్వ పాఠశాలల్లో నమోదు చేసుకున్న విద్యార్థులందరికీ స్వయంచాలకంగా అందుబాటులో ఉంటుంది. ప్రత్యేక అప్లికేషన్ అవసరం లేదు.,పాఠశాల నమోదు,তালিকাভুক্তির উপস্থিতি এবং ধরে রাখার উন্নতির জন্য সরকারী এবং সরকারী সাহায্যপ্রাপ্ত বিদ্যালয়ে অধ্যয়নরত শিশুদের বিনামূল্যে গরম রান্না করা খাবার সরবরাহ করে।,সরকারি ও সরকারি সাহায্যপ্রাপ্ত স্কুলে 1 থেকে 8 শ্রেণী পর্যন্ত অধ্যয়নরত সমস্ত শিশু।,সরকারী স্কুলে নথিভুক্ত সকল শিক্ষার্থীদের জন্য স্বয়ংক্রিয়ভাবে উপলব্ধ। আলাদা আবেদনের প্রয়োজন নেই।,স্কুল তালিকাভুক্তি,सरकारी आणि सरकारी अनुदानित शाळांमध्ये शिकणाऱ्या मुलांना नोंदणीची उपस्थिती आणि टिकवून ठेवण्यासाठी मोफत गरम शिजवलेले जेवण प्रदान करते.,सरकारी आणि सरकारी अनुदानित शाळांमध्ये इयत्ता 1 ते 8 पर्यंत शिकणारी सर्व मुले.,सरकारी शाळांमध्ये नोंदणी केलेल्या सर्व विद्यार्थ्यांसाठी स्वयंचलितपणे उपलब्ध. वेगळ्या अर्जाची गरज नाही.,शाळा नोंदणी,નોંધણીની હાજરી અને જાળવી રાખવા માટે સરકારી અને સરકારી સહાયિત શાળાઓમાં અભ્યાસ કરતા બાળકોને મફત ગરમ રાંધેલું ભોજન પૂરું પાડે છે.,સરકારી અને સરકારી સહાયિત શાળાઓમાં ધોરણ 1 થી 8 માં અભ્યાસ કરતા તમામ બાળકો.,સરકારી શાળાઓમાં નોંધાયેલા તમામ વિદ્યાર્થીઓ માટે આપમેળે ઉપલબ્ધ. કોઈ અલગ એપ્લિકેશનની જરૂર નથી.,શાળા નોંધણી,ದಾಖಲಾತಿ ಹಾಜರಾತಿ ಮತ್ತು ಧಾರಣವನ್ನು ಸುಧಾರಿಸಲು ಸರ್ಕಾರಿ ಮತ್ತು ಸರ್ಕಾರಿ ಅನುದಾನಿತ ಶಾಲೆಗಳಲ್ಲಿ ಓದುತ್ತಿರುವ ಮಕ್ಕಳಿಗೆ ಉಚಿತ ಬಿಸಿ ಬೇಯಿಸಿದ ಊಟವನ್ನು ಒದಗಿಸುತ್ತದೆ.,ಸರ್ಕಾರಿ ಮತ್ತು ಸರ್ಕಾರಿ ಅನುದಾನಿತ ಶಾಲೆಗಳಲ್ಲಿ 1 ರಿಂದ 8 ನೇ ತರಗತಿಯಲ್ಲಿ ಓದುತ್ತಿರುವ ಎಲ್ಲಾ ಮಕ್ಕಳು.,ಸರ್ಕಾರಿ ಶಾಲೆಗಳಲ್ಲಿ ದಾಖಲಾದ ಎಲ್ಲಾ ವಿದ್ಯಾರ್ಥಿಗಳಿಗೆ ಸ್ವಯಂಚಾಲಿತವಾಗಿ ಲಭ್ಯವಿದೆ. ಪ್ರತ್ಯೇಕ ಅಪ್ಲಿಕೇಶನ್ ಅಗತ್ಯವಿಲ್ಲ.,ಶಾಲಾ ದಾಖಲಾತಿ,"എൻറോൾമെൻ്റ് ഹാജർ നില മെച്ചപ്പെടുത്തുന്നതിന് സർക്കാർ, സർക്കാർ എയ്ഡഡ് സ്‌കൂളുകളിൽ പഠിക്കുന്ന കുട്ടികൾക്ക് സൗജന്യമായി പാകം ചെയ്ത ചൂട് ഭക്ഷണം നൽകുന്നു.","സർക്കാർ, സർക്കാർ എയ്ഡഡ് സ്കൂളുകളിൽ 1 മുതൽ 8 വരെ ക്ലാസുകളിൽ പഠിക്കുന്ന എല്ലാ കുട്ടികളും.",സർക്കാർ സ്കൂളുകളിൽ എൻറോൾ ചെയ്ത എല്ലാ വിദ്യാർത്ഥികൾക്കും സ്വയമേവ ലഭ്യമാണ്. പ്രത്യേക അപേക്ഷ ആവശ്യമില്ല.,സ്കൂൾ പ്രവേശനം
35,PM VIDYA Scheme,Ministry of Education,Education,Provides multi mode access to quality education through digital platforms TV channels radio and online courses for students across India.,All students from Class 1 to 12 and higher education students across India.,Access free content at diksha.gov.in or watch PM eVIDYA TV channels or download DIKSHA app.,No documents required for accessing free content,https://diksha.gov.in,"पूरे भारत में छात्रों के लिए डिजिटल प्लेटफॉर्म, टीवी चैनल, रेडियो और ऑनलाइन पाठ्यक्रमों के माध्यम से गुणवत्तापूर्ण शिक्षा तक मल्टी मोड पहुंच प्रदान करता है।",भारत भर में कक्षा 1 से 12 तक के सभी छात्र और उच्च शिक्षा के छात्र।,diksha.gov.in पर निःशुल्क सामग्री प्राप्त करें या PM eVIDYA टीवी चैनल देखें या DIKSHA ऐप डाउनलोड करें।,निःशुल्क सामग्री तक पहुँचने के लिए किसी दस्तावेज़ की आवश्यकता नहीं है,இந்தியா முழுவதும் உள்ள மாணவர்களுக்கு டிஜிட்டல் தளங்கள் டிவி சேனல்கள் வானொலி மற்றும் ஆன்லைன் படிப்புகள் மூலம் தரமான கல்விக்கான பல முறை அணுகலை வழங்குகிறது.,"1 முதல் 12 ஆம் வகுப்பு வரை உள்ள அனைத்து மாணவர்களும், இந்தியா முழுவதும் உள்ள உயர்கல்வி பயிலும் மாணவர்கள்.",diksha.gov.in இல் இலவச உள்ளடக்கத்தை அணுகவும் அல்லது PM eVIDYA TV சேனல்களைப் பார்க்கவும் அல்லது DIKSHA பயன்பாட்டைப் பதிவிறக்கவும்.,இலவச உள்ளடக்கத்தை அணுகுவதற்கு ஆவணங்கள் தேவையில்லை,భారతదేశంలోని విద్యార్థులకు డిజిటల్ ప్లాట్‌ఫారమ్‌ల టీవీ ఛానెల్‌ల రేడియో మరియు ఆన్‌లైన్ కోర్సుల ద్వారా నాణ్యమైన విద్యకు బహుళ మోడ్ యాక్సెస్‌ను అందిస్తుంది.,భారతదేశం అంతటా 1వ తరగతి నుండి 12వ తరగతి వరకు మరియు ఉన్నత విద్యాభ్యాసం చేస్తున్న విద్యార్థులందరూ.,diksha.gov.inలో ఉచిత కంటెంట్‌ని యాక్సెస్ చేయండి లేదా PM eVIDYA TV ఛానెల్‌లను చూడండి లేదా DIKSHA యాప్‌ని డౌన్‌లోడ్ చేసుకోండి.,ఉచిత కంటెంట్‌ను యాక్సెస్ చేయడానికి పత్రాలు అవసరం లేదు,সারা ভারতে শিক্ষার্থীদের জন্য ডিজিটাল প্ল্যাটফর্ম টিভি চ্যানেল রেডিও এবং অনলাইন কোর্সের মাধ্যমে মানসম্পন্ন শিক্ষার মাল্টি মোড অ্যাক্সেস প্রদান করে।,ক্লাস 1 থেকে 12 পর্যন্ত সমস্ত ছাত্র এবং ভারত জুড়ে উচ্চ শিক্ষার ছাত্র।,diksha.gov.in-এ বিনামূল্যে সামগ্রী অ্যাক্সেস করুন বা PM eVIDYA টিভি চ্যানেল দেখুন বা DIKSHA অ্যাপ ডাউনলোড করুন।,বিনামূল্যে বিষয়বস্তু অ্যাক্সেস করার জন্য কোন নথি প্রয়োজন,भारतभरातील विद्यार्थ्यांसाठी डिजिटल प्लॅटफॉर्म टीव्ही चॅनेल रेडिओ आणि ऑनलाइन अभ्यासक्रमांद्वारे दर्जेदार शिक्षणासाठी मल्टी मोड ऍक्सेस प्रदान करते.,इयत्ता 1 ते 12 पर्यंतचे सर्व विद्यार्थी आणि संपूर्ण भारतातील उच्च शिक्षण घेणारे विद्यार्थी.,diksha.gov.in वर विनामूल्य सामग्रीमध्ये प्रवेश करा किंवा PM eVIDYA टीव्ही चॅनेल पहा किंवा DIKSHA ॲप डाउनलोड करा.,विनामूल्य सामग्रीमध्ये प्रवेश करण्यासाठी कोणत्याही कागदपत्रांची आवश्यकता नाही,સમગ્ર ભારતમાં વિદ્યાર્થીઓ માટે ડિજિટલ પ્લેટફોર્મ્સ ટીવી ચેનલો રેડિયો અને ઑનલાઇન અભ્યાસક્રમો દ્વારા ગુણવત્તાયુક્ત શિક્ષણ માટે મલ્ટી મોડ એક્સેસ પ્રદાન કરે છે.,સમગ્ર ભારતમાં ધોરણ 1 થી 12 સુધીના તમામ વિદ્યાર્થીઓ અને ઉચ્ચ શિક્ષણના વિદ્યાર્થીઓ.,diksha.gov.in પર મફત સામગ્રી ઍક્સેસ કરો અથવા PM eVIDYA ટીવી ચેનલો જુઓ અથવા DIKSHA એપ્લિકેશન ડાઉનલોડ કરો.,મફત સામગ્રી ઍક્સેસ કરવા માટે કોઈ દસ્તાવેજોની જરૂર નથી,ಭಾರತದಾದ್ಯಂತ ವಿದ್ಯಾರ್ಥಿಗಳಿಗೆ ಡಿಜಿಟಲ್ ಪ್ಲಾಟ್‌ಫಾರ್ಮ್‌ಗಳು ಟಿವಿ ಚಾನೆಲ್‌ಗಳು ರೇಡಿಯೋ ಮತ್ತು ಆನ್‌ಲೈನ್ ಕೋರ್ಸ್‌ಗಳ ಮೂಲಕ ಗುಣಮಟ್ಟದ ಶಿಕ್ಷಣಕ್ಕೆ ಬಹು ಮೋಡ್ ಪ್ರವೇಶವನ್ನು ಒದಗಿಸುತ್ತದೆ.,1 ರಿಂದ 12 ನೇ ತರಗತಿಯವರೆಗಿನ ಎಲ್ಲಾ ವಿದ್ಯಾರ್ಥಿಗಳು ಮತ್ತು ಭಾರತದಾದ್ಯಂತ ಉನ್ನತ ಶಿಕ್ಷಣದ ವಿದ್ಯಾರ್ಥಿಗಳು.,diksha.gov.in ನಲ್ಲಿ ಉಚಿತ ವಿಷಯವನ್ನು ಪ್ರವೇಶಿಸಿ ಅಥವಾ PM eVIDYA ಟಿವಿ ಚಾನೆಲ್‌ಗಳನ್ನು ವೀಕ್ಷಿಸಿ ಅಥವಾ DIKSHA ಅಪ್ಲಿಕೇಶನ್ ಡೌನ್‌ಲೋಡ್ ಮಾಡಿ.,ಉಚಿತ ವಿಷಯವನ್ನು ಪ್ರವೇಶಿಸಲು ಯಾವುದೇ ದಾಖಲೆಗಳ ಅಗತ್ಯವಿಲ್ಲ,"ഇന്ത്യയിലുടനീളമുള്ള വിദ്യാർത്ഥികൾക്കായി ഡിജിറ്റൽ പ്ലാറ്റ്‌ഫോമുകളായ ടിവി ചാനലുകൾ റേഡിയോ, ഓൺലൈൻ കോഴ്‌സുകളിലൂടെ ഗുണനിലവാരമുള്ള വിദ്യാഭ്യാസത്തിലേക്കുള്ള മൾട്ടി മോഡ് ആക്‌സസ് നൽകുന്നു.",1 മുതൽ 12 വരെയുള്ള എല്ലാ വിദ്യാർത്ഥികളും ഇന്ത്യയിലുടനീളമുള്ള ഉന്നത വിദ്യാഭ്യാസ വിദ്യാർത്ഥികളും.,diksha.gov.in-ൽ സൗജന്യ ഉള്ളടക്കം ആക്‌സസ് ചെയ്യുക അല്ലെങ്കിൽ PM eVIDYA ടിവി ചാനലുകൾ കാണുക അല്ലെങ്കിൽ DIKSHA ആപ്പ് ഡൗൺലോഡ് ചെയ്യുക.,സൗജന്യ ഉള്ളടക്കം ആക്‌സസ് ചെയ്യുന്നതിന് രേഖകളൊന്നും ആവശ്യമില്ല
36,National Means cum Merit Scholarship,Ministry of Education,Education,Provides scholarships of Rs 12000 per year to meritorious students of economically weaker sections to arrest their dropout at Class 8 and encourage them to continue education.,Students who passed Class 8 examination with 55 percent marks from government schools with family income below Rs 3.5 lakh.,Apply through state education department after passing NMMS examination conducted by state governments.,"Mark sheets, income certificate, bank account, Aadhaar card, caste certificate if applicable",https://scholarships.gov.in,आर्थिक रूप से कमजोर वर्ग के मेधावी छात्रों को कक्षा 8 में पढ़ाई छोड़ने से रोकने और उन्हें शिक्षा जारी रखने के लिए प्रोत्साहित करने के लिए प्रति वर्ष 12000 रुपये की छात्रवृत्ति प्रदान करता है।,"वे छात्र जिन्होंने सरकारी स्कूलों से 55 प्रतिशत अंकों के साथ कक्षा 8 की परीक्षा उत्तीर्ण की है, जिनकी पारिवारिक आय 3.5 लाख रुपये से कम है।",राज्य सरकारों द्वारा आयोजित एनएमएमएस परीक्षा उत्तीर्ण करने के बाद राज्य शिक्षा विभाग के माध्यम से आवेदन करें।,"मार्कशीट, आय प्रमाण पत्र, बैंक खाता, आधार कार्ड, जाति प्रमाण पत्र यदि लागू हो","பொருளாதாரத்தில் நலிவடைந்த பிரிவைச் சேர்ந்த திறமையான மாணவர்களுக்கு 8 ஆம் வகுப்பில் இடைநிற்றலைக் கட்டுப்படுத்தவும், கல்வியைத் தொடர ஊக்குவிக்கவும் ஆண்டுக்கு ரூ.12000 உதவித்தொகை வழங்குகிறது.",3.5 லட்சத்துக்கும் குறைவான குடும்ப வருமானம் உள்ள அரசுப் பள்ளிகளில் 8ஆம் வகுப்புத் தேர்வில் 55 சதவீத மதிப்பெண்களுடன் தேர்ச்சி பெற்ற மாணவர்கள்.,மாநில அரசுகள் நடத்தும் NMMS தேர்வில் தேர்ச்சி பெற்ற பிறகு மாநில கல்வித் துறை மூலம் விண்ணப்பிக்கவும்.,"மதிப்பெண் பட்டியல்கள், வருமானச் சான்றிதழ், வங்கிக் கணக்கு, ஆதார் அட்டை, ஜாதிச் சான்றிதழ் இருந்தால்",ఆర్థికంగా వెనుకబడిన వర్గాల ప్రతిభావంతులైన విద్యార్థులకు 8వ తరగతిలో వారి డ్రాపౌట్‌ను అరెస్టు చేయడానికి మరియు విద్యను కొనసాగించడానికి వారిని ప్రోత్సహించడానికి సంవత్సరానికి 12000 రూపాయల స్కాలర్‌షిప్‌లను అందిస్తుంది.,కుటుంబ ఆదాయం రూ. 3.5 లక్షల లోపు ఉన్న ప్రభుత్వ పాఠశాలల్లో 8వ తరగతి పరీక్షలో 55 శాతం మార్కులతో ఉత్తీర్ణత సాధించిన విద్యార్థులు.,రాష్ట్ర ప్రభుత్వాలు నిర్వహించే NMMS పరీక్షలో ఉత్తీర్ణత సాధించిన తర్వాత రాష్ట్ర విద్యా శాఖ ద్వారా దరఖాస్తు చేసుకోండి.,"మార్క్ షీట్లు, ఆదాయ ధృవీకరణ పత్రం, బ్యాంకు ఖాతా, ఆధార్ కార్డు, కుల ధృవీకరణ పత్రం వర్తిస్తే",অর্থনৈতিকভাবে দুর্বল শ্রেণীর মেধাবী শিক্ষার্থীদের প্রতি বছর 12000 টাকা বৃত্তি প্রদান করে যাতে তারা ক্লাস 8 এ তাদের ঝরে পড়া আটকাতে এবং তাদের শিক্ষা চালিয়ে যেতে উত্সাহিত করে।,3.5 লক্ষ টাকার নিচে পারিবারিক আয় সহ সরকারি স্কুল থেকে 55 শতাংশ নম্বর নিয়ে ক্লাস 8 পরীক্ষায় উত্তীর্ণ শিক্ষার্থীরা।,রাজ্য সরকার দ্বারা পরিচালিত NMMS পরীক্ষা পাস করার পরে রাজ্য শিক্ষা বিভাগের মাধ্যমে আবেদন করুন।,"মার্কশিট, আয়ের শংসাপত্র, ব্যাঙ্ক অ্যাকাউন্ট, আধার কার্ড, প্রযোজ্য হলে জাত শংসাপত্র",आर्थिकदृष्ट्या दुर्बल घटकातील गुणवंत विद्यार्थ्यांना 8वी मधील त्यांच्या गळती रोखण्यासाठी आणि त्यांना शिक्षण सुरू ठेवण्यासाठी प्रोत्साहित करण्यासाठी प्रति वर्ष 12000 रुपये शिष्यवृत्ती प्रदान करते.,३.५ लाख रुपयांपेक्षा कमी कौटुंबिक उत्पन्न असलेल्या सरकारी शाळांमधून ८वीची परीक्षा ५५ टक्के गुणांसह उत्तीर्ण झालेले विद्यार्थी.,राज्य सरकारांनी घेतलेली NMMS परीक्षा उत्तीर्ण झाल्यानंतर राज्य शिक्षण विभागामार्फत अर्ज करा.,"गुणपत्रिका, उत्पन्नाचा दाखला, बँक खाते, आधार कार्ड, लागू असल्यास जात प्रमाणपत्र",આર્થિક રીતે નબળા વર્ગના હોશિયાર વિદ્યાર્થીઓને ધોરણ 8માં તેમના ડ્રોપઆઉટને પકડવા અને તેમને શિક્ષણ ચાલુ રાખવા માટે પ્રોત્સાહિત કરવા દર વર્ષે રૂ. 12000ની શિષ્યવૃત્તિ પ્રદાન કરે છે.,3.5 લાખથી ઓછી કૌટુંબિક આવક ધરાવતી સરકારી શાળાઓમાંથી ધોરણ 8 ની પરીક્ષા 55 ટકા માર્ક્સ સાથે પાસ કરનારા વિદ્યાર્થીઓ.,રાજ્ય સરકારો દ્વારા લેવામાં આવતી NMMS પરીક્ષા પાસ કર્યા પછી રાજ્ય શિક્ષણ વિભાગ દ્વારા અરજી કરો.,"માર્કશીટ, આવકનું પ્રમાણપત્ર, બેંક ખાતું, આધાર કાર્ડ, જો લાગુ હોય તો જાતિ પ્રમાણપત્ર",ಆರ್ಥಿಕವಾಗಿ ದುರ್ಬಲ ವರ್ಗಗಳ ಪ್ರತಿಭಾವಂತ ವಿದ್ಯಾರ್ಥಿಗಳಿಗೆ 8 ನೇ ತರಗತಿಯಲ್ಲಿ ತಮ್ಮ ಶಾಲೆಯನ್ನು ಬಿಡುವುದನ್ನು ತಡೆಯಲು ಮತ್ತು ಶಿಕ್ಷಣವನ್ನು ಮುಂದುವರಿಸಲು ಅವರನ್ನು ಪ್ರೋತ್ಸಾಹಿಸಲು ವರ್ಷಕ್ಕೆ 12000 ರೂಪಾಯಿಗಳ ವಿದ್ಯಾರ್ಥಿವೇತನವನ್ನು ಒದಗಿಸುತ್ತದೆ.,3.5 ಲಕ್ಷಕ್ಕಿಂತ ಕಡಿಮೆ ಕುಟುಂಬದ ಆದಾಯವಿರುವ ಸರ್ಕಾರಿ ಶಾಲೆಗಳಿಂದ 8ನೇ ತರಗತಿ ಪರೀಕ್ಷೆಯಲ್ಲಿ ಶೇ.55 ಅಂಕಗಳೊಂದಿಗೆ ಉತ್ತೀರ್ಣರಾದ ವಿದ್ಯಾರ್ಥಿಗಳು.,ರಾಜ್ಯ ಸರ್ಕಾರಗಳು ನಡೆಸುವ NMMS ಪರೀಕ್ಷೆಯಲ್ಲಿ ಉತ್ತೀರ್ಣರಾದ ನಂತರ ರಾಜ್ಯ ಶಿಕ್ಷಣ ಇಲಾಖೆ ಮೂಲಕ ಅರ್ಜಿ ಸಲ್ಲಿಸಿ.,"ಅಂಕಪಟ್ಟಿಗಳು, ಆದಾಯ ಪ್ರಮಾಣ ಪತ್ರ, ಬ್ಯಾಂಕ್ ಖಾತೆ, ಆಧಾರ್ ಕಾರ್ಡ್, ಜಾತಿ ಪ್ರಮಾಣ ಪತ್ರ ಅನ್ವಯಿಸಿದರೆ",സാമ്പത്തികമായി പിന്നാക്കം നിൽക്കുന്ന വിഭാഗങ്ങളിലെ മിടുക്കരായ വിദ്യാർത്ഥികൾക്ക് 8-ാം ക്ലാസിലെ കൊഴിഞ്ഞുപോക്ക് തടയുന്നതിനും വിദ്യാഭ്യാസം തുടരാൻ അവരെ പ്രോത്സാഹിപ്പിക്കുന്നതിനും പ്രതിവർഷം 12000 രൂപ സ്കോളർഷിപ്പ് നൽകുന്നു.,3.5 ലക്ഷം രൂപയിൽ താഴെ കുടുംബ വരുമാനമുള്ള സർക്കാർ സ്‌കൂളുകളിൽ നിന്ന് 55 ശതമാനം മാർക്കോടെ എട്ടാം ക്ലാസ് പരീക്ഷ പാസായ വിദ്യാർഥികൾ.,സംസ്ഥാന സർക്കാരുകൾ നടത്തുന്ന എൻഎംഎംഎസ് പരീക്ഷ പാസായ ശേഷം സംസ്ഥാന വിദ്യാഭ്യാസ വകുപ്പ് മുഖേന അപേക്ഷിക്കുക.,"മാർക്ക് ഷീറ്റുകൾ, വരുമാന സർട്ടിഫിക്കറ്റ്, ബാങ്ക് അക്കൗണ്ട്, ആധാർ കാർഡ്, ജാതി സർട്ടിഫിക്കറ്റ് എന്നിവ ബാധകമാണെങ്കിൽ"
37,Higher Education Loan Subsidy Scheme,Ministry of Education,Education,Provides interest subsidy on education loans for technical and professional courses to students from economically weaker sections during moratorium period.,Students with family income below Rs 4.5 lakh per annum pursuing technical or professional courses with education loan.,Apply through Canara Bank nodal agency with education loan documents and income certificate.,"Education loan sanction letter, income certificate, Aadhaar card, admission letter",https://www.canbankmf.com,अधिस्थगन अवधि के दौरान आर्थिक रूप से कमजोर वर्ग के छात्रों को तकनीकी और व्यावसायिक पाठ्यक्रमों के लिए शिक्षा ऋण पर ब्याज सब्सिडी प्रदान करता है।,4.5 लाख रुपये प्रति वर्ष से कम पारिवारिक आय वाले छात्र शिक्षा ऋण के साथ तकनीकी या व्यावसायिक पाठ्यक्रम कर रहे हैं।,शिक्षा ऋण दस्तावेजों और आय प्रमाण पत्र के साथ केनरा बैंक नोडल एजेंसी के माध्यम से आवेदन करें।,"शिक्षा ऋण स्वीकृति पत्र, आय प्रमाण पत्र, आधार कार्ड, प्रवेश पत्र",தடைக் காலத்தின் போது பொருளாதாரத்தில் நலிந்த பிரிவைச் சேர்ந்த மாணவர்களுக்கு தொழில்நுட்ப மற்றும் தொழில்முறை படிப்புகளுக்கான கல்விக் கடன்களுக்கு வட்டி மானியம் வழங்குகிறது.,ஆண்டுக்கு ரூ. 4.5 லட்சத்துக்கும் குறைவான குடும்ப வருமானம் உள்ள மாணவர்கள் கல்விக் கடனுடன் தொழில்நுட்ப அல்லது தொழில்முறை படிப்புகளைப் படிக்கின்றனர்.,கல்விக் கடன் ஆவணங்கள் மற்றும் வருமானச் சான்றிதழுடன் கனரா வங்கி நோடல் ஏஜென்சி மூலம் விண்ணப்பிக்கவும்.,"கல்வி கடன் அனுமதி கடிதம், வருமான சான்றிதழ், ஆதார் அட்டை, சேர்க்கை கடிதம்",మారటోరియం కాలంలో ఆర్థికంగా బలహీన వర్గాల విద్యార్థులకు సాంకేతిక మరియు వృత్తిపరమైన కోర్సుల కోసం విద్యా రుణాలపై వడ్డీ రాయితీని అందిస్తుంది.,విద్యా రుణంతో టెక్నికల్ లేదా ప్రొఫెషనల్ కోర్సులను అభ్యసిస్తున్న సంవత్సరానికి రూ. 4.5 లక్షల కంటే తక్కువ కుటుంబ ఆదాయం కలిగిన విద్యార్థులు.,విద్యా రుణ పత్రాలు మరియు ఆదాయ ధృవీకరణ పత్రంతో కెనరా బ్యాంక్ నోడల్ ఏజెన్సీ ద్వారా దరఖాస్తు చేసుకోండి.,"విద్యా రుణ మంజూరు లేఖ, ఆదాయ ధృవీకరణ పత్రం, ఆధార్ కార్డు, అడ్మిషన్ లెటర్",স্থগিত সময়ের মধ্যে অর্থনৈতিকভাবে দুর্বল বিভাগের শিক্ষার্থীদের কারিগরি এবং পেশাদার কোর্সের জন্য শিক্ষা ঋণের সুদ ভর্তুকি প্রদান করে।,বার্ষিক 4.5 লক্ষ টাকার নিচে পারিবারিক আয়ের শিক্ষার্থীরা শিক্ষা ঋণ নিয়ে কারিগরি বা পেশাগত কোর্সগুলি অনুসরণ করছে।,শিক্ষা ঋণের নথি এবং আয়ের শংসাপত্র সহ কানারা ব্যাঙ্ক নোডাল এজেন্সির মাধ্যমে আবেদন করুন।,"শিক্ষা ঋণ অনুমোদনপত্র, আয়ের শংসাপত্র, আধার কার্ড, ভর্তির চিঠি",स्थगन कालावधी दरम्यान आर्थिकदृष्ट्या दुर्बल घटकातील विद्यार्थ्यांना तांत्रिक आणि व्यावसायिक अभ्यासक्रमांसाठी शैक्षणिक कर्जावर व्याज अनुदान प्रदान करते.,वार्षिक ४.५ लाख रुपयांपेक्षा कमी कौटुंबिक उत्पन्न असलेले विद्यार्थी शैक्षणिक कर्जासह तांत्रिक किंवा व्यावसायिक अभ्यासक्रम घेत आहेत.,शैक्षणिक कर्जाची कागदपत्रे आणि उत्पन्न प्रमाणपत्रासह कॅनरा बँक नोडल एजन्सीद्वारे अर्ज करा.,"शैक्षणिक कर्ज मंजुरी पत्र, उत्पन्नाचा दाखला, आधार कार्ड, प्रवेश पत्र",મોરેટોરિયમ સમયગાળા દરમિયાન આર્થિક રીતે નબળા વર્ગના વિદ્યાર્થીઓને તકનીકી અને વ્યાવસાયિક અભ્યાસક્રમો માટે શિક્ષણ લોન પર વ્યાજ સબસિડી પ્રદાન કરે છે.,વાર્ષિક રૂ. 4.5 લાખથી ઓછી કૌટુંબિક આવક ધરાવતા વિદ્યાર્થીઓ એજ્યુકેશન લોન સાથે ટેકનિકલ અથવા પ્રોફેશનલ કોર્સ કરે છે.,શિક્ષણ લોન દસ્તાવેજો અને આવક પ્રમાણપત્ર સાથે કેનેરા બેંક નોડલ એજન્સી દ્વારા અરજી કરો.,"એજ્યુકેશન લોન મંજૂર પત્ર, આવકનું પ્રમાણપત્ર, આધાર કાર્ડ, પ્રવેશ પત્ર",ಮೊರಟೋರಿಯಂ ಅವಧಿಯಲ್ಲಿ ಆರ್ಥಿಕವಾಗಿ ದುರ್ಬಲ ವರ್ಗಗಳ ವಿದ್ಯಾರ್ಥಿಗಳಿಗೆ ತಾಂತ್ರಿಕ ಮತ್ತು ವೃತ್ತಿಪರ ಕೋರ್ಸ್‌ಗಳಿಗೆ ಶಿಕ್ಷಣ ಸಾಲಗಳ ಮೇಲೆ ಬಡ್ಡಿ ಸಬ್ಸಿಡಿಯನ್ನು ಒದಗಿಸುತ್ತದೆ.,ವಾರ್ಷಿಕ 4.5 ಲಕ್ಷಕ್ಕಿಂತ ಕಡಿಮೆ ಕುಟುಂಬದ ಆದಾಯ ಹೊಂದಿರುವ ವಿದ್ಯಾರ್ಥಿಗಳು ಶಿಕ್ಷಣ ಸಾಲದೊಂದಿಗೆ ತಾಂತ್ರಿಕ ಅಥವಾ ವೃತ್ತಿಪರ ಕೋರ್ಸ್‌ಗಳನ್ನು ಅನುಸರಿಸುತ್ತಿದ್ದಾರೆ.,ಶಿಕ್ಷಣ ಸಾಲದ ದಾಖಲೆಗಳು ಮತ್ತು ಆದಾಯ ಪ್ರಮಾಣಪತ್ರದೊಂದಿಗೆ ಕೆನರಾ ಬ್ಯಾಂಕ್ ನೋಡಲ್ ಏಜೆನ್ಸಿ ಮೂಲಕ ಅರ್ಜಿ ಸಲ್ಲಿಸಿ.,"ಶಿಕ್ಷಣ ಸಾಲ ಮಂಜೂರಾತಿ ಪತ್ರ, ಆದಾಯ ಪ್ರಮಾಣ ಪತ್ರ, ಆಧಾರ್ ಕಾರ್ಡ್, ಪ್ರವೇಶ ಪತ್ರ","മൊറട്ടോറിയം കാലയളവിൽ സാമ്പത്തികമായി പിന്നാക്കം നിൽക്കുന്ന വിഭാഗങ്ങളിലെ വിദ്യാർത്ഥികൾക്ക് സാങ്കേതിക, പ്രൊഫഷണൽ കോഴ്സുകൾക്കുള്ള വിദ്യാഭ്യാസ വായ്പകൾക്ക് പലിശ സബ്സിഡി നൽകുന്നു.",പ്രതിവർഷം 4.5 ലക്ഷം രൂപയിൽ താഴെ കുടുംബവരുമാനമുള്ള വിദ്യാർത്ഥികൾ വിദ്യാഭ്യാസ വായ്പയോടെ സാങ്കേതിക അല്ലെങ്കിൽ പ്രൊഫഷണൽ കോഴ്സുകൾ പഠിക്കുന്നു.,വിദ്യാഭ്യാസ വായ്പ രേഖകളും വരുമാന സർട്ടിഫിക്കറ്റും സഹിതം കനറാ ബാങ്ക് നോഡൽ ഏജൻസി മുഖേന അപേക്ഷിക്കുക.,"വിദ്യാഭ്യാസ വായ്പ അനുവദിക്കുന്നതിനുള്ള കത്ത്, വരുമാന സർട്ടിഫിക്കറ്റ്, ആധാർ കാർഡ്, പ്രവേശന കത്ത്"
38,Kendriya Vidyalaya Admission,Ministry of Education,Education,Provides quality education in Kendriya Vidyalayas to children of central government employees transferable government servants and defence personnel.,Children of central government employees transferable employees defence and paramilitary personnel.,Apply online at kvsangathan.nic.in during admission season. Offline application at nearest KV also accepted.,"Service certificate of parent, birth certificate, address proof, Aadhaar card",https://kvsangathan.nic.in,"केंद्र सरकार के कर्मचारियों, स्थानांतरणीय सरकारी कर्मचारियों और रक्षा कर्मियों के बच्चों को केंद्रीय विद्यालयों में गुणवत्तापूर्ण शिक्षा प्रदान करता है।","केंद्र सरकार के कर्मचारियों के बच्चे, स्थानांतरणीय कर्मचारी, रक्षा और अर्धसैनिक बल के कर्मचारी।",प्रवेश सत्र के दौरान kvsagathan.nic.in पर ऑनलाइन आवेदन करें। निकटतम केवी में ऑफ़लाइन आवेदन भी स्वीकार किए जाते हैं।,"माता-पिता का सेवा प्रमाण पत्र, जन्म प्रमाण पत्र, पता प्रमाण, आधार कार्ड",மத்திய அரசு ஊழியர்களின் குழந்தைகளுக்கு கேந்திரிய வித்யாலயாக்களில் தரமான கல்வியை வழங்குகிறது.,மத்திய அரசு ஊழியர்களின் குழந்தைகள் மாற்றத்தக்க பணியாளர்கள் பாதுகாப்பு மற்றும் துணை ராணுவப் பணியாளர்கள்.,சேர்க்கை காலத்தில் kvsangathan.nic.in என்ற இணையதளத்தில் ஆன்லைனில் விண்ணப்பிக்கவும். அருகிலுள்ள KV இல் ஆஃப்லைன் விண்ணப்பமும் ஏற்றுக்கொள்ளப்பட்டது.,"பெற்றோரின் சேவைச் சான்றிதழ், பிறப்புச் சான்றிதழ், முகவரிச் சான்று, ஆதார் அட்டை",బదిలీ చేయగల ప్రభుత్వ ఉద్యోగులు మరియు రక్షణ సిబ్బందికి కేంద్ర ప్రభుత్వ ఉద్యోగుల పిల్లలకు కేంద్రీయ విద్యాలయాల్లో నాణ్యమైన విద్యను అందిస్తుంది.,కేంద్ర ప్రభుత్వ ఉద్యోగుల పిల్లలు బదిలీ చేయదగిన ఉద్యోగులు రక్షణ మరియు పారామిలిటరీ సిబ్బంది.,అడ్మిషన్ సీజన్‌లో kvsangathan.nic.inలో ఆన్‌లైన్‌లో దరఖాస్తు చేసుకోండి. సమీపంలోని KV వద్ద ఆఫ్‌లైన్ అప్లికేషన్ కూడా ఆమోదించబడింది.,"తల్లిదండ్రుల సేవా ధృవీకరణ పత్రం, జనన ధృవీకరణ పత్రం, చిరునామా రుజువు, ఆధార్ కార్డు",কেন্দ্রীয় সরকারি কর্মচারীদের বদলিযোগ্য সরকারি কর্মচারী এবং প্রতিরক্ষা কর্মীদের সন্তানদের কেন্দ্রীয় বিদ্যালয়ে মানসম্পন্ন শিক্ষা প্রদান করে।,কেন্দ্রীয় সরকারি কর্মচারীদের সন্তানরা হস্তান্তরযোগ্য কর্মচারী প্রতিরক্ষা এবং আধাসামরিক কর্মীদের।,ভর্তির মরসুমে kvsangathan.nic.in-এ অনলাইনে আবেদন করুন। নিকটতম কেভিতে অফলাইন আবেদনও গৃহীত হয়।,"পিতামাতার পরিষেবা শংসাপত্র, জন্ম শংসাপত্র, ঠিকানা প্রমাণ, আধার কার্ড",बदलीपात्र सरकारी कर्मचारी आणि संरक्षण कर्मचारी यांच्या मुलांना केंद्रीय विद्यालयांमध्ये दर्जेदार शिक्षण देते.,केंद्रीय सरकारी कर्मचाऱ्यांची मुले बदलीपात्र कर्मचारी संरक्षण आणि निमलष्करी कर्मचारी.,प्रवेशाच्या हंगामात kvsangathan.nic.in वर ऑनलाइन अर्ज करा. जवळच्या KV वर ऑफलाइन अर्ज देखील स्वीकारला जातो.,"पालकांचे सेवा प्रमाणपत्र, जन्म प्रमाणपत्र, पत्ता पुरावा, आधार कार्ड",કેન્દ્ર સરકારના કર્મચારીઓના સ્થાનાંતરપાત્ર સરકારી કર્મચારીઓ અને સંરક્ષણ કર્મચારીઓના બાળકોને કેન્દ્રીય વિદ્યાલયોમાં ગુણવત્તાયુક્ત શિક્ષણ પ્રદાન કરે છે.,કેન્દ્ર સરકારના કર્મચારીઓના બાળકો બદલી શકાય તેવા કર્મચારીઓ સંરક્ષણ અને અર્ધલશ્કરી કર્મચારીઓ.,પ્રવેશ સિઝન દરમિયાન kvsangathan.nic.in પર ઑનલાઇન અરજી કરો. નજીકના KV પર ઑફલાઇન અરજી પણ સ્વીકારવામાં આવે છે.,"માતા-પિતાનું સેવા પ્રમાણપત્ર, જન્મ પ્રમાણપત્ર, સરનામાનો પુરાવો, આધાર કાર્ડ",ಕೇಂದ್ರೀಯ ವಿದ್ಯಾಲಯಗಳಲ್ಲಿ ಕೇಂದ್ರ ಸರ್ಕಾರಿ ನೌಕರರು ವರ್ಗಾವಣೆ ಮಾಡಬಹುದಾದ ಸರ್ಕಾರಿ ನೌಕರರು ಮತ್ತು ರಕ್ಷಣಾ ಸಿಬ್ಬಂದಿಯ ಮಕ್ಕಳಿಗೆ ಗುಣಮಟ್ಟದ ಶಿಕ್ಷಣವನ್ನು ಒದಗಿಸುತ್ತದೆ.,ಕೇಂದ್ರ ಸರ್ಕಾರಿ ನೌಕರರ ಮಕ್ಕಳು ವರ್ಗಾವಣೆ ಮಾಡಬಹುದಾದ ನೌಕರರ ರಕ್ಷಣಾ ಮತ್ತು ಅರೆಸೇನಾ ಸಿಬ್ಬಂದಿ.,ಪ್ರವೇಶದ ಅವಧಿಯಲ್ಲಿ kvsangathan.nic.in ನಲ್ಲಿ ಆನ್‌ಲೈನ್‌ನಲ್ಲಿ ಅನ್ವಯಿಸಿ. ಹತ್ತಿರದ KV ನಲ್ಲಿ ಆಫ್‌ಲೈನ್ ಅರ್ಜಿಯನ್ನು ಸಹ ಸ್ವೀಕರಿಸಲಾಗಿದೆ.,"ಪೋಷಕರ ಸೇವಾ ಪ್ರಮಾಣಪತ್ರ, ಜನ್ಮ ಪ್ರಮಾಣಪತ್ರ, ವಿಳಾಸ ಪುರಾವೆ, ಆಧಾರ್ ಕಾರ್ಡ್","കേന്ദ്ര സർക്കാർ ജീവനക്കാരുടെ, ട്രാൻസ്ഫർ ചെയ്യാവുന്ന സർക്കാർ ജീവനക്കാരുടെയും പ്രതിരോധ ഉദ്യോഗസ്ഥരുടെയും മക്കൾക്ക് കേന്ദ്രീയ വിദ്യാലയങ്ങളിൽ ഗുണനിലവാരമുള്ള വിദ്യാഭ്യാസം നൽകുന്നു.","കേന്ദ്രസർക്കാർ ജീവനക്കാരുടെ മക്കൾ, ട്രാൻസ്ഫർ ചെയ്യാവുന്ന ഡിഫൻസ്, അർദ്ധസൈനിക വിഭാഗങ്ങളിലെ ജീവനക്കാരാണ്.",പ്രവേശന സീസണിൽ kvsangathan.nic.in എന്ന വെബ്സൈറ്റിൽ ഓൺലൈനായി അപേക്ഷിക്കുക. അടുത്തുള്ള കെവിയിലെ ഓഫ്‌ലൈൻ അപേക്ഷയും സ്വീകരിച്ചു.,"രക്ഷിതാവിൻ്റെ സേവന സർട്ടിഫിക്കറ്റ്, ജനന സർട്ടിഫിക്കറ്റ്, വിലാസ തെളിവ്, ആധാർ കാർഡ്"
39,Navodaya Vidyalaya Admission,Ministry of Education,Education,Provides free quality residential education to talented rural children at Jawahar Navodaya Vidyalayas from Class 6 to 12.,Rural children studying in Class 5 for Class 6 admission. 75 percent seats reserved for rural area students.,Apply online at navodaya.gov.in for JNVST selection test. Free of cost admission for selected students.,"Birth certificate, Class 5 school certificate, rural area certificate, Aadhaar card",https://navodaya.gov.in,जवाहर नवोदय विद्यालयों में कक्षा 6 से 12 तक प्रतिभाशाली ग्रामीण बच्चों को निःशुल्क गुणवत्तापूर्ण आवासीय शिक्षा प्रदान करता है।,कक्षा 6 में प्रवेश के लिए कक्षा 5 में पढ़ने वाले ग्रामीण बच्चे। 75 प्रतिशत सीटें ग्रामीण क्षेत्र के विद्यार्थियों के लिए आरक्षित।,जेएनवीएसटी चयन परीक्षा के लिए navोदय.gov.in पर ऑनलाइन आवेदन करें। चयनित विद्यार्थियों के लिए निःशुल्क प्रवेश।,"जन्म प्रमाण पत्र, कक्षा 5 स्कूल प्रमाण पत्र, ग्रामीण क्षेत्र प्रमाण पत्र, आधार कार्ड",6 முதல் 12 ஆம் வகுப்பு வரை ஜவஹர் நவோதயா வித்யாலயாக்களில் திறமையான கிராமப்புற குழந்தைகளுக்கு இலவச தரமான குடியிருப்புக் கல்வியை வழங்குகிறது.,6 ஆம் வகுப்பு சேர்க்கைக்கு 5 ஆம் வகுப்பு படிக்கும் கிராமப்புற குழந்தைகள். 75 சதவீத இடங்கள் கிராமப்புற மாணவர்களுக்கு ஒதுக்கப்பட்டுள்ளது.,JNVST தேர்வுத் தேர்வுக்கு navodaya.gov.in என்ற இணையதளத்தில் ஆன்லைனில் விண்ணப்பிக்கவும். தேர்ந்தெடுக்கப்பட்ட மாணவர்களுக்கு இலவச சேர்க்கை.,"பிறப்புச் சான்றிதழ், 5ஆம் வகுப்பு பள்ளிச் சான்றிதழ், ஊரகப் பகுதிச் சான்றிதழ், ஆதார் அட்டை",జవహర్ నవోదయ విద్యాలయాల్లో 6 నుండి 12వ తరగతి వరకు ప్రతిభావంతులైన గ్రామీణ పిల్లలకు ఉచిత నాణ్యమైన రెసిడెన్షియల్ విద్యను అందిస్తుంది.,6వ తరగతి ప్రవేశానికి 5వ తరగతి చదువుతున్న గ్రామీణ పిల్లలు. గ్రామీణ ప్రాంత విద్యార్థులకు 75 శాతం సీట్లు కేటాయించారు.,JNVST ఎంపిక పరీక్ష కోసం navodaya.gov.in ఆన్‌లైన్‌లో దరఖాస్తు చేసుకోండి. ఎంపికైన విద్యార్థులకు ఉచిత ప్రవేశం.,"బర్త్ సర్టిఫికేట్, క్లాస్ 5 స్కూల్ సర్టిఫికేట్, రూరల్ ఏరియా సర్టిఫికేట్, ఆధార్ కార్డ్",ক্লাস 6 থেকে 12 পর্যন্ত জওহর নবোদয় বিদ্যালয়ে প্রতিভাবান গ্রামীণ শিশুদের বিনামূল্যে মানের আবাসিক শিক্ষা প্রদান করে।,গ্রামীণ শিশুরা ক্লাস 5 এ অধ্যয়নরত 6 শ্রেণীতে ভর্তির জন্য। 75 শতাংশ আসন গ্রামীণ এলাকার শিক্ষার্থীদের জন্য সংরক্ষিত।,JNVST নির্বাচন পরীক্ষার জন্য navodaya.gov.in-এ অনলাইনে আবেদন করুন। নির্বাচিত শিক্ষার্থীদের জন্য বিনামূল্যে ভর্তি।,"জন্ম শংসাপত্র, ক্লাস 5 স্কুল শংসাপত্র, গ্রামীণ এলাকার শংসাপত্র, আধার কার্ড",जवाहर नवोदय विद्यालयात इयत्ता 6 ते 12 पर्यंतच्या हुशार ग्रामीण मुलांना मोफत दर्जेदार निवासी शिक्षण देते.,इयत्ता 6 वी प्रवेशासाठी इयत्ता 5 वी मध्ये शिकणारी ग्रामीण मुले. ग्रामीण भागातील विद्यार्थ्यांसाठी 75 टक्के जागा राखीव.,JNVST निवड चाचणीसाठी navodaya.gov.in वर ऑनलाइन अर्ज करा. निवडलेल्या विद्यार्थ्यांना मोफत प्रवेश.,"जन्म प्रमाणपत्र, इयत्ता 5 वी शाळेचा दाखला, ग्रामीण भागाचा दाखला, आधार कार्ड",જવાહર નવોદય વિદ્યાલયમાં ધોરણ 6 થી 12 સુધીના પ્રતિભાશાળી ગ્રામીણ બાળકોને મફત ગુણવત્તાયુક્ત નિવાસી શિક્ષણ પૂરું પાડે છે.,ધોરણ 6 માં પ્રવેશ માટે ધોરણ 5 માં અભ્યાસ કરતા ગ્રામીણ બાળકો. ગ્રામીણ વિસ્તારના વિદ્યાર્થીઓ માટે 75 ટકા બેઠકો અનામત છે.,JNVST પસંદગી કસોટી માટે navodaya.gov.in પર ઓનલાઈન અરજી કરો. પસંદ કરેલ વિદ્યાર્થીઓ માટે વિના મૂલ્યે પ્રવેશ.,"જન્મ પ્રમાણપત્ર, ધોરણ 5 શાળાનું પ્રમાણપત્ર, ગ્રામ્ય વિસ્તારનું પ્રમાણપત્ર, આધાર કાર્ડ",ಜವಾಹರ್ ನವೋದಯ ವಿದ್ಯಾಲಯಗಳಲ್ಲಿ 6 ರಿಂದ 12 ನೇ ತರಗತಿಯವರೆಗೆ ಪ್ರತಿಭಾವಂತ ಗ್ರಾಮೀಣ ಮಕ್ಕಳಿಗೆ ಉಚಿತ ಗುಣಮಟ್ಟದ ವಸತಿ ಶಿಕ್ಷಣವನ್ನು ಒದಗಿಸುತ್ತದೆ.,6ನೇ ತರಗತಿ ಪ್ರವೇಶಕ್ಕೆ 5ನೇ ತರಗತಿಯಲ್ಲಿ ಓದುತ್ತಿರುವ ಗ್ರಾಮೀಣ ಮಕ್ಕಳು. 75 ರಷ್ಟು ಸೀಟುಗಳನ್ನು ಗ್ರಾಮೀಣ ಪ್ರದೇಶದ ವಿದ್ಯಾರ್ಥಿಗಳಿಗೆ ಮೀಸಲಿಡಲಾಗಿದೆ.,JNVST ಆಯ್ಕೆ ಪರೀಕ್ಷೆಗಾಗಿ navodaya.gov.in ನಲ್ಲಿ ಆನ್‌ಲೈನ್‌ನಲ್ಲಿ ಅರ್ಜಿ ಸಲ್ಲಿಸಿ. ಆಯ್ಕೆಯಾದ ವಿದ್ಯಾರ್ಥಿಗಳಿಗೆ ಉಚಿತ ಪ್ರವೇಶ.,"ಜನನ ಪ್ರಮಾಣ ಪತ್ರ, 5ನೇ ತರಗತಿ ಶಾಲಾ ಪ್ರಮಾಣಪತ್ರ, ಗ್ರಾಮೀಣ ಪ್ರದೇಶದ ಪ್ರಮಾಣ ಪತ್ರ, ಆಧಾರ್ ಕಾರ್ಡ್",ജവഹർ നവോദയ വിദ്യാലയങ്ങളിൽ 6 മുതൽ 12 വരെ ക്ലാസുകളിൽ കഴിവുള്ള ഗ്രാമീണ കുട്ടികൾക്ക് സൗജന്യ ഗുണനിലവാരമുള്ള റസിഡൻഷ്യൽ വിദ്യാഭ്യാസം നൽകുന്നു.,ആറാം ക്ലാസ് പ്രവേശനത്തിന് അഞ്ചാം ക്ലാസിൽ പഠിക്കുന്ന ഗ്രാമീണ കുട്ടികൾ. 75 ശതമാനം സീറ്റുകൾ ഗ്രാമീണ വിദ്യാർത്ഥികൾക്കായി സംവരണം ചെയ്തിട്ടുണ്ട്.,JNVST സെലക്ഷൻ ടെസ്റ്റിന് navodaya.gov.in എന്ന വെബ്സൈറ്റിൽ ഓൺലൈനായി അപേക്ഷിക്കുക. തിരഞ്ഞെടുത്ത വിദ്യാർത്ഥികൾക്ക് സൗജന്യ പ്രവേശനം.,"ജനന സർട്ടിഫിക്കറ്റ്, ക്ലാസ് 5 സ്കൂൾ സർട്ടിഫിക്കറ്റ്, റൂറൽ ഏരിയ സർട്ടിഫിക്കറ്റ്, ആധാർ കാർഡ്"
40,Beti Bachao Beti Padhao,Ministry of Women and Child Development,Education,Promotes education of girl children and prevents gender biased sex selective elimination through awareness and educational support.,Girl children especially in districts with low child sex ratio. All families with girl children.,Enroll girl child in nearby school. Access Sukanya Samriddhi Yojana at post office or bank for savings.,"Birth certificate of girl child, Aadhaar card, address proof",https://wcd.nic.in/bbbp-schemes,बालिकाओं की शिक्षा को बढ़ावा देता है और जागरूकता और शैक्षिक समर्थन के माध्यम से लिंग आधारित लिंग चयनात्मक उन्मूलन को रोकता है।,विशेषकर कम बाल लिंगानुपात वाले जिलों में बालिकाएं। सभी परिवार जिनमें लड़कियाँ हैं।,बच्ची का नामांकन नजदीकी स्कूल में कराएं। बचत के लिए डाकघर या बैंक से सुकन्या समृद्धि योजना का लाभ उठाएं।,"बालिका का जन्म प्रमाण पत्र, आधार कार्ड, पते का प्रमाण",பெண் குழந்தைகளின் கல்வியை ஊக்குவிக்கிறது மற்றும் விழிப்புணர்வு மற்றும் கல்வி ஆதரவின் மூலம் பாலின சார்பு பாலின தேர்ந்தெடுக்கப்பட்ட நீக்குதலை தடுக்கிறது.,குறிப்பாக குறைந்த குழந்தை பாலின விகிதம் உள்ள மாவட்டங்களில் பெண் குழந்தைகள். பெண் குழந்தைகளைக் கொண்ட அனைத்து குடும்பங்களும்.,பெண் குழந்தையை அருகில் உள்ள பள்ளியில் சேர்க்க வேண்டும். சேமிப்பிற்காக சுகன்யா சம்ரித்தி யோஜனாவை தபால் அலுவலகம் அல்லது வங்கியில் அணுகவும்.,"பெண் குழந்தையின் பிறப்புச் சான்றிதழ், ஆதார் அட்டை, முகவரிச் சான்று",అవగాహన మరియు విద్యా మద్దతు ద్వారా ఆడపిల్లల విద్యను ప్రోత్సహిస్తుంది మరియు లింగ పక్షపాతంతో కూడిన సెక్స్ సెలెక్టివ్ తొలగింపును నిరోధిస్తుంది.,ముఖ్యంగా పిల్లల లింగ నిష్పత్తి తక్కువగా ఉన్న జిల్లాల్లో ఆడపిల్లలు. ఆడపిల్లలున్న కుటుంబాలన్నీ.,సమీపంలోని పాఠశాలలో ఆడపిల్లను చేర్పించాలి. పొదుపు కోసం పోస్టాఫీసు లేదా బ్యాంక్‌లో సుకన్య సమృద్ధి యోజనను యాక్సెస్ చేయండి.,"ఆడపిల్ల జనన ధృవీకరణ పత్రం, ఆధార్ కార్డు, చిరునామా రుజువు",সচেতনতা এবং শিক্ষাগত সহায়তার মাধ্যমে মেয়ে শিশুদের শিক্ষার প্রচার করে এবং লিঙ্গ পক্ষপাতমূলক লিঙ্গ নির্বাচনী নির্মূল প্রতিরোধ করে।,মেয়ে শিশু বিশেষ করে যেসব জেলায় শিশু লিঙ্গ অনুপাত কম। মেয়ে শিশুদের সঙ্গে সব পরিবার.,মেয়ে শিশুকে পাশের স্কুলে ভর্তি করান। সঞ্চয়ের জন্য পোস্ট অফিস বা ব্যাঙ্কে সুকন্যা সমৃদ্ধি যোজনা অ্যাক্সেস করুন।,"কন্যা সন্তানের জন্ম শংসাপত্র, আধার কার্ড, ঠিকানার প্রমাণ",मुलींच्या शिक्षणाला प्रोत्साहन देते आणि जागरूकता आणि शैक्षणिक समर्थनाद्वारे लैंगिक पक्षपाती लिंग निवडक निर्मूलन प्रतिबंधित करते.,मुलींची मुले विशेषत: कमी बाल लिंग गुणोत्तर असलेल्या जिल्ह्यांमध्ये. मुली असलेली सर्व कुटुंबे.,मुलीला जवळच्या शाळेत दाखल करा. बचतीसाठी पोस्ट ऑफिस किंवा बँकेत सुकन्या समृद्धी योजनेत प्रवेश करा.,"मुलीचा जन्म दाखला, आधार कार्ड, पत्ता पुरावा",કન્યા બાળકોના શિક્ષણને પ્રોત્સાહન આપે છે અને જાગરૂકતા અને શૈક્ષણિક સમર્થન દ્વારા લિંગ પૂર્વગ્રહયુક્ત લિંગ પસંદગીયુક્ત નાબૂદીને અટકાવે છે.,ખાસ કરીને નીચા બાળ જાતિ ગુણોત્તર ધરાવતા જિલ્લાઓમાં કન્યા બાળકો. કન્યા બાળકો સાથે તમામ પરિવારો.,બાળકીને નજીકની શાળામાં દાખલ કરો. બચત માટે પોસ્ટ ઓફિસ અથવા બેંકમાં સુકન્યા સમૃદ્ધિ યોજનાનો ઉપયોગ કરો.,"બાળકીનું જન્મ પ્રમાણપત્ર, આધાર કાર્ડ, સરનામાનો પુરાવો",ಹೆಣ್ಣು ಮಕ್ಕಳ ಶಿಕ್ಷಣವನ್ನು ಉತ್ತೇಜಿಸುತ್ತದೆ ಮತ್ತು ಜಾಗೃತಿ ಮತ್ತು ಶೈಕ್ಷಣಿಕ ಬೆಂಬಲದ ಮೂಲಕ ಲಿಂಗ ಪಕ್ಷಪಾತದ ಲೈಂಗಿಕ ಆಯ್ದ ನಿರ್ಮೂಲನೆಯನ್ನು ತಡೆಯುತ್ತದೆ.,ಹೆಣ್ಣು ಮಕ್ಕಳು ವಿಶೇಷವಾಗಿ ಕಡಿಮೆ ಮಕ್ಕಳ ಲಿಂಗ ಅನುಪಾತ ಹೊಂದಿರುವ ಜಿಲ್ಲೆಗಳಲ್ಲಿ. ಹೆಣ್ಣು ಮಕ್ಕಳಿರುವ ಎಲ್ಲಾ ಕುಟುಂಬಗಳು.,ಹೆಣ್ಣು ಮಗುವನ್ನು ಹತ್ತಿರದ ಶಾಲೆಗೆ ಸೇರಿಸಿ. ಉಳಿತಾಯಕ್ಕಾಗಿ ಅಂಚೆ ಕಛೇರಿ ಅಥವಾ ಬ್ಯಾಂಕ್‌ನಲ್ಲಿ ಸುಕನ್ಯಾ ಸಮೃದ್ಧಿ ಯೋಜನೆಯನ್ನು ಪ್ರವೇಶಿಸಿ.,"ಹೆಣ್ಣು ಮಗುವಿನ ಜನನ ಪ್ರಮಾಣಪತ್ರ, ಆಧಾರ್ ಕಾರ್ಡ್, ವಿಳಾಸ ಪುರಾವೆ",ബോധവൽക്കരണത്തിലൂടെയും വിദ്യാഭ്യാസ പിന്തുണയിലൂടെയും പെൺകുട്ടികളുടെ വിദ്യാഭ്യാസം പ്രോത്സാഹിപ്പിക്കുകയും ലിംഗ പക്ഷപാതപരമായ സെക്‌സ് സെലക്ടീവ് ഉന്മൂലനം തടയുകയും ചെയ്യുന്നു.,പെൺ കുട്ടികൾ പ്രത്യേകിച്ച് കുട്ടികളുടെ ലിംഗാനുപാതം കുറവുള്ള ജില്ലകളിൽ. പെൺകുട്ടികളുള്ള എല്ലാ കുടുംബങ്ങളും.,പെൺകുട്ടിയെ അടുത്തുള്ള സ്കൂളിൽ ചേർക്കുക. സമ്പാദ്യത്തിനായി പോസ്റ്റ് ഓഫീസിലോ ബാങ്കിലോ സുകന്യ സമൃദ്ധി യോജന ആക്സസ് ചെയ്യുക.,"പെൺകുട്ടിയുടെ ജനന സർട്ടിഫിക്കറ്റ്, ആധാർ കാർഡ്, വിലാസ തെളിവ്"
41,Post Matric Scholarship for SC Students,Ministry of Social Justice and Empowerment,Education,Provides financial assistance to SC students pursuing post matriculation or post secondary education to enable them to complete their education.,SC students studying at post matriculation level with family income below Rs 2.5 lakh per annum.,Apply at scholarships.gov.in or through state social welfare department before deadline each year.,"Caste certificate, income certificate, Aadhaar card, bank account, marksheets, institution certificate",https://scholarships.gov.in,पोस्ट मैट्रिक या पोस्ट माध्यमिक शिक्षा प्राप्त करने वाले अनुसूचित जाति के छात्रों को अपनी शिक्षा पूरी करने में सक्षम बनाने के लिए वित्तीय सहायता प्रदान करता है।,पोस्ट मैट्रिक स्तर पर पढ़ रहे अनुसूचित जाति के छात्र जिनकी पारिवारिक आय 2.5 लाख रुपये प्रति वर्ष से कम है।,प्रत्येक वर्ष अंतिम तिथि से पहले Scholarships.gov.in पर या राज्य समाज कल्याण विभाग के माध्यम से आवेदन करें।,"जाति प्रमाण पत्र, आय प्रमाण पत्र, आधार कार्ड, बैंक खाता, मार्कशीट, संस्था प्रमाण पत्र",மெட்ரிகுலேஷன் அல்லது பிந்தைய இடைநிலைக் கல்வியைத் தொடரும் SC மாணவர்களுக்கு அவர்களின் கல்வியை முடிக்க நிதி உதவி வழங்குகிறது.,"ஆண்டுக்கு ரூ. 2.5 லட்சத்துக்கும் குறைவான குடும்ப வருமானத்துடன், மெட்ரிகுலேஷன் பிந்தைய நிலையில் படிக்கும் எஸ்சி மாணவர்கள்.",ஒவ்வொரு ஆண்டும் காலக்கெடுவிற்கு முன் Scholarships.gov.in அல்லது மாநில சமூக நலத்துறை மூலம் விண்ணப்பிக்கவும்.,"சாதிச் சான்றிதழ், வருமானச் சான்றிதழ், ஆதார் அட்டை, வங்கிக் கணக்கு, மதிப்பெண் பட்டியல், நிறுவனச் சான்றிதழ்",పోస్ట్ మెట్రిక్యులేషన్ లేదా పోస్ట్ సెకండరీ విద్యను అభ్యసిస్తున్న SC విద్యార్థులకు వారి విద్యను పూర్తి చేయడానికి ఆర్థిక సహాయం అందిస్తుంది.,సంవత్సరానికి రూ. 2.5 లక్షల కంటే తక్కువ కుటుంబ ఆదాయంతో పోస్ట్ మెట్రిక్యులేషన్ స్థాయిలో చదువుతున్న ఎస్సీ విద్యార్థులు.,ప్రతి సంవత్సరం గడువులోపు స్కాలర్‌షిప్‌లు.gov.in లేదా రాష్ట్ర సాంఘిక సంక్షేమ శాఖ ద్వారా దరఖాస్తు చేసుకోండి.,"కుల ధృవీకరణ పత్రం, ఆదాయ ధృవీకరణ పత్రం, ఆధార్ కార్డు, బ్యాంకు ఖాతా, మార్క్‌షీట్లు, సంస్థ సర్టిఫికేట్",পোস্ট ম্যাট্রিকুলেশন বা পোস্ট মাধ্যমিক শিক্ষা অনুসরণকারী এসসি শিক্ষার্থীদের তাদের শিক্ষা সম্পূর্ণ করতে সক্ষম করার জন্য আর্থিক সহায়তা প্রদান করে।,বার্ষিক 2.5 লক্ষ টাকার নিচে পারিবারিক আয় সহ পোস্ট ম্যাট্রিকুলেশন স্তরে অধ্যয়নরত SC শিক্ষার্থীরা।,প্রতি বছর সময়সীমার আগে Scholarships.gov.in বা রাজ্যের সমাজকল্যাণ বিভাগের মাধ্যমে আবেদন করুন।,"জাত শংসাপত্র, আয়ের শংসাপত্র, আধার কার্ড, ব্যাঙ্ক অ্যাকাউন্ট, মার্কশিট, প্রতিষ্ঠানের শংসাপত্র",मॅट्रिकोत्तर किंवा पोस्ट माध्यमिक शिक्षण घेत असलेल्या SC विद्यार्थ्यांना त्यांचे शिक्षण पूर्ण करण्यास सक्षम करण्यासाठी आर्थिक सहाय्य प्रदान करते.,मॅट्रिकोत्तर स्तरावर शिकणारे अनुसूचित जातीचे विद्यार्थी ज्यांचे कौटुंबिक उत्पन्न 2.5 लाख रुपयांपेक्षा कमी आहे.,दरवर्षी अंतिम मुदतीपूर्वी Scholarships.gov.in वर किंवा राज्य समाज कल्याण विभागामार्फत अर्ज करा.,"जातीचा दाखला, उत्पन्नाचा दाखला, आधार कार्ड, बँक खाते, मार्कशीट, संस्था प्रमाणपत्र",પોસ્ટ મેટ્રિક્યુલેશન અથવા પોસ્ટ સેકન્ડરી એજ્યુકેશનને અનુસરતા SC વિદ્યાર્થીઓને તેમનું શિક્ષણ પૂર્ણ કરવામાં સક્ષમ બનાવવા માટે નાણાકીય સહાય પૂરી પાડે છે.,વાર્ષિક રૂ. 2.5 લાખથી ઓછી કૌટુંબિક આવક સાથે પોસ્ટ મેટ્રિક કક્ષાએ અભ્યાસ કરતા SC વિદ્યાર્થીઓ.,દર વર્ષે સમયમર્યાદા પહેલાં Scholarships.gov.in પર અથવા રાજ્યના સમાજ કલ્યાણ વિભાગ દ્વારા અરજી કરો.,"જાતિનું પ્રમાણપત્ર, આવકનું પ્રમાણપત્ર, આધાર કાર્ડ, બેંક ખાતું, માર્કશીટ, સંસ્થાનું પ્રમાણપત્ર",ಪೋಸ್ಟ್ ಮೆಟ್ರಿಕ್ಯುಲೇಷನ್ ಅಥವಾ ಪೋಸ್ಟ್ ಸೆಕೆಂಡರಿ ಶಿಕ್ಷಣವನ್ನು ಅನುಸರಿಸುತ್ತಿರುವ SC ವಿದ್ಯಾರ್ಥಿಗಳಿಗೆ ತಮ್ಮ ಶಿಕ್ಷಣವನ್ನು ಪೂರ್ಣಗೊಳಿಸಲು ಅವರಿಗೆ ಆರ್ಥಿಕ ಸಹಾಯವನ್ನು ಒದಗಿಸುತ್ತದೆ.,ವಾರ್ಷಿಕ 2.5 ಲಕ್ಷಕ್ಕಿಂತ ಕಡಿಮೆ ಕುಟುಂಬದ ಆದಾಯದೊಂದಿಗೆ ಮೆಟ್ರಿಕ್ಯುಲೇಷನ್ ನಂತರದ ಹಂತದಲ್ಲಿ ಓದುತ್ತಿರುವ ಎಸ್‌ಸಿ ವಿದ್ಯಾರ್ಥಿಗಳು.,ಪ್ರತಿ ವರ್ಷ ಗಡುವಿನ ಮೊದಲು ವಿದ್ಯಾರ್ಥಿವೇತನ.gov.in ಅಥವಾ ರಾಜ್ಯ ಸಮಾಜ ಕಲ್ಯಾಣ ಇಲಾಖೆಯ ಮೂಲಕ ಅರ್ಜಿ ಸಲ್ಲಿಸಿ.,"ಜಾತಿ ಪ್ರಮಾಣ ಪತ್ರ, ಆದಾಯ ಪ್ರಮಾಣ ಪತ್ರ, ಆಧಾರ್ ಕಾರ್ಡ್, ಬ್ಯಾಂಕ್ ಖಾತೆ, ಅಂಕಪಟ್ಟಿ, ಸಂಸ್ಥೆಯ ಪ್ರಮಾಣಪತ್ರ",പോസ്റ്റ് മെട്രിക്കുലേഷൻ അല്ലെങ്കിൽ പോസ്റ്റ് സെക്കൻഡറി വിദ്യാഭ്യാസം പിന്തുടരുന്ന പട്ടികജാതി വിദ്യാർത്ഥികൾക്ക് അവരുടെ വിദ്യാഭ്യാസം പൂർത്തിയാക്കാൻ അവരെ പ്രാപ്തരാക്കുന്നതിന് സാമ്പത്തിക സഹായം നൽകുന്നു.,മെട്രിക്കുലേഷൻ തലത്തിൽ പഠിക്കുന്ന പട്ടികജാതി വിദ്യാർത്ഥികൾ കുടുംബ വാർഷിക വരുമാനം 2.5 ലക്ഷം രൂപയിൽ താഴെയാണ്.,ഓരോ വർഷവും സമയപരിധിക്ക് മുമ്പ് സ്‌കോളർഷിപ്പ്.gov.in-ലോ സംസ്ഥാന സാമൂഹ്യക്ഷേമ വകുപ്പ് മുഖേനയോ അപേക്ഷിക്കുക.,"ജാതി സർട്ടിഫിക്കറ്റ്, വരുമാന സർട്ടിഫിക്കറ്റ്, ആധാർ കാർഡ്, ബാങ്ക് അക്കൗണ്ട്, മാർക്ക് ഷീറ്റുകൾ, സ്ഥാപന സർട്ടിഫിക്കറ്റ്"
42,National Fellowship for SC Students,Ministry of Social Justice and Empowerment,Education,Provides fellowship to SC students pursuing MPhil and PhD programmes in universities and institutions recognized by UGC.,SC students admitted to regular full time MPhil or PhD programme in UGC recognized universities.,Apply through UGC online portal during notification period with admission letter and caste certificate.,"Caste certificate, admission letter, Aadhaar card, bank account, UGC NET scorecard if applicable",https://ugc.ac.in,यूजीसी द्वारा मान्यता प्राप्त विश्वविद्यालयों और संस्थानों में एमफिल और पीएचडी कार्यक्रम करने वाले अनुसूचित जाति के छात्रों को फेलोशिप प्रदान करता है।,एससी छात्रों को यूजीसी से मान्यता प्राप्त विश्वविद्यालयों में नियमित पूर्णकालिक एमफिल या पीएचडी कार्यक्रम में प्रवेश मिलता है।,प्रवेश पत्र और जाति प्रमाण पत्र के साथ अधिसूचना अवधि के दौरान यूजीसी ऑनलाइन पोर्टल के माध्यम से आवेदन करें।,"यदि लागू हो तो जाति प्रमाण पत्र, प्रवेश पत्र, आधार कार्ड, बैंक खाता, यूजीसी नेट स्कोरकार्ड",யுஜிசியால் அங்கீகரிக்கப்பட்ட பல்கலைக்கழகங்கள் மற்றும் நிறுவனங்களில் எம்ஃபில் மற்றும் பிஎச்டி திட்டங்களைப் படிக்கும் எஸ்சி மாணவர்களுக்கு பெல்லோஷிப் வழங்குகிறது.,SC மாணவர்கள் UGC அங்கீகரிக்கப்பட்ட பல்கலைக்கழகங்களில் வழக்கமான முழுநேர எம்ஃபில் அல்லது பிஎச்டி திட்டத்திற்கு அனுமதிக்கப்பட்டனர்.,அனுமதிக் கடிதம் மற்றும் சாதிச் சான்றிதழுடன் அறிவிப்பு காலத்தில் யுஜிசி ஆன்லைன் போர்டல் மூலம் விண்ணப்பிக்கவும்.,"ஜாதி சான்றிதழ், சேர்க்கை கடிதம், ஆதார் அட்டை, வங்கி கணக்கு, யுஜிசி நெட் மதிப்பெண் அட்டை பொருந்தினால்",UGC ద్వారా గుర్తింపు పొందిన విశ్వవిద్యాలయాలు మరియు సంస్థలలో MPhil మరియు PhD ప్రోగ్రామ్‌లను అభ్యసిస్తున్న SC విద్యార్థులకు ఫెలోషిప్ అందిస్తుంది.,SC విద్యార్థులు UGC గుర్తింపు పొందిన విశ్వవిద్యాలయాలలో సాధారణ పూర్తి సమయం MPhil లేదా PhD ప్రోగ్రామ్‌లో ప్రవేశం పొందారు.,అడ్మిషన్ లెటర్ మరియు కుల ధృవీకరణ పత్రంతో నోటిఫికేషన్ వ్యవధిలో UGC ఆన్‌లైన్ పోర్టల్ ద్వారా దరఖాస్తు చేసుకోండి.,"కుల ధృవీకరణ పత్రం, అడ్మిషన్ లెటర్, ఆధార్ కార్డ్, బ్యాంక్ ఖాతా, UGC NET స్కోర్‌కార్డ్ వర్తిస్తే",UGC দ্বারা স্বীকৃত বিশ্ববিদ্যালয় এবং প্রতিষ্ঠানগুলিতে এমফিল এবং পিএইচডি প্রোগ্রাম অনুসরণকারী এসসি শিক্ষার্থীদের ফেলোশিপ প্রদান করে।,ইউজিসি স্বীকৃত বিশ্ববিদ্যালয়গুলিতে নিয়মিত পূর্ণকালীন এমফিল বা পিএইচডি প্রোগ্রামে ভর্তি এসসি শিক্ষার্থীরা।,ভর্তির চিঠি এবং বর্ণ শংসাপত্র সহ বিজ্ঞপ্তির সময় UGC অনলাইন পোর্টালের মাধ্যমে আবেদন করুন।,"জাত শংসাপত্র, ভর্তির চিঠি, আধার কার্ড, ব্যাঙ্ক অ্যাকাউন্ট, ইউজিসি নেট স্কোরকার্ড প্রযোজ্য হলে",UGC द्वारे मान्यताप्राप्त विद्यापीठे आणि संस्थांमध्ये एमफिल आणि पीएचडी प्रोग्रामचा पाठपुरावा करणाऱ्या अनुसूचित जाती विद्यार्थ्यांना फेलोशिप प्रदान करते.,यूजीसी मान्यताप्राप्त विद्यापीठांमध्ये नियमित पूर्णवेळ एमफिल किंवा पीएचडी प्रोग्राममध्ये प्रवेश घेतलेल्या SC विद्यार्थ्यांना.,प्रवेश पत्र आणि जात प्रमाणपत्रासह अधिसूचना कालावधी दरम्यान UGC ऑनलाइन पोर्टलद्वारे अर्ज करा.,"जात प्रमाणपत्र, प्रवेश पत्र, आधार कार्ड, बँक खाते, UGC NET स्कोअरकार्ड लागू असल्यास",યુજીસી દ્વારા માન્યતા પ્રાપ્ત યુનિવર્સિટીઓ અને સંસ્થાઓમાં એમફીલ અને પીએચડી પ્રોગ્રામ ચલાવતા અનુ.જાતિ વિદ્યાર્થીઓને ફેલોશિપ પૂરી પાડે છે.,SC વિદ્યાર્થીઓ UGC માન્ય યુનિવર્સિટીઓમાં નિયમિત પૂર્ણ સમયના એમફિલ અથવા પીએચડી પ્રોગ્રામમાં પ્રવેશ મેળવે છે.,પ્રવેશ પત્ર અને જાતિ પ્રમાણપત્ર સાથે સૂચના સમયગાળા દરમિયાન UGC ઓનલાઈન પોર્ટલ દ્વારા અરજી કરો.,"જાતિ પ્રમાણપત્ર, પ્રવેશ પત્ર, આધાર કાર્ડ, બેંક ખાતું, જો લાગુ હોય તો UGC નેટ સ્કોરકાર્ડ",ಯುಜಿಸಿಯಿಂದ ಮಾನ್ಯತೆ ಪಡೆದ ವಿಶ್ವವಿದ್ಯಾಲಯಗಳು ಮತ್ತು ಸಂಸ್ಥೆಗಳಲ್ಲಿ ಎಂಫಿಲ್ ಮತ್ತು ಪಿಎಚ್‌ಡಿ ಕಾರ್ಯಕ್ರಮಗಳನ್ನು ಅನುಸರಿಸುತ್ತಿರುವ ಎಸ್‌ಸಿ ವಿದ್ಯಾರ್ಥಿಗಳಿಗೆ ಫೆಲೋಶಿಪ್ ಒದಗಿಸುತ್ತದೆ.,SC ವಿದ್ಯಾರ್ಥಿಗಳು ಯುಜಿಸಿ ಮಾನ್ಯತೆ ಪಡೆದ ವಿಶ್ವವಿದ್ಯಾನಿಲಯಗಳಲ್ಲಿ ನಿಯಮಿತ ಪೂರ್ಣ ಸಮಯದ ಎಂಫಿಲ್ ಅಥವಾ ಪಿಎಚ್‌ಡಿ ಕಾರ್ಯಕ್ರಮಕ್ಕೆ ಪ್ರವೇಶ ಪಡೆದಿದ್ದಾರೆ.,ಪ್ರವೇಶ ಪತ್ರ ಮತ್ತು ಜಾತಿ ಪ್ರಮಾಣಪತ್ರದೊಂದಿಗೆ ಅಧಿಸೂಚನೆ ಅವಧಿಯಲ್ಲಿ ಯುಜಿಸಿ ಆನ್‌ಲೈನ್ ಪೋರ್ಟಲ್ ಮೂಲಕ ಅರ್ಜಿ ಸಲ್ಲಿಸಿ.,"ಜಾತಿ ಪ್ರಮಾಣಪತ್ರ, ಪ್ರವೇಶ ಪತ್ರ, ಆಧಾರ್ ಕಾರ್ಡ್, ಬ್ಯಾಂಕ್ ಖಾತೆ, UGC NET ಅಂಕಪಟ್ಟಿ ಅನ್ವಯಿಸಿದರೆ","യുജിസി അംഗീകരിച്ച സർവകലാശാലകളിലും സ്ഥാപനങ്ങളിലും എംഫിൽ, പിഎച്ച്ഡി പ്രോഗ്രാമുകൾ പഠിക്കുന്ന പട്ടികജാതി വിദ്യാർത്ഥികൾക്ക് ഫെലോഷിപ്പ് നൽകുന്നു.",യുജിസി അംഗീകൃത സർവ്വകലാശാലകളിൽ സ്ഥിരമായി മുഴുവൻ സമയ എംഫിൽ അല്ലെങ്കിൽ പിഎച്ച്ഡി പ്രോഗ്രാമിലേക്ക് പ്രവേശനം നേടിയ പട്ടികജാതി വിദ്യാർത്ഥികൾ.,പ്രവേശന കത്തും ജാതി സർട്ടിഫിക്കറ്റും സഹിതം അറിയിപ്പ് കാലയളവിൽ യുജിസി ഓൺലൈൻ പോർട്ടൽ വഴി അപേക്ഷിക്കുക.,"ജാതി സർട്ടിഫിക്കറ്റ്, പ്രവേശന കത്ത്, ആധാർ കാർഡ്, ബാങ്ക് അക്കൗണ്ട്, യുജിസി നെറ്റ് സ്കോർകാർഡ് ബാധകമാണെങ്കിൽ"
43,Pradhan Mantri Innovative Learning Programme DHRUV,Ministry of Education,Education,Identifies and nurtures talented students in science and performing arts through mentorship by eminent personalities.,Talented students from Class 9 to 12 selected through state level screening process.,Schools nominate students to state education departments for screening and selection to the programme.,"School nomination, marksheets, identity proof",https://ncert.nic.in,प्रतिष्ठित व्यक्तियों के मार्गदर्शन के माध्यम से विज्ञान और प्रदर्शन कला में प्रतिभाशाली छात्रों की पहचान और पोषण करता है।,राज्य स्तरीय स्क्रीनिंग प्रक्रिया के माध्यम से कक्षा 9 से 12 तक के प्रतिभाशाली छात्रों का चयन किया गया।,स्कूल कार्यक्रम में स्क्रीनिंग और चयन के लिए छात्रों को राज्य शिक्षा विभागों में नामांकित करते हैं।,"स्कूल नामांकन, मार्कशीट, पहचान प्रमाण","அறிவியலிலும், கலைநிகழ்ச்சிகளிலும் திறமையான மாணவர்களை அடையாளம் கண்டு, தலைசிறந்த ஆளுமைகளின் வழிகாட்டுதலின் மூலம் வளர்க்கிறது.",9 முதல் 12 ஆம் வகுப்பு வரையிலான திறமையான மாணவர்கள் மாநில அளவிலான ஸ்கிரீனிங் செயல்முறை மூலம் தேர்ந்தெடுக்கப்பட்டனர்.,பள்ளிகள் மாணவர்களை ஸ்கிரீனிங் மற்றும் திட்டத்திற்கான தேர்வுக்காக மாநிலக் கல்வித் துறைகளுக்கு பரிந்துரைக்கின்றன.,"பள்ளி நியமனம், மதிப்பெண் பட்டியல், அடையாளச் சான்று","ప్రముఖ వ్యక్తుల మెంటర్‌షిప్ ద్వారా సైన్స్ మరియు పెర్ఫార్మింగ్ ఆర్ట్స్‌లో ప్రతిభావంతులైన విద్యార్థులను గుర్తించి, ప్రోత్సహిస్తుంది.",9 నుంచి 12వ తరగతి వరకు ప్రతిభావంతులైన విద్యార్థులను రాష్ట్ర స్థాయి స్క్రీనింగ్ ప్రక్రియ ద్వారా ఎంపిక చేశారు.,స్క్రీనింగ్ మరియు ప్రోగ్రామ్‌కు ఎంపిక కోసం పాఠశాలలు విద్యార్థులను రాష్ట్ర విద్యా విభాగాలకు నామినేట్ చేస్తాయి.,"పాఠశాల నామినేషన్, మార్కుషీట్లు, గుర్తింపు రుజువు",বিশিষ্ট ব্যক্তিত্বদের দ্বারা মেন্টরশিপের মাধ্যমে বিজ্ঞান এবং পারফর্মিং আর্টসে প্রতিভাবান ছাত্রদের চিহ্নিত করে এবং লালনপালন করে।,ক্লাস 9 থেকে 12 পর্যন্ত মেধাবী ছাত্ররা রাজ্য স্তরের স্ক্রীনিং প্রক্রিয়ার মাধ্যমে নির্বাচিত হয়েছে।,স্কুলগুলি স্ক্রীনিং এবং প্রোগ্রামে নির্বাচন করার জন্য রাজ্যের শিক্ষা বিভাগে ছাত্রদের মনোনীত করে।,"স্কুলের মনোনয়ন, মার্কশিট, পরিচয় প্রমাণ",प्रतिष्ठित व्यक्तिमत्त्वांच्या मार्गदर्शनाद्वारे विज्ञान आणि परफॉर्मिंग आर्ट्समधील प्रतिभावान विद्यार्थ्यांना ओळखते आणि त्यांचे पालनपोषण करते.,इयत्ता 9 वी ते 12 मधील हुशार विद्यार्थ्यांची राज्यस्तरीय स्क्रीनिंग प्रक्रियेद्वारे निवड केली जाते.,शाळा विद्यार्थ्यांना कार्यक्रमासाठी स्क्रीनिंग आणि निवडीसाठी राज्य शिक्षण विभागांमध्ये नामनिर्देशित करतात.,"शाळेचे नामांकन, मार्कशीट, ओळखीचा पुरावा",વિજ્ઞાન અને પર્ફોર્મિંગ આર્ટ્સમાં પ્રતિભાશાળી વિદ્યાર્થીઓની ઓળખ અને સંવર્ધન પ્રતિષ્ઠિત વ્યક્તિઓ દ્વારા માર્ગદર્શન દ્વારા કરે છે.,ધોરણ 9 થી 12 ના પ્રતિભાશાળી વિદ્યાર્થીઓની રાજ્ય સ્તરની સ્ક્રીનીંગ પ્રક્રિયા દ્વારા પસંદગી કરવામાં આવી છે.,શાળાઓ સ્ક્રિનિંગ અને કાર્યક્રમની પસંદગી માટે રાજ્યના શિક્ષણ વિભાગોમાં વિદ્યાર્થીઓનું નામાંકન કરે છે.,"શાળાનું નામાંકન, માર્કશીટ, ઓળખનો પુરાવો",ಪ್ರಖ್ಯಾತ ವ್ಯಕ್ತಿಗಳ ಮಾರ್ಗದರ್ಶನದ ಮೂಲಕ ವಿಜ್ಞಾನ ಮತ್ತು ಪ್ರದರ್ಶನ ಕಲೆಗಳಲ್ಲಿ ಪ್ರತಿಭಾವಂತ ವಿದ್ಯಾರ್ಥಿಗಳನ್ನು ಗುರುತಿಸಿ ಪೋಷಿಸುತ್ತದೆ.,9 ರಿಂದ 12 ನೇ ತರಗತಿಯ ಪ್ರತಿಭಾವಂತ ವಿದ್ಯಾರ್ಥಿಗಳನ್ನು ರಾಜ್ಯ ಮಟ್ಟದ ಸ್ಕ್ರೀನಿಂಗ್ ಪ್ರಕ್ರಿಯೆಯ ಮೂಲಕ ಆಯ್ಕೆ ಮಾಡಲಾಗಿದೆ.,ಕಾರ್ಯಕ್ರಮಕ್ಕೆ ಸ್ಕ್ರೀನಿಂಗ್ ಮತ್ತು ಆಯ್ಕೆಗಾಗಿ ಶಾಲೆಗಳು ವಿದ್ಯಾರ್ಥಿಗಳನ್ನು ರಾಜ್ಯ ಶಿಕ್ಷಣ ಇಲಾಖೆಗಳಿಗೆ ನಾಮನಿರ್ದೇಶನ ಮಾಡುತ್ತವೆ.,"ಶಾಲೆಯ ನಾಮನಿರ್ದೇಶನ, ಅಂಕಪಟ್ಟಿಗಳು, ಗುರುತಿನ ಪುರಾವೆ",പ്രഗത്ഭരായ വ്യക്തികളുടെ മെൻ്റർഷിപ്പിലൂടെ സയൻസിലും പെർഫോമിംഗ് ആർട്‌സിലും കഴിവുള്ള വിദ്യാർത്ഥികളെ കണ്ടെത്തി പരിപോഷിപ്പിക്കുന്നു.,9 മുതൽ 12 വരെ ക്ലാസുകളിലെ പ്രതിഭാധനരായ വിദ്യാർത്ഥികളെ സംസ്ഥാനതല സ്ക്രീനിംഗ് പ്രക്രിയയിലൂടെ തിരഞ്ഞെടുത്തു.,സ്‌കൂളുകൾ വിദ്യാർത്ഥികളെ സ്‌ക്രീനിങ്ങിനും പ്രോഗ്രാമിലേക്ക് തിരഞ്ഞെടുക്കുന്നതിനുമായി സംസ്ഥാന വിദ്യാഭ്യാസ വകുപ്പുകളിലേക്ക് നാമനിർദ്ദേശം ചെയ്യുന്നു.,"സ്കൂൾ നാമനിർദ്ദേശം, മാർക്ക് ഷീറ്റുകൾ, തിരിച്ചറിയൽ രേഖ"
44,Eklavya Model Residential Schools,Ministry of Tribal Affairs,Education,Provides quality residential education to ST students in remote tribal areas from Class 6 to 12 with focus on preserving tribal culture.,ST students in remote tribal areas. Admission through entrance examination conducted by state tribal departments.,Apply through district tribal welfare office for entrance examination. Admission based on merit.,"ST certificate, birth certificate, school marksheets, Aadhaar card",https://tribal.nic.in,आदिवासी संस्कृति के संरक्षण पर ध्यान देने के साथ दूरदराज के आदिवासी क्षेत्रों में अनुसूचित जनजाति के छात्रों को कक्षा 6 से 12 तक गुणवत्तापूर्ण आवासीय शिक्षा प्रदान करता है।,सुदूर जनजातीय क्षेत्रों में अनुसूचित जनजाति के छात्र। राज्य जनजातीय विभागों द्वारा आयोजित प्रवेश परीक्षा के माध्यम से प्रवेश।,प्रवेश परीक्षा के लिए जिला आदिवासी कल्याण कार्यालय के माध्यम से आवेदन करें। प्रवेश योग्यता के आधार पर।,"एसटी प्रमाण पत्र, जन्म प्रमाण पत्र, स्कूल मार्कशीट, आधार कार्ड",பழங்குடியின கலாச்சாரத்தை பாதுகாப்பதில் கவனம் செலுத்தி 6 முதல் 12 ஆம் வகுப்பு வரை தொலைதூர பழங்குடியினர் பகுதிகளில் உள்ள ST மாணவர்களுக்கு தரமான குடியிருப்பு கல்வியை வழங்குகிறது.,தொலைதூர பழங்குடிப் பகுதிகளில் உள்ள எஸ்டி மாணவர்கள். மாநில பழங்குடித் துறைகளால் நடத்தப்படும் நுழைவுத் தேர்வு மூலம் சேர்க்கை.,நுழைவுத் தேர்வுக்கு மாவட்ட பழங்குடியினர் நல அலுவலகம் மூலம் விண்ணப்பிக்கவும். தகுதி அடிப்படையில் சேர்க்கை.,"எஸ்டி சான்றிதழ், பிறப்புச் சான்றிதழ், பள்ளி மதிப்பெண்கள், ஆதார் அட்டை",గిరిజన సంస్కృతిని పరిరక్షించడంపై దృష్టి సారించి 6 నుండి 12వ తరగతి వరకు మారుమూల గిరిజన ప్రాంతాల్లోని ST విద్యార్థులకు నాణ్యమైన రెసిడెన్షియల్ విద్యను అందిస్తుంది.,మారుమూల గిరిజన ప్రాంతాల్లోని ఎస్టీ విద్యార్థులు. రాష్ట్ర గిరిజన శాఖలు నిర్వహించే ప్రవేశ పరీక్ష ద్వారా ప్రవేశం.,ప్రవేశ పరీక్ష కోసం జిల్లా గిరిజన సంక్షేమ కార్యాలయం ద్వారా దరఖాస్తు చేసుకోండి. మెరిట్ ఆధారంగా ప్రవేశం.,"ST సర్టిఫికేట్, జనన ధృవీకరణ పత్రం, పాఠశాల మార్క్‌షీట్లు, ఆధార్ కార్డ్",প্রত্যন্ত উপজাতীয় অঞ্চলে 6 থেকে 12 শ্রেণী পর্যন্ত উপজাতীয় সংস্কৃতি সংরক্ষণের দিকে মনোযোগ দিয়ে এসটি শিক্ষার্থীদের মানসম্পন্ন আবাসিক শিক্ষা প্রদান করে।,প্রত্যন্ত আদিবাসী এলাকায় এসটি ছাত্ররা। রাজ্য উপজাতি বিভাগ দ্বারা পরিচালিত প্রবেশিকা পরীক্ষার মাধ্যমে ভর্তি।,প্রবেশিকা পরীক্ষার জন্য জেলা আদিবাসী কল্যাণ অফিসের মাধ্যমে আবেদন করুন। মেধার ভিত্তিতে ভর্তি।,"এসটি শংসাপত্র, জন্ম শংসাপত্র, স্কুলের মার্কশিট, আধার কার্ড",आदिवासी संस्कृती जतन करण्यावर लक्ष केंद्रित करून इयत्ता 6 वी ते 12 वी पर्यंतच्या दुर्गम आदिवासी भागातील एसटी विद्यार्थ्यांना दर्जेदार निवासी शिक्षण देते.,दुर्गम आदिवासी भागातील विद्यार्थ्यांना एस.टी. राज्याच्या आदिवासी विभागांद्वारे आयोजित प्रवेश परीक्षेद्वारे प्रवेश.,प्रवेश परीक्षेसाठी जिल्हा आदिवासी कल्याण कार्यालयामार्फत अर्ज करा. गुणवत्तेवर आधारित प्रवेश.,"एसटी प्रमाणपत्र, जन्म प्रमाणपत्र, शाळेच्या मार्कशीट, आधार कार्ड",આદિવાસી સંસ્કૃતિની જાળવણી પર ધ્યાન કેન્દ્રિત કરીને વર્ગ 6 થી 12 સુધીના અંતરિયાળ આદિવાસી વિસ્તારોમાં ST વિદ્યાર્થીઓને ગુણવત્તાયુક્ત નિવાસી શિક્ષણ પૂરું પાડે છે.,અંતરિયાળ આદિવાસી વિસ્તારોમાં વિદ્યાર્થીઓને એસ.ટી. રાજ્યના આદિજાતિ વિભાગો દ્વારા આયોજિત પ્રવેશ પરીક્ષા દ્વારા પ્રવેશ.,પ્રવેશ પરીક્ષા માટે જિલ્લા આદિજાતિ કલ્યાણ કચેરી દ્વારા અરજી કરો. મેરિટના આધારે પ્રવેશ.,"ST પ્રમાણપત્ર, જન્મ પ્રમાણપત્ર, શાળાની માર્કશીટ, આધાર કાર્ડ",ಬುಡಕಟ್ಟು ಸಂಸ್ಕೃತಿಯನ್ನು ಸಂರಕ್ಷಿಸುವ ಗುರಿಯೊಂದಿಗೆ 6 ರಿಂದ 12 ನೇ ತರಗತಿಯವರೆಗೆ ದೂರದ ಬುಡಕಟ್ಟು ಪ್ರದೇಶಗಳಲ್ಲಿ ST ವಿದ್ಯಾರ್ಥಿಗಳಿಗೆ ಗುಣಮಟ್ಟದ ವಸತಿ ಶಿಕ್ಷಣವನ್ನು ಒದಗಿಸುತ್ತದೆ.,ದೂರದ ಬುಡಕಟ್ಟು ಪ್ರದೇಶಗಳಲ್ಲಿ ಎಸ್ಟಿ ವಿದ್ಯಾರ್ಥಿಗಳು. ರಾಜ್ಯ ಬುಡಕಟ್ಟು ಇಲಾಖೆಗಳು ನಡೆಸುವ ಪ್ರವೇಶ ಪರೀಕ್ಷೆಯ ಮೂಲಕ ಪ್ರವೇಶ.,ಪ್ರವೇಶ ಪರೀಕ್ಷೆಗಾಗಿ ಜಿಲ್ಲಾ ಬುಡಕಟ್ಟು ಕಲ್ಯಾಣ ಕಚೇರಿ ಮೂಲಕ ಅರ್ಜಿ ಸಲ್ಲಿಸಿ. ಮೆರಿಟ್ ಆಧಾರದ ಮೇಲೆ ಪ್ರವೇಶ.,"ST ಪ್ರಮಾಣಪತ್ರ, ಜನನ ಪ್ರಮಾಣಪತ್ರ, ಶಾಲಾ ಅಂಕಪಟ್ಟಿಗಳು, ಆಧಾರ್ ಕಾರ್ಡ್",ആദിവാസി സംസ്കാരം സംരക്ഷിക്കുന്നതിൽ ശ്രദ്ധ കേന്ദ്രീകരിച്ച് 6 മുതൽ 12 വരെ ക്ലാസ് വരെയുള്ള വിദൂര ആദിവാസി മേഖലകളിലെ എസ്ടി വിദ്യാർത്ഥികൾക്ക് ഗുണനിലവാരമുള്ള റസിഡൻഷ്യൽ വിദ്യാഭ്യാസം നൽകുന്നു.,വിദൂര ആദിവാസി മേഖലകളിലെ എസ്.ടി. സംസ്ഥാന ട്രൈബൽ വകുപ്പുകൾ നടത്തുന്ന പ്രവേശന പരീക്ഷയിലൂടെയാണ് പ്രവേശനം.,പ്രവേശന പരീക്ഷയ്ക്ക് ജില്ലാ ട്രൈബൽ വെൽഫെയർ ഓഫീസ് മുഖേന അപേക്ഷിക്കുക. യോഗ്യതയുടെ അടിസ്ഥാനത്തിലാണ് പ്രവേശനം.,"എസ്ടി സർട്ടിഫിക്കറ്റ്, ജനന സർട്ടിഫിക്കറ്റ്, സ്കൂൾ മാർക്ക് ഷീറ്റുകൾ, ആധാർ കാർഡ്"
45,Ishan Uday Special Scholarship for North East,Ministry of Education,Education,Provides scholarships to students from North Eastern states pursuing general degree technical and medical education to increase gross enrollment ratio.,Students domiciled in North Eastern states pursuing undergraduate courses with family income below Rs 4.5 lakh.,Apply at scholarships.gov.in during notification period with domicile and income certificates.,"Domicile certificate, income certificate, Aadhaar card, bank account, marksheets",https://scholarships.gov.in,सकल नामांकन अनुपात बढ़ाने के लिए सामान्य डिग्री तकनीकी और चिकित्सा शिक्षा प्राप्त करने वाले उत्तर पूर्वी राज्यों के छात्रों को छात्रवृत्ति प्रदान करता है।,4.5 लाख रुपये से कम पारिवारिक आय वाले उत्तर पूर्वी राज्यों के छात्र स्नातक पाठ्यक्रम कर रहे हैं।,अधिसूचना अवधि के दौरान अधिवास और आय प्रमाण पत्र के साथ Scholarships.gov.in पर आवेदन करें।,"निवास प्रमाण पत्र, आय प्रमाण पत्र, आधार कार्ड, बैंक खाता, मार्कशीट","மொத்த சேர்க்கை விகிதத்தை அதிகரிக்க, பொது பட்டப்படிப்பு தொழில்நுட்ப மற்றும் மருத்துவக் கல்வியைத் தொடரும் வடகிழக்கு மாநில மாணவர்களுக்கு உதவித்தொகை வழங்குகிறது.",4.5 லட்சத்துக்கும் குறைவான குடும்ப வருமானத்துடன் இளங்கலைப் படிப்பைத் தொடரும் வடகிழக்கு மாநிலங்களில் வசிக்கும் மாணவர்கள்.,வசிப்பிட மற்றும் வருமானச் சான்றிதழுடன் அறிவிப்புக் காலத்தில் Scholarships.gov.in இல் விண்ணப்பிக்கவும்.,"வீட்டுச் சான்றிதழ், வருமானச் சான்றிதழ், ஆதார் அட்டை, வங்கிக் கணக்கு, மதிப்பெண் பட்டியல்கள்",స్థూల నమోదు నిష్పత్తిని పెంచడానికి సాధారణ డిగ్రీ సాంకేతిక మరియు వైద్య విద్యను అభ్యసిస్తున్న ఈశాన్య రాష్ట్రాల విద్యార్థులకు స్కాలర్‌షిప్‌లను అందిస్తుంది.,రూ. 4.5 లక్షల కంటే తక్కువ కుటుంబ ఆదాయంతో అండర్ గ్రాడ్యుయేట్ కోర్సులను అభ్యసిస్తున్న ఈశాన్య రాష్ట్రాల్లో విద్యార్థులు నివాసం ఉంటున్నారు.,నివాసం మరియు ఆదాయ ధృవీకరణ పత్రాలతో నోటిఫికేషన్ వ్యవధిలో స్కాలర్‌షిప్‌లు.gov.inలో దరఖాస్తు చేసుకోండి.,"నివాస ధృవీకరణ పత్రం, ఆదాయ ధృవీకరణ పత్రం, ఆధార్ కార్డు, బ్యాంక్ ఖాతా, మార్క్‌షీట్లు",গ্রস এনরোলমেন্ট রেশিও বাড়ানোর জন্য সাধারণ ডিগ্রি কারিগরি ও চিকিৎসা শিক্ষা গ্রহণকারী উত্তর-পূর্ব রাজ্যগুলির শিক্ষার্থীদের বৃত্তি প্রদান করে।,উত্তর-পূর্বাঞ্চলীয় রাজ্যগুলিতে বসবাসকারী শিক্ষার্থীরা 4.5 লক্ষ টাকার নিচে পারিবারিক আয় সহ স্নাতক কোর্সগুলি অনুসরণ করছে।,আবাসিক এবং আয়ের শংসাপত্র সহ বিজ্ঞপ্তির সময় Scholships.gov.in-এ আবেদন করুন।,"আবাসিক শংসাপত্র, আয়ের শংসাপত্র, আধার কার্ড, ব্যাঙ্ক অ্যাকাউন্ট, মার্কশিট",एकूण नोंदणी प्रमाण वाढवण्यासाठी सामान्य पदवी तांत्रिक आणि वैद्यकीय शिक्षण घेत असलेल्या पूर्वोत्तर राज्यांतील विद्यार्थ्यांना शिष्यवृत्ती प्रदान करते.,ईशान्येकडील राज्यांमध्ये राहणारे विद्यार्थी 4.5 लाख रुपयांपेक्षा कमी कौटुंबिक उत्पन्नासह पदवीपूर्व अभ्यासक्रम घेत आहेत.,अधिवास आणि उत्पन्न प्रमाणपत्रांसह अधिसूचना कालावधी दरम्यान Scholarships.gov.in वर अर्ज करा.,"अधिवास प्रमाणपत्र, उत्पन्नाचा दाखला, आधार कार्ड, बँक खाते, मार्कशीट",ગ્રોસ એનરોલમેન્ટ રેશિયો વધારવા માટે સામાન્ય ડિગ્રી ટેક્નિકલ અને મેડિકલ એજ્યુકેશનને અનુસરતા ઉત્તર પૂર્વી રાજ્યોના વિદ્યાર્થીઓને શિષ્યવૃત્તિ પૂરી પાડે છે.,4.5 લાખ રૂપિયાથી ઓછી કૌટુંબિક આવક સાથે અંડરગ્રેજ્યુએટ કોર્સ કરી રહેલા વિદ્યાર્થીઓ ઉત્તર પૂર્વના રાજ્યોમાં રહે છે.,ડોમિસાઇલ અને આવક પ્રમાણપત્રો સાથે નોટિફિકેશન સમયગાળા દરમિયાન Scholarships.gov.in પર અરજી કરો.,"ડોમિસાઇલ પ્રમાણપત્ર, આવકનું પ્રમાણપત્ર, આધાર કાર્ડ, બેંક ખાતું, માર્કશીટ",ಒಟ್ಟಾರೆ ದಾಖಲಾತಿ ಅನುಪಾತವನ್ನು ಹೆಚ್ಚಿಸಲು ಸಾಮಾನ್ಯ ಪದವಿ ತಾಂತ್ರಿಕ ಮತ್ತು ವೈದ್ಯಕೀಯ ಶಿಕ್ಷಣವನ್ನು ಅನುಸರಿಸುವ ಈಶಾನ್ಯ ರಾಜ್ಯಗಳ ವಿದ್ಯಾರ್ಥಿಗಳಿಗೆ ವಿದ್ಯಾರ್ಥಿವೇತನವನ್ನು ಒದಗಿಸುತ್ತದೆ.,4.5 ಲಕ್ಷಕ್ಕಿಂತ ಕಡಿಮೆ ಕುಟುಂಬದ ಆದಾಯದೊಂದಿಗೆ ಪದವಿಪೂರ್ವ ಕೋರ್ಸ್‌ಗಳನ್ನು ಅನುಸರಿಸುತ್ತಿರುವ ಈಶಾನ್ಯ ರಾಜ್ಯಗಳಲ್ಲಿ ನೆಲೆಸಿರುವ ವಿದ್ಯಾರ್ಥಿಗಳು.,ನಿವಾಸ ಮತ್ತು ಆದಾಯ ಪ್ರಮಾಣಪತ್ರಗಳೊಂದಿಗೆ ಅಧಿಸೂಚನೆಯ ಅವಧಿಯಲ್ಲಿ ವಿದ್ಯಾರ್ಥಿವೇತನ.gov.in ನಲ್ಲಿ ಅರ್ಜಿ ಸಲ್ಲಿಸಿ.,"ನಿವಾಸ ಪ್ರಮಾಣಪತ್ರ, ಆದಾಯ ಪ್ರಮಾಣಪತ್ರ, ಆಧಾರ್ ಕಾರ್ಡ್, ಬ್ಯಾಂಕ್ ಖಾತೆ, ಅಂಕಪಟ್ಟಿಗಳು","മൊത്ത എൻറോൾമെൻ്റ് അനുപാതം വർധിപ്പിക്കുന്നതിനായി ജനറൽ ഡിഗ്രി സാങ്കേതിക, മെഡിക്കൽ വിദ്യാഭ്യാസം നേടുന്ന വടക്കുകിഴക്കൻ സംസ്ഥാനങ്ങളിൽ നിന്നുള്ള വിദ്യാർത്ഥികൾക്ക് സ്കോളർഷിപ്പ് നൽകുന്നു.",4.5 ലക്ഷം രൂപയിൽ താഴെ കുടുംബവരുമാനമുള്ള ബിരുദ കോഴ്‌സുകൾ പഠിക്കുന്ന വടക്കുകിഴക്കൻ സംസ്ഥാനങ്ങളിൽ താമസിക്കുന്ന വിദ്യാർത്ഥികൾ.,"വിജ്ഞാപന കാലയളവിൽ സ്‌കൂൾ, വരുമാന സർട്ടിഫിക്കറ്റുകൾ സഹിതം സ്‌കോളർഷിപ്പ്.gov.in-ൽ അപേക്ഷിക്കുക.","ഡൊമിസൈൽ സർട്ടിഫിക്കറ്റ്, വരുമാന സർട്ടിഫിക്കറ്റ്, ആധാർ കാർഡ്, ബാങ്ക് അക്കൗണ്ട്, മാർക്ക് ഷീറ്റുകൾ"
46,MGNREGA,Ministry of Rural Development,Employment,Guarantees 100 days of wage employment per year to rural households whose adult members volunteer to do unskilled manual work.,Adult members of rural households willing to do unskilled manual work. No income or caste criteria.,Register at Gram Panchayat office to get job card. Apply for work at Gram Panchayat when needed.,"Aadhaar card, bank account, passport size photo, address proof",https://nrega.nic.in,उन ग्रामीण परिवारों को प्रति वर्ष 100 दिनों के वेतन रोजगार की गारंटी देता है जिनके वयस्क सदस्य अकुशल शारीरिक काम करने के लिए स्वेच्छा से काम करते हैं।,ग्रामीण परिवारों के वयस्क सदस्य अकुशल शारीरिक कार्य करने के इच्छुक हैं। कोई आय या जाति मानदंड नहीं.,जॉब कार्ड प्राप्त करने के लिए ग्राम पंचायत कार्यालय में पंजीकरण कराएं। जरूरत पड़ने पर ग्राम पंचायत में काम के लिए आवेदन करें।,"आधार कार्ड, बैंक खाता, पासपोर्ट साइज फोटो, एड्रेस प्रूफ",திறமையற்ற கைமுறை வேலையைச் செய்ய முன்வந்த வயதுவந்தோர் கிராமப்புற குடும்பங்களுக்கு ஆண்டுக்கு 100 நாட்கள் கூலி வேலைவாய்ப்பை உத்தரவாதம் செய்கிறது.,கிராமப்புற குடும்பங்களின் வயது முதிர்ந்த உறுப்பினர்கள் திறமையற்ற கையால் வேலை செய்ய தயாராக உள்ளனர். வருமானம் அல்லது சாதி அளவுகோல் இல்லை.,வேலை அட்டை பெற கிராம பஞ்சாயத்து அலுவலகத்தில் பதிவு செய்யவும். தேவைப்படும் போது கிராம பஞ்சாயத்தில் வேலைக்கு விண்ணப்பிக்கவும்.,"ஆதார் அட்டை, வங்கி கணக்கு, பாஸ்போர்ட் அளவு புகைப்படம், முகவரி சான்று",నైపుణ్యం లేని మాన్యువల్ పని చేయడానికి వయోజన సభ్యులు స్వచ్ఛందంగా ముందుకు వచ్చే గ్రామీణ కుటుంబాలకు సంవత్సరానికి 100 రోజుల వేతన ఉపాధి హామీ.,నైపుణ్యం లేని మాన్యువల్ పని చేయడానికి ఇష్టపడే గ్రామీణ కుటుంబాల్లోని వయోజన సభ్యులు. ఆదాయ లేదా కుల ప్రమాణాలు లేవు.,జాబ్ కార్డు పొందడానికి గ్రామ పంచాయతీ కార్యాలయంలో నమోదు చేసుకోండి. అవసరమైనప్పుడు గ్రామ పంచాయతీలో పని కోసం దరఖాస్తు చేసుకోండి.,"ఆధార్ కార్డు, బ్యాంకు ఖాతా, పాస్‌పోర్ట్ సైజ్ ఫోటో, చిరునామా రుజువు",গ্রামীণ পরিবারগুলিতে প্রতি বছর 100 দিনের মজুরি কর্মসংস্থানের গ্যারান্টি দেয় যাদের প্রাপ্তবয়স্ক সদস্যরা অদক্ষ কায়িক কাজ করতে স্বেচ্ছাসেবক।,গ্রামীণ পরিবারের প্রাপ্তবয়স্ক সদস্যরা অদক্ষ হাতের কাজ করতে ইচ্ছুক। কোন আয় বা বর্ণের মানদণ্ড নেই।,জব কার্ড পেতে গ্রাম পঞ্চায়েত অফিসে নিবন্ধন করুন। প্রয়োজনে গ্রাম পঞ্চায়েতে কাজের জন্য আবেদন করুন।,"আধার কার্ড, ব্যাঙ্ক অ্যাকাউন্ট, পাসপোর্ট সাইজের ছবি, ঠিকানার প্রমাণ",ग्रामीण कुटुंबे ज्यांचे प्रौढ सदस्य अकुशल हाताने काम करण्यासाठी स्वेच्छेने काम करतात त्यांना वर्षाला 100 दिवसांच्या वेतन रोजगाराची हमी देते.,ग्रामीण कुटुंबातील प्रौढ सदस्य अकुशल हाताने काम करण्यास इच्छुक आहेत. उत्पन्न किंवा जातीचे निकष नाहीत.,जॉब कार्ड मिळविण्यासाठी ग्रामपंचायत कार्यालयात नोंदणी करा. जेव्हा गरज असेल तेव्हा ग्रामपंचायतीमध्ये कामासाठी अर्ज करा.,"आधार कार्ड, बँक खाते, पासपोर्ट आकाराचा फोटो, पत्ता पुरावा",ગ્રામીણ પરિવારો કે જેમના પુખ્ત સભ્યો અકુશળ મેન્યુઅલ કામ કરવા માટે સ્વયંસેવક હોય તેમને દર વર્ષે 100 દિવસના વેતન રોજગારની બાંયધરી આપે છે.,અકુશળ મેન્યુઅલ વર્ક કરવા ઇચ્છુક ગ્રામીણ પરિવારોના પુખ્ત સભ્યો. આવક કે જાતિના માપદંડ નથી.,જોબ કાર્ડ મેળવવા માટે ગ્રામ પંચાયત કચેરીમાં નોંધણી કરાવો. જ્યારે જરૂર પડે ત્યારે ગ્રામ પંચાયતમાં કામ માટે અરજી કરો.,"આધાર કાર્ડ, બેંક એકાઉન્ટ, પાસપોર્ટ સાઈઝ ફોટો, એડ્રેસ પ્રૂફ",ವಯಸ್ಕ ಸದಸ್ಯರು ಕೌಶಲ್ಯರಹಿತ ಕೈಯಿಂದ ಕೆಲಸ ಮಾಡಲು ಸ್ವಯಂಸೇವಕರಾಗಿರುವ ಗ್ರಾಮೀಣ ಕುಟುಂಬಗಳಿಗೆ ವರ್ಷಕ್ಕೆ 100 ದಿನಗಳ ಕೂಲಿ ಉದ್ಯೋಗವನ್ನು ಖಾತರಿಪಡಿಸುತ್ತದೆ.,ಗ್ರಾಮೀಣ ಕುಟುಂಬಗಳ ವಯಸ್ಕ ಸದಸ್ಯರು ಕೌಶಲ್ಯರಹಿತ ಕೈಯಿಂದ ಕೆಲಸ ಮಾಡಲು ಸಿದ್ಧರಿದ್ದಾರೆ. ಆದಾಯ ಅಥವಾ ಜಾತಿ ಮಾನದಂಡವಿಲ್ಲ.,ಜಾಬ್ ಕಾರ್ಡ್ ಪಡೆಯಲು ಗ್ರಾಮ ಪಂಚಾಯಿತಿ ಕಚೇರಿಯಲ್ಲಿ ನೋಂದಾಯಿಸಿ. ಅಗತ್ಯವಿದ್ದಾಗ ಗ್ರಾಮ ಪಂಚಾಯಿತಿಯಲ್ಲಿ ಕೆಲಸಕ್ಕೆ ಅರ್ಜಿ ಸಲ್ಲಿಸಿ.,"ಆಧಾರ್ ಕಾರ್ಡ್, ಬ್ಯಾಂಕ್ ಖಾತೆ, ಪಾಸ್‌ಪೋರ್ಟ್ ಅಳತೆಯ ಫೋಟೋ, ವಿಳಾಸ ಪುರಾವೆ",പ്രായപൂർത്തിയായ അംഗങ്ങൾ വൈദഗ്ധ്യമില്ലാത്ത കൈകൊണ്ട് ജോലി ചെയ്യാൻ സന്നദ്ധരായ ഗ്രാമീണ കുടുംബങ്ങൾക്ക് പ്രതിവർഷം 100 ദിവസത്തെ വേതന തൊഴിൽ ഉറപ്പ് നൽകുന്നു.,ഗ്രാമീണ കുടുംബങ്ങളിലെ മുതിർന്ന അംഗങ്ങൾ വൈദഗ്ധ്യമില്ലാത്ത കൈകൊണ്ട് ജോലി ചെയ്യാൻ തയ്യാറാണ്. വരുമാനമോ ജാതിയോ മാനദണ്ഡമില്ല.,തൊഴിൽ കാർഡ് ലഭിക്കുന്നതിന് ഗ്രാമപഞ്ചായത്ത് ഓഫീസിൽ രജിസ്റ്റർ ചെയ്യുക. ആവശ്യമുള്ളപ്പോൾ ഗ്രാമപഞ്ചായത്തിൽ ജോലിക്ക് അപേക്ഷിക്കുക.,"ആധാർ കാർഡ്, ബാങ്ക് അക്കൗണ്ട്, പാസ്‌പോർട്ട് സൈസ് ഫോട്ടോ, വിലാസ തെളിവ്"
47,PM Mudra Yojana,Ministry of Finance,Employment,Provides loans up to Rs 10 lakh to non corporate non farm small and micro enterprises for starting or expanding their business.,Any Indian citizen with a business plan for non farm income generating activities in manufacturing trading or service sector.,Apply at nearest bank microfinance institution or online at mudra.org.in with business plan and documents.,"Aadhaar card, PAN card, business address proof, bank statements, business plan",https://www.mudra.org.in,गैर-कॉर्पोरेट गैर-कृषि लघु और सूक्ष्म उद्यमों को अपना व्यवसाय शुरू करने या विस्तार करने के लिए 10 लाख रुपये तक का ऋण प्रदान करता है।,विनिर्माण व्यापार या सेवा क्षेत्र में गैर कृषि आय सृजन गतिविधियों के लिए व्यवसाय योजना वाला कोई भी भारतीय नागरिक।,व्यवसाय योजना और दस्तावेजों के साथ निकटतम बैंक माइक्रोफाइनेंस संस्थान में या mudra.org.in पर ऑनलाइन आवेदन करें।,"आधार कार्ड, पैन कार्ड, व्यवसाय पते का प्रमाण, बैंक विवरण, व्यवसाय योजना",கார்ப்பரேட் அல்லாத பண்ணை அல்லாத சிறு மற்றும் குறு நிறுவனங்களுக்கு தங்கள் தொழிலைத் தொடங்க அல்லது விரிவுபடுத்த ரூ.10 லட்சம் வரை கடன் வழங்குகிறது.,உற்பத்தி வர்த்தகம் அல்லது சேவைத் துறையில் பண்ணை அல்லாத வருமானம் ஈட்டும் நடவடிக்கைகளுக்கான வணிகத் திட்டத்தைக் கொண்ட எந்தவொரு இந்திய குடிமகனும்.,வணிகத் திட்டம் மற்றும் ஆவணங்களுடன் அருகிலுள்ள வங்கி நுண்நிதி நிறுவனத்தில் அல்லது mudra.org.in இல் ஆன்லைனில் விண்ணப்பிக்கவும்.,"ஆதார் அட்டை, பான் கார்டு, வணிக முகவரி சான்று, வங்கி அறிக்கைகள், வணிகத் திட்டம்",తమ వ్యాపారాన్ని ప్రారంభించడం లేదా విస్తరించడం కోసం కార్పోరేట్ కాని వ్యవసాయ చిన్న మరియు సూక్ష్మ పరిశ్రమలకు రూ. 10 లక్షల వరకు రుణాలను అందిస్తుంది.,ఉత్పాదక వాణిజ్యం లేదా సేవా రంగంలో వ్యవసాయేతర ఆదాయాన్ని సృష్టించే కార్యకలాపాల కోసం వ్యాపార ప్రణాళికను కలిగి ఉన్న ఏదైనా భారతీయ పౌరుడు.,వ్యాపార ప్రణాళిక మరియు పత్రాలతో సమీపంలోని బ్యాంక్ మైక్రోఫైనాన్స్ సంస్థలో లేదా mudra.org.inలో ఆన్‌లైన్‌లో దరఖాస్తు చేసుకోండి.,"ఆధార్ కార్డ్, పాన్ కార్డ్, వ్యాపార చిరునామా రుజువు, బ్యాంక్ స్టేట్‌మెంట్‌లు, వ్యాపార ప్రణాళిక",ব্যবসা শুরু বা সম্প্রসারণের জন্য নন কর্পোরেট নন-ফার্ম ছোট এবং ক্ষুদ্র উদ্যোগগুলিকে 10 লক্ষ টাকা পর্যন্ত ঋণ প্রদান করে।,উত্পাদন ব্যবসা বা পরিষেবা খাতে অ-খামার আয় সৃষ্টিকারী কার্যকলাপের জন্য একটি ব্যবসায়িক পরিকল্পনা সহ যে কোনও ভারতীয় নাগরিক।,ব্যবসায়িক পরিকল্পনা এবং নথি সহ নিকটস্থ ব্যাঙ্ক ক্ষুদ্রঋণ প্রতিষ্ঠানে বা mudra.org.in-এ অনলাইনে আবেদন করুন।,"আধার কার্ড, প্যান কার্ড, ব্যবসার ঠিকানা প্রমাণ, ব্যাঙ্ক স্টেটমেন্ট, ব্যবসায়িক পরিকল্পনা",बिगर कॉर्पोरेट बिगर शेती लघु आणि सूक्ष्म उद्योगांना त्यांचा व्यवसाय सुरू करण्यासाठी किंवा विस्तारण्यासाठी 10 लाख रुपयांपर्यंत कर्ज प्रदान करते.,उत्पादन व्यापार किंवा सेवा क्षेत्रातील बिगर शेती उत्पन्न देणाऱ्या क्रियाकलापांसाठी व्यवसाय योजना असलेला कोणताही भारतीय नागरिक.,व्यवसाय योजना आणि कागदपत्रांसह जवळच्या बँक मायक्रोफायनान्स संस्थेत किंवा mudra.org.in वर ऑनलाइन अर्ज करा.,"आधार कार्ड, पॅन कार्ड, व्यवसाय पत्त्याचा पुरावा, बँक स्टेटमेंट, व्यवसाय योजना",બિન-કોર્પોરેટ બિન-ખેતી નાના અને સૂક્ષ્મ સાહસોને તેમનો વ્યવસાય શરૂ કરવા અથવા વિસ્તરણ કરવા માટે રૂ. 10 લાખ સુધીની લોન આપે છે.,મેન્યુફેક્ચરિંગ ટ્રેડિંગ અથવા સર્વિસ સેક્ટરમાં બિનખેતી આવક પેદા કરતી પ્રવૃત્તિઓ માટે બિઝનેસ પ્લાન ધરાવતો કોઈપણ ભારતીય નાગરિક.,બિઝનેસ પ્લાન અને દસ્તાવેજો સાથે નજીકની બેંક માઇક્રોફાઇનાન્સ સંસ્થા અથવા mudra.org.in પર ઑનલાઇન અરજી કરો.,"આધાર કાર્ડ, પાન કાર્ડ, બિઝનેસ એડ્રેસ પ્રૂફ, બેંક સ્ટેટમેન્ટ, બિઝનેસ પ્લાન",ಕಾರ್ಪೊರೇಟ್ ಅಲ್ಲದ ಕೃಷಿ ಸಣ್ಣ ಮತ್ತು ಸೂಕ್ಷ್ಮ ಉದ್ಯಮಗಳಿಗೆ ತಮ್ಮ ವ್ಯವಹಾರವನ್ನು ಪ್ರಾರಂಭಿಸಲು ಅಥವಾ ವಿಸ್ತರಿಸಲು ರೂ 10 ಲಕ್ಷದವರೆಗೆ ಸಾಲವನ್ನು ಒದಗಿಸುತ್ತದೆ.,ಉತ್ಪಾದನಾ ವ್ಯಾಪಾರ ಅಥವಾ ಸೇವಾ ವಲಯದಲ್ಲಿ ಕೃಷಿಯೇತರ ಆದಾಯವನ್ನು ಉತ್ಪಾದಿಸುವ ಚಟುವಟಿಕೆಗಳಿಗಾಗಿ ವ್ಯಾಪಾರ ಯೋಜನೆಯನ್ನು ಹೊಂದಿರುವ ಯಾವುದೇ ಭಾರತೀಯ ನಾಗರಿಕ.,ವ್ಯಾಪಾರ ಯೋಜನೆ ಮತ್ತು ದಾಖಲೆಗಳೊಂದಿಗೆ ಹತ್ತಿರದ ಬ್ಯಾಂಕ್ ಮೈಕ್ರೋಫೈನಾನ್ಸ್ ಸಂಸ್ಥೆಯಲ್ಲಿ ಅಥವಾ mudra.org.in ನಲ್ಲಿ ಆನ್‌ಲೈನ್‌ನಲ್ಲಿ ಅನ್ವಯಿಸಿ.,"ಆಧಾರ್ ಕಾರ್ಡ್, ಪ್ಯಾನ್ ಕಾರ್ಡ್, ವ್ಯಾಪಾರ ವಿಳಾಸ ಪುರಾವೆ, ಬ್ಯಾಂಕ್ ಹೇಳಿಕೆಗಳು, ವ್ಯವಹಾರ ಯೋಜನೆ","കോർപ്പറേറ്റ് ഇതര കാർഷിക ചെറുകിട, സൂക്ഷ്മ സംരംഭങ്ങൾക്ക് അവരുടെ ബിസിനസ്സ് ആരംഭിക്കുന്നതിനോ വിപുലീകരിക്കുന്നതിനോ 10 ലക്ഷം രൂപ വരെ വായ്പ നൽകുന്നു.",മാനുഫാക്ചറിംഗ് ട്രേഡിംഗിലോ സേവന മേഖലയിലോ കാർഷികേതര വരുമാനം ഉണ്ടാക്കുന്ന പ്രവർത്തനങ്ങൾക്കായി ബിസിനസ് പ്ലാനുള്ള ഏതൊരു ഇന്ത്യൻ പൗരനും.,ബിസിനസ് പ്ലാനും രേഖകളും സഹിതം അടുത്തുള്ള ബാങ്ക് മൈക്രോഫിനാൻസ് സ്ഥാപനത്തിൽ അല്ലെങ്കിൽ mudra.org.in എന്ന വെബ്സൈറ്റിൽ ഓൺലൈനായി അപേക്ഷിക്കുക.,"ആധാർ കാർഡ്, പാൻ കാർഡ്, ബിസിനസ് അഡ്രസ് പ്രൂഫ്, ബാങ്ക് സ്റ്റേറ്റ്‌മെൻ്റുകൾ, ബിസിനസ് പ്ലാൻ"
48,Skill India Mission,Ministry of Skill Development and Entrepreneurship,Employment,Provides free skill training to Indian youth in various trades and vocations to enhance their employability and entrepreneurship.,Indian citizens between 15 to 45 years of age seeking skill development training.,Register at skillindia.gov.in or visit nearest Pradhan Mantri Kaushal Kendra for enrollment.,"Aadhaar card, educational certificates, passport size photo",https://skillindia.gov.in,भारतीय युवाओं को उनकी रोजगार क्षमता और उद्यमशीलता बढ़ाने के लिए विभिन्न व्यवसायों और व्यवसायों में मुफ्त कौशल प्रशिक्षण प्रदान करता है।,15 से 45 वर्ष की आयु के भारतीय नागरिक कौशल विकास प्रशिक्षण चाहते हैं।,स्किलइंडिया.जीओवी.इन पर पंजीकरण करें या नामांकन के लिए निकटतम प्रधान मंत्री कौशल केंद्र पर जाएँ।,"आधार कार्ड, शैक्षणिक प्रमाण पत्र, पासपोर्ट साइज फोटो",இந்திய இளைஞர்களுக்கு அவர்களின் வேலைவாய்ப்பு மற்றும் தொழில்முனைவோரை மேம்படுத்த பல்வேறு தொழில்கள் மற்றும் தொழில்களில் இலவச திறன் பயிற்சி அளிக்கிறது.,திறன் மேம்பாட்டுப் பயிற்சி பெற விரும்பும் 15 முதல் 45 வயது வரையிலான இந்திய குடிமக்கள்.,skillindia.gov.in இல் பதிவு செய்யவும் அல்லது அருகில் உள்ள பிரதான் மந்திரி கௌஷல் கேந்திராவைப் பார்வையிடவும்.,"ஆதார் அட்டை, கல்விச் சான்றிதழ்கள், பாஸ்போர்ட் அளவு புகைப்படம்",భారతీయ యువతకు వారి ఉపాధి మరియు వ్యవస్థాపకతను పెంపొందించడానికి వివిధ వ్యాపారాలు మరియు వృత్తులలో ఉచిత నైపుణ్య శిక్షణను అందిస్తుంది.,స్కిల్ డెవలప్‌మెంట్ ట్రైనింగ్ కోరుకునే 15 నుండి 45 సంవత్సరాల మధ్య వయస్సు గల భారతీయ పౌరులు.,skillindia.gov.inలో నమోదు చేసుకోండి లేదా నమోదు కోసం సమీపంలోని ప్రధాన మంత్రి కౌశల్ కేంద్రాన్ని సందర్శించండి.,"ఆధార్ కార్డు, విద్యా ధృవీకరణ పత్రాలు, పాస్‌పోర్ట్ సైజ్ ఫోటో",ভারতীয় যুবকদের কর্মসংস্থান এবং উদ্যোক্তা বাড়াতে বিভিন্ন বাণিজ্য ও পেশায় বিনামূল্যে দক্ষতা প্রশিক্ষণ প্রদান করে।,15 থেকে 45 বছর বয়সী ভারতীয় নাগরিকরা দক্ষতা উন্নয়ন প্রশিক্ষণ চাইছেন।,Skillindia.gov.in-এ নিবন্ধন করুন অথবা নথিভুক্তির জন্য নিকটতম প্রধানমন্ত্রী কৌশল কেন্দ্রে যান।,"আধার কার্ড, শিক্ষাগত শংসাপত্র, পাসপোর্ট সাইজ ছবি",भारतीय तरुणांना त्यांची रोजगारक्षमता आणि उद्योजकता वाढविण्यासाठी विविध व्यवसाय आणि व्यवसायांमध्ये विनामूल्य कौशल्य प्रशिक्षण प्रदान करते.,15 ते 45 वयोगटातील भारतीय नागरिक कौशल्य विकास प्रशिक्षण घेत आहेत.,नावनोंदणीसाठी skillindia.gov.in वर नोंदणी करा किंवा जवळच्या प्रधान मंत्री कौशल केंद्राला भेट द्या.,"आधार कार्ड, शैक्षणिक प्रमाणपत्रे, पासपोर्ट आकाराचा फोटो",ભારતીય યુવાનોને તેમની રોજગાર ક્ષમતા અને ઉદ્યોગસાહસિકતા વધારવા માટે વિવિધ વ્યવસાયો અને વ્યવસાયોમાં મફત કૌશલ્ય તાલીમ પૂરી પાડે છે.,15 થી 45 વર્ષની વયના ભારતીય નાગરિકો કૌશલ્ય વિકાસની તાલીમ મેળવવા માંગે છે.,નોંધણી માટે skillindia.gov.in પર નોંધણી કરો અથવા નજીકના પ્રધાન મંત્રી કૌશલ કેન્દ્રની મુલાકાત લો.,"આધાર કાર્ડ, શૈક્ષણિક પ્રમાણપત્રો, પાસપોર્ટ સાઇઝનો ફોટો",ಭಾರತೀಯ ಯುವಕರಿಗೆ ಅವರ ಉದ್ಯೋಗ ಮತ್ತು ಉದ್ಯಮಶೀಲತೆಯನ್ನು ಹೆಚ್ಚಿಸಲು ವಿವಿಧ ವ್ಯಾಪಾರ ಮತ್ತು ವೃತ್ತಿಗಳಲ್ಲಿ ಉಚಿತ ಕೌಶಲ್ಯ ತರಬೇತಿಯನ್ನು ನೀಡುತ್ತದೆ.,ಕೌಶಲ್ಯ ಅಭಿವೃದ್ಧಿ ತರಬೇತಿಯನ್ನು ಬಯಸುತ್ತಿರುವ 15 ರಿಂದ 45 ವರ್ಷ ವಯಸ್ಸಿನ ಭಾರತೀಯ ನಾಗರಿಕರು.,skillindia.gov.in ನಲ್ಲಿ ನೋಂದಾಯಿಸಿ ಅಥವಾ ದಾಖಲಾತಿಗಾಗಿ ಹತ್ತಿರದ ಪ್ರಧಾನ ಮಂತ್ರಿ ಕೌಶಲ್ ಕೇಂದ್ರಕ್ಕೆ ಭೇಟಿ ನೀಡಿ.,"ಆಧಾರ್ ಕಾರ್ಡ್, ಶೈಕ್ಷಣಿಕ ಪ್ರಮಾಣಪತ್ರಗಳು, ಪಾಸ್ಪೋರ್ಟ್ ಗಾತ್ರದ ಫೋಟೋ",ഇന്ത്യൻ യുവാക്കൾക്ക് അവരുടെ തൊഴിൽക്ഷമതയും സംരംഭകത്വവും വർദ്ധിപ്പിക്കുന്നതിനായി വിവിധ ട്രേഡുകളിലും തൊഴിലുകളിലും സൗജന്യ നൈപുണ്യ പരിശീലനം നൽകുന്നു.,നൈപുണ്യ വികസന പരിശീലനം ആഗ്രഹിക്കുന്ന 15 നും 45 നും ഇടയിൽ പ്രായമുള്ള ഇന്ത്യൻ പൗരന്മാർ.,എൻറോൾമെൻ്റിനായി skillindia.gov.in-ൽ രജിസ്റ്റർ ചെയ്യുക അല്ലെങ്കിൽ അടുത്തുള്ള പ്രധാൻ മന്ത്രി കൗശൽ കേന്ദ്ര സന്ദർശിക്കുക.,"ആധാർ കാർഡ്, വിദ്യാഭ്യാസ സർട്ടിഫിക്കറ്റുകൾ, പാസ്‌പോർട്ട് സൈസ് ഫോട്ടോ"
49,PM Rojgar Protsahan Yojana,Ministry of Labour and Employment,Employment,Government pays 12 percent employer EPF contribution for new employees to incentivize employers to create more employment.,Establishments registered with EPFO hiring new employees with salary up to Rs 15000 per month.,Employers apply through EPFO unified portal. New employees must have Aadhaar seeded UAN.,"EPFO registration, employee Aadhaar, bank account details",https://www.epfindia.gov.in,सरकार नियोक्ताओं को अधिक रोजगार पैदा करने के लिए प्रोत्साहित करने के लिए नए कर्मचारियों के लिए 12 प्रतिशत नियोक्ता ईपीएफ अंशदान का भुगतान करती है।,ईपीएफओ के साथ पंजीकृत प्रतिष्ठान 15000 रुपये प्रति माह तक वेतन वाले नए कर्मचारियों को काम पर रख रहे हैं।,नियोक्ता ईपीएफओ एकीकृत पोर्टल के माध्यम से आवेदन करते हैं। नए कर्मचारियों के पास आधार से जुड़ा यूएएन होना चाहिए।,"ईपीएफओ पंजीकरण, कर्मचारी आधार, बैंक खाता विवरण","அதிக வேலைவாய்ப்பை உருவாக்க முதலாளிகளை ஊக்குவிக்கும் வகையில், புதிய ஊழியர்களுக்கு 12 சதவீத முதலாளியின் EPF பங்களிப்பை அரசாங்கம் செலுத்துகிறது.",EPFO இல் பதிவுசெய்யப்பட்ட நிறுவனங்கள் மாதம் ரூ.15000 வரை சம்பளத்துடன் புதிய ஊழியர்களை பணியமர்த்துகின்றன.,EPFO ஒருங்கிணைந்த போர்டல் மூலம் முதலாளிகள் விண்ணப்பிக்கின்றனர். புதிய பணியாளர்களுக்கு ஆதார் பதிவு செய்யப்பட்ட யுஏஎன் இருக்க வேண்டும்.,"EPFO பதிவு, ஊழியர் ஆதார், வங்கி கணக்கு விவரங்கள்",మరింత ఉపాధిని సృష్టించడానికి యజమానులను ప్రోత్సహించడానికి కొత్త ఉద్యోగుల కోసం ప్రభుత్వం 12 శాతం యజమాని EPF సహకారాన్ని చెల్లిస్తుంది.,EPFOలో నమోదు చేసుకున్న సంస్థలు నెలకు రూ. 15000 వరకు జీతంతో కొత్త ఉద్యోగులను నియమించుకుంటాయి.,యజమానులు EPFO ​​ఏకీకృత పోర్టల్ ద్వారా దరఖాస్తు చేస్తారు. కొత్త ఉద్యోగులు తప్పనిసరిగా ఆధార్ సీడెడ్ UAN కలిగి ఉండాలి.,"EPFO రిజిస్ట్రేషన్, ఉద్యోగి ఆధార్, బ్యాంక్ ఖాతా వివరాలు",সরকার নতুন কর্মীদের জন্য নিয়োগকর্তাদের 12 শতাংশ ইপিএফ অবদান প্রদান করে যাতে নিয়োগকর্তাদের আরও কর্মসংস্থান সৃষ্টিতে উৎসাহিত করা যায়।,EPFO-তে নিবন্ধিত প্রতিষ্ঠানগুলি প্রতি মাসে 15000 টাকা পর্যন্ত বেতন সহ নতুন কর্মচারী নিয়োগ করে।,নিয়োগকর্তারা EPFO ​​ইউনিফাইড পোর্টালের মাধ্যমে আবেদন করেন। নতুন কর্মীদের অবশ্যই আধার সিডযুক্ত UAN থাকতে হবে।,"EPFO নিবন্ধন, কর্মচারী আধার, ব্যাঙ্ক অ্যাকাউন্টের বিবরণ",नवीन कर्मचाऱ्यांना अधिक रोजगार निर्माण करण्यासाठी नियोक्त्यांना प्रोत्साहन देण्यासाठी सरकार 12 टक्के नियोक्ता EPF योगदान देते.,EPFO मध्ये नोंदणीकृत आस्थापना नवीन कर्मचाऱ्यांना दरमहा रु. 15000 पर्यंत पगारावर कामावर घेतात.,नियोक्ते ईपीएफओ युनिफाइड पोर्टलद्वारे अर्ज करतात. नवीन कर्मचाऱ्यांकडे आधार सीडेड UAN असणे आवश्यक आहे.,"EPFO नोंदणी, कर्मचारी आधार, बँक खाते तपशील",સરકાર એમ્પ્લોયરને વધુ રોજગાર બનાવવા માટે પ્રોત્સાહિત કરવા નવા કર્મચારીઓ માટે 12 ટકા એમ્પ્લોયર EPF યોગદાન ચૂકવે છે.,EPFO સાથે નોંધાયેલ સંસ્થાઓ દર મહિને રૂ. 15000 સુધીના પગાર સાથે નવા કર્મચારીઓની ભરતી કરે છે.,એમ્પ્લોયરો EPFO ​​યુનિફાઇડ પોર્ટલ દ્વારા અરજી કરે છે. નવા કર્મચારીઓ પાસે આધાર સીડેડ UAN હોવું આવશ્યક છે.,"EPFO નોંધણી, કર્મચારી આધાર, બેંક ખાતાની વિગતો",ಉದ್ಯೋಗದಾತರಿಗೆ ಹೆಚ್ಚಿನ ಉದ್ಯೋಗವನ್ನು ಸೃಷ್ಟಿಸಲು ಪ್ರೋತ್ಸಾಹಿಸಲು ಹೊಸ ಉದ್ಯೋಗಿಗಳಿಗೆ 12 ಪ್ರತಿಶತದಷ್ಟು ಉದ್ಯೋಗದಾತ ಇಪಿಎಫ್ ಕೊಡುಗೆಯನ್ನು ಸರ್ಕಾರ ಪಾವತಿಸುತ್ತದೆ.,EPFO ನಲ್ಲಿ ನೋಂದಾಯಿಸಲಾದ ಸಂಸ್ಥೆಗಳು ತಿಂಗಳಿಗೆ ರೂ 15000 ವರೆಗೆ ಸಂಬಳದೊಂದಿಗೆ ಹೊಸ ಉದ್ಯೋಗಿಗಳನ್ನು ನೇಮಿಸಿಕೊಳ್ಳುತ್ತವೆ.,ಉದ್ಯೋಗದಾತರು EPFO ​​ಏಕೀಕೃತ ಪೋರ್ಟಲ್ ಮೂಲಕ ಅರ್ಜಿ ಸಲ್ಲಿಸುತ್ತಾರೆ. ಹೊಸ ಉದ್ಯೋಗಿಗಳು ಆಧಾರ್ ಸೀಡೆಡ್ ಯುಎಎನ್ ಹೊಂದಿರಬೇಕು.,"EPFO ನೋಂದಣಿ, ಉದ್ಯೋಗಿ ಆಧಾರ್, ಬ್ಯಾಂಕ್ ಖಾತೆ ವಿವರಗಳು",കൂടുതൽ തൊഴിലവസരങ്ങൾ സൃഷ്ടിക്കുന്നതിന് തൊഴിലുടമകളെ പ്രോത്സാഹിപ്പിക്കുന്നതിന് പുതിയ ജീവനക്കാർക്ക് സർക്കാർ 12 ശതമാനം ഇപിഎഫ് വിഹിതം നൽകുന്നു.,EPFO-യിൽ രജിസ്റ്റർ ചെയ്ത സ്ഥാപനങ്ങൾ പ്രതിമാസം 15000 രൂപ വരെ ശമ്പളമുള്ള പുതിയ ജീവനക്കാരെ നിയമിക്കുന്നു.,EPFO ഏകീകൃത പോർട്ടൽ വഴിയാണ് തൊഴിലുടമകൾ അപേക്ഷിക്കുന്നത്. പുതിയ ജീവനക്കാർക്ക് ആധാർ സീഡുള്ള യുഎഎൻ ഉണ്ടായിരിക്കണം.,"ഇപിഎഫ്ഒ രജിസ്ട്രേഷൻ, ജീവനക്കാരുടെ ആധാർ, ബാങ്ക് അക്കൗണ്ട് വിശദാംശങ്ങൾ"
50,Deen Dayal Upadhyaya Grameen Kaushalya Yojana,Ministry of Rural Development,Employment,Provides placement linked skill training to rural youth from poor families to enable them to access regular salaried employment.,Rural youth between 15 and 35 years from poor families. Age relaxation up to 45 years for SC ST women and PwD.,Contact nearest DDU-GKY training partner or visit kaushal.nic.in for registration and training details.,"Aadhaar card, income certificate, educational certificates, bank account",https://ddugky.gov.in,गरीब परिवारों के ग्रामीण युवाओं को नियमित वेतनभोगी रोजगार तक पहुंचने में सक्षम बनाने के लिए प्लेसमेंट से जुड़ा कौशल प्रशिक्षण प्रदान करता है।,गरीब परिवारों से 15 से 35 वर्ष के बीच के ग्रामीण युवा। एससी एसटी महिलाओं और पीडब्ल्यूडी के लिए आयु में 45 वर्ष तक की छूट।,पंजीकरण और प्रशिक्षण विवरण के लिए निकटतम डीडीयू-जीकेवाई प्रशिक्षण भागीदार से संपर्क करें या kaushal.nic.in पर जाएं।,"आधार कार्ड, आय प्रमाण पत्र, शैक्षणिक प्रमाण पत्र, बैंक खाता",ஏழைக் குடும்பங்களைச் சேர்ந்த கிராமப்புற இளைஞர்களுக்கு வழக்கமான சம்பளத்துடன் கூடிய வேலைவாய்ப்பைப் பெறுவதற்கு அவர்களுக்கு வேலை வாய்ப்பு இணைக்கப்பட்ட திறன் பயிற்சியை வழங்குகிறது.,15 முதல் 35 வயதுக்குட்பட்ட கிராமப்புற இளைஞர்கள் ஏழைக் குடும்பத்தைச் சேர்ந்தவர்கள். SC ST பெண்கள் மற்றும் மாற்றுத்திறனாளிகளுக்கு 45 ஆண்டுகள் வரை வயது தளர்வு.,அருகிலுள்ள DDU-GKY பயிற்சி கூட்டாளரைத் தொடர்பு கொள்ளவும் அல்லது பதிவு மற்றும் பயிற்சி விவரங்களுக்கு kaushal.nic.in ஐப் பார்வையிடவும்.,"ஆதார் அட்டை, வருமானச் சான்றிதழ், கல்விச் சான்றிதழ்கள், வங்கிக் கணக்கு",పేద కుటుంబాలకు చెందిన గ్రామీణ యువతకు రెగ్యులర్ జీతంతో కూడిన ఉపాధిని పొందేందుకు వీలుగా ప్లేస్‌మెంట్ లింక్డ్ స్కిల్ ట్రైనింగ్‌ను అందిస్తుంది.,నిరుపేద కుటుంబాలకు చెందిన 15 నుంచి 35 ఏళ్ల మధ్య ఉన్న గ్రామీణ యువత. SC ST మహిళలు మరియు PwD లకు 45 సంవత్సరాల వరకు వయో సడలింపు.,రిజిస్ట్రేషన్ మరియు శిక్షణ వివరాల కోసం సమీపంలోని DDU-GKY శిక్షణ భాగస్వామిని సంప్రదించండి లేదా kaushal.nic.inని సందర్శించండి.,"ఆధార్ కార్డు, ఆదాయ ధృవీకరణ పత్రం, విద్యా ధృవీకరణ పత్రాలు, బ్యాంకు ఖాతా",দরিদ্র পরিবার থেকে গ্রামীণ যুবকদের নিয়মিত বেতনের চাকরিতে প্রবেশ করতে সক্ষম করার জন্য প্লেসমেন্ট যুক্ত দক্ষতা প্রশিক্ষণ প্রদান করে।,দরিদ্র পরিবার থেকে 15 থেকে 35 বছরের মধ্যে গ্রামীণ যুবক। SC ST মহিলা এবং PwD-এর জন্য 45 বছর পর্যন্ত বয়সে ছাড়।,নিকটস্থ DDU-GKY প্রশিক্ষণ অংশীদারের সাথে যোগাযোগ করুন বা নিবন্ধন এবং প্রশিক্ষণের বিশদ বিবরণের জন্য kaushal.nic.in-এ যান৷,"আধার কার্ড, আয়ের শংসাপত্র, শিক্ষাগত শংসাপত্র, ব্যাঙ্ক অ্যাকাউন্ট",गरीब कुटुंबातील ग्रामीण तरुणांना नियमित पगाराच्या रोजगारापर्यंत पोहोचण्यास सक्षम करण्यासाठी प्लेसमेंटशी संबंधित कौशल्य प्रशिक्षण प्रदान करते.,गरीब कुटुंबातील 15 ते 35 वर्षे वयोगटातील ग्रामीण युवक. SC ST महिला आणि PwD साठी 45 वर्षांपर्यंत वयात सूट.,नोंदणी आणि प्रशिक्षण तपशीलांसाठी जवळच्या DDU-GKY प्रशिक्षण भागीदाराशी संपर्क साधा किंवा kaushal.nic.in ला भेट द्या.,"आधार कार्ड, उत्पन्नाचा दाखला, शैक्षणिक प्रमाणपत्रे, बँक खाते",ગરીબ પરિવારોના ગ્રામીણ યુવાનોને નિયમિત પગારવાળી રોજગાર મેળવવા માટે સક્ષમ બનાવવા માટે પ્લેસમેન્ટ સાથે જોડાયેલ કૌશલ્ય તાલીમ પૂરી પાડે છે.,ગરીબ પરિવારોના 15 થી 35 વર્ષની વચ્ચેના ગ્રામીણ યુવાનો. SC ST મહિલાઓ અને PwD માટે 45 વર્ષ સુધીની ઉંમરમાં છૂટછાટ.,નોંધણી અને તાલીમની વિગતો માટે નજીકના DDU-GKY તાલીમ ભાગીદારનો સંપર્ક કરો અથવા kaushal.nic.in ની મુલાકાત લો.,"આધાર કાર્ડ, આવકનું પ્રમાણપત્ર, શૈક્ષણિક પ્રમાણપત્રો, બેંક ખાતું",ಬಡ ಕುಟುಂಬಗಳ ಗ್ರಾಮೀಣ ಯುವಕರಿಗೆ ನಿಯಮಿತ ಸಂಬಳದ ಉದ್ಯೋಗವನ್ನು ಪ್ರವೇಶಿಸಲು ಅನುವು ಮಾಡಿಕೊಡಲು ಉದ್ಯೋಗ ಸಂಬಂಧಿತ ಕೌಶಲ್ಯ ತರಬೇತಿಯನ್ನು ಒದಗಿಸುತ್ತದೆ.,ಬಡ ಕುಟುಂಬದಿಂದ 15 ರಿಂದ 35 ವರ್ಷದೊಳಗಿನ ಗ್ರಾಮೀಣ ಯುವಕರು. SC ST ಮಹಿಳೆಯರು ಮತ್ತು ಅಂಗವಿಕಲರಿಗೆ 45 ವರ್ಷಗಳವರೆಗೆ ವಯೋಮಿತಿ ಸಡಿಲಿಕೆ.,ನೋಂದಣಿ ಮತ್ತು ತರಬೇತಿ ವಿವರಗಳಿಗಾಗಿ ಹತ್ತಿರದ DDU-GKY ತರಬೇತಿ ಪಾಲುದಾರರನ್ನು ಸಂಪರ್ಕಿಸಿ ಅಥವಾ kaushal.nic.in ಗೆ ಭೇಟಿ ನೀಡಿ.,"ಆಧಾರ್ ಕಾರ್ಡ್, ಆದಾಯ ಪ್ರಮಾಣಪತ್ರ, ಶೈಕ್ಷಣಿಕ ಪ್ರಮಾಣಪತ್ರಗಳು, ಬ್ಯಾಂಕ್ ಖಾತೆ",ദരിദ്ര കുടുംബങ്ങളിൽ നിന്നുള്ള ഗ്രാമീണ യുവാക്കൾക്ക് സ്ഥിരമായ ശമ്പളമുള്ള തൊഴിൽ ലഭ്യമാക്കുന്നതിന് അവർക്ക് പ്ലേസ്‌മെൻ്റ് ലിങ്ക്ഡ് നൈപുണ്യ പരിശീലനം നൽകുന്നു.,പാവപ്പെട്ട കുടുംബങ്ങളിൽ നിന്നുള്ള 15 നും 35 നും ഇടയിൽ പ്രായമുള്ള ഗ്രാമീണ യുവാക്കൾ. SC ST വനിതകൾക്കും പിഡബ്ല്യുഡിക്കും 45 വയസ്സ് വരെ പ്രായത്തിൽ ഇളവ്.,രജിസ്ട്രേഷനും പരിശീലന വിശദാംശങ്ങൾക്കും അടുത്തുള്ള DDU-GKY പരിശീലന പങ്കാളിയുമായി ബന്ധപ്പെടുക അല്ലെങ്കിൽ kaushal.nic.in സന്ദർശിക്കുക.,"ആധാർ കാർഡ്, വരുമാന സർട്ടിഫിക്കറ്റ്, വിദ്യാഭ്യാസ സർട്ടിഫിക്കറ്റുകൾ, ബാങ്ക് അക്കൗണ്ട്"
51,National Career Service Portal,Ministry of Labour and Employment,Employment,Provides online job matching placement services career counselling and vocational guidance to job seekers across India.,All job seekers including freshers experienced professionals and differently abled persons.,Register at ncs.gov.in with educational and work experience details to access job listings and career services.,"Aadhaar card, educational certificates, experience certificates if any",https://www.ncs.gov.in,"पूरे भारत में नौकरी चाहने वालों को ऑनलाइन नौकरी मिलान प्लेसमेंट सेवाएँ, कैरियर परामर्श और व्यावसायिक मार्गदर्शन प्रदान करता है।","नए, अनुभवी पेशेवरों और दिव्यांग व्यक्तियों सहित सभी नौकरी चाहने वाले।",नौकरी लिस्टिंग और कैरियर सेवाओं तक पहुंचने के लिए शैक्षिक और कार्य अनुभव विवरण के साथ ncs.gov.in पर पंजीकरण करें।,"आधार कार्ड, शैक्षिक प्रमाण पत्र, अनुभव प्रमाण पत्र यदि कोई हो",இந்தியா முழுவதிலும் உள்ள வேலை தேடுபவர்களுக்கு ஆன்லைன் வேலை வாய்ப்பு வேலை வாய்ப்பு சேவைகள் தொழில் ஆலோசனை மற்றும் தொழில்சார் வழிகாட்டல்களை வழங்குகிறது.,புதிய அனுபவம் வாய்ந்த தொழில் வல்லுநர்கள் மற்றும் மாற்றுத் திறனாளிகள் உட்பட அனைத்து வேலை தேடுபவர்களும்.,வேலை பட்டியல்கள் மற்றும் தொழில் சேவைகளை அணுக கல்வி மற்றும் பணி அனுபவ விவரங்களுடன் ncs.gov.in இல் பதிவு செய்யவும்.,"ஆதார் அட்டை, கல்விச் சான்றிதழ்கள், அனுபவச் சான்றிதழ்கள் ஏதேனும் இருந்தால்",భారతదేశంలోని ఉద్యోగార్ధులకు ఆన్‌లైన్ జాబ్ మ్యాచింగ్ ప్లేస్‌మెంట్ సేవలు కెరీర్ కౌన్సెలింగ్ మరియు వృత్తిపరమైన మార్గదర్శకత్వాన్ని అందిస్తుంది.,ఫ్రెషర్స్ అనుభవజ్ఞులైన నిపుణులు మరియు వికలాంగులైన వ్యక్తులతో సహా ఉద్యోగార్ధులందరూ.,ఉద్యోగ జాబితాలు మరియు కెరీర్ సేవలను యాక్సెస్ చేయడానికి విద్యా మరియు పని అనుభవ వివరాలతో ncs.gov.inలో నమోదు చేసుకోండి.,"ఆధార్ కార్డు, విద్యార్హత సర్టిఫికెట్లు, అనుభవ ధృవీకరణ పత్రాలు ఏవైనా ఉంటే",সারা ভারত জুড়ে চাকরিপ্রার্থীদের অনলাইন চাকরির ম্যাচিং প্লেসমেন্ট পরিষেবা ক্যারিয়ার কাউন্সেলিং এবং বৃত্তিমূলক নির্দেশিকা প্রদান করে।,ফ্রেশার অভিজ্ঞ পেশাদার এবং ভিন্নভাবে সক্ষম ব্যক্তি সহ সকল চাকরিপ্রার্থী।,চাকরির তালিকা এবং ক্যারিয়ার পরিষেবাগুলি অ্যাক্সেস করতে শিক্ষাগত এবং কাজের অভিজ্ঞতার বিবরণ সহ ncs.gov.in-এ নিবন্ধন করুন।,"আধার কার্ড, শিক্ষাগত শংসাপত্র, অভিজ্ঞতার শংসাপত্র যদি থাকে",संपूर्ण भारतातील नोकरी शोधणाऱ्यांना ऑनलाइन जॉब मॅचिंग प्लेसमेंट सेवा करिअर समुपदेशन आणि व्यावसायिक मार्गदर्शन प्रदान करते.,फ्रेशर्ससह सर्व नोकरी शोधणारे अनुभवी व्यावसायिक आणि भिन्न सक्षम व्यक्ती.,नोकरीच्या सूची आणि करिअर सेवांमध्ये प्रवेश करण्यासाठी शैक्षणिक आणि कार्यानुभव तपशीलांसह ncs.gov.in वर नोंदणी करा.,"आधार कार्ड, शैक्षणिक प्रमाणपत्रे, अनुभव प्रमाणपत्रे असल्यास",સમગ્ર ભારતમાં નોકરી શોધનારાઓને ઓનલાઈન જોબ મેચિંગ પ્લેસમેન્ટ સેવાઓ કારકિર્દી કાઉન્સેલિંગ અને વ્યાવસાયિક માર્ગદર્શન પૂરું પાડે છે.,તમામ નોકરી શોધનારાઓ જેમાં ફ્રેશર્સનો સમાવેશ થાય છે અનુભવી વ્યાવસાયિકો અને અલગ-અલગ રીતે સક્ષમ વ્યક્તિઓ.,નોકરીની સૂચિ અને કારકિર્દી સેવાઓને ઍક્સેસ કરવા માટે શૈક્ષણિક અને કાર્ય અનુભવની વિગતો સાથે ncs.gov.in પર નોંધણી કરો.,"આધાર કાર્ડ, શૈક્ષણિક પ્રમાણપત્રો, અનુભવ પ્રમાણપત્રો જો કોઈ હોય તો",ಭಾರತದಾದ್ಯಂತ ಉದ್ಯೋಗಾಕಾಂಕ್ಷಿಗಳಿಗೆ ಆನ್‌ಲೈನ್ ಉದ್ಯೋಗ ಹೊಂದಾಣಿಕೆಯ ಉದ್ಯೋಗಾವಕಾಶ ಸೇವೆಗಳ ವೃತ್ತಿ ಸಮಾಲೋಚನೆ ಮತ್ತು ವೃತ್ತಿಪರ ಮಾರ್ಗದರ್ಶನವನ್ನು ಒದಗಿಸುತ್ತದೆ.,ಎಲ್ಲಾ ಉದ್ಯೋಗಾಕಾಂಕ್ಷಿಗಳು ಫ್ರೆಶರ್ಸ್ ಅನುಭವಿ ವೃತ್ತಿಪರರು ಮತ್ತು ವಿಕಲಚೇತನ ವ್ಯಕ್ತಿಗಳು ಸೇರಿದಂತೆ.,ಉದ್ಯೋಗ ಪಟ್ಟಿಗಳು ಮತ್ತು ವೃತ್ತಿ ಸೇವೆಗಳನ್ನು ಪ್ರವೇಶಿಸಲು ಶೈಕ್ಷಣಿಕ ಮತ್ತು ಕೆಲಸದ ಅನುಭವದ ವಿವರಗಳೊಂದಿಗೆ ncs.gov.in ನಲ್ಲಿ ನೋಂದಾಯಿಸಿ.,"ಆಧಾರ್ ಕಾರ್ಡ್, ಶೈಕ್ಷಣಿಕ ಪ್ರಮಾಣಪತ್ರಗಳು, ಅನುಭವ ಪ್ರಮಾಣಪತ್ರಗಳು ಯಾವುದಾದರೂ ಇದ್ದರೆ",ഇന്ത്യയിലുടനീളമുള്ള തൊഴിലന്വേഷകർക്ക് ഓൺലൈൻ ജോബ് മാച്ചിംഗ് പ്ലെയ്‌സ്‌മെൻ്റ് സേവനങ്ങൾ കരിയർ കൗൺസിലിംഗും വൊക്കേഷണൽ മാർഗ്ഗനിർദ്ദേശവും നൽകുന്നു.,പരിചയസമ്പന്നരായ പ്രൊഫഷണലുകളും ഭിന്നശേഷിയുള്ളവരും ഉൾപ്പെടെ എല്ലാ തൊഴിലന്വേഷകരും.,തൊഴിൽ ലിസ്റ്റിംഗുകളും തൊഴിൽ സേവനങ്ങളും ആക്‌സസ് ചെയ്യുന്നതിന് വിദ്യാഭ്യാസപരവും പ്രവൃത്തി പരിചയവുമായ വിശദാംശങ്ങളുമായി ncs.gov.in ൽ രജിസ്റ്റർ ചെയ്യുക.,"ആധാർ കാർഡ്, വിദ്യാഭ്യാസ സർട്ടിഫിക്കറ്റുകൾ, എക്സ്പീരിയൻസ് സർട്ടിഫിക്കറ്റുകൾ ഉണ്ടെങ്കിൽ"
52,Startup India,Ministry of Commerce and Industry,Employment,Provides tax benefits funding support mentorship and simplified regulations to startups to promote entrepreneurship and job creation.,Entities incorporated as private limited company partnership or LLP less than 10 years old with annual turnover below Rs 100 crore.,Apply for DPIIT recognition at startupindia.gov.in with incorporation certificate and business details.,"Incorporation certificate, PAN card, business description, innovation certificate",https://www.startupindia.gov.in,"उद्यमिता और रोजगार सृजन को बढ़ावा देने के लिए स्टार्टअप्स को कर लाभ, फंडिंग, समर्थन मेंटरशिप और सरलीकृत नियम प्रदान करता है।",100 करोड़ रुपये से कम वार्षिक कारोबार के साथ 10 वर्ष से कम पुरानी प्राइवेट लिमिटेड कंपनी भागीदारी या एलएलपी के रूप में निगमित संस्थाएँ।,निगमन प्रमाणपत्र और व्यावसायिक विवरण के साथ स्टार्टअपइंडिया.जीओवी.इन पर डीपीआईआईटी मान्यता के लिए आवेदन करें।,"निगमन प्रमाणपत्र, पैन कार्ड, व्यवसाय विवरण, नवाचार प्रमाणपत्र",தொழில் முனைவோர் மற்றும் வேலை உருவாக்கத்தை மேம்படுத்துவதற்கு வரிச் சலுகைகள் நிதி ஆதரவு வழிகாட்டுதல் மற்றும் எளிமைப்படுத்தப்பட்ட விதிமுறைகளை ஸ்டார்ட்அப்களுக்கு வழங்குகிறது.,"பிரைவேட் லிமிடெட் கம்பெனி பார்ட்னர்ஷிப் அல்லது 10 வருடங்களுக்கும் குறைவான எல்.எல்.பி என இணைக்கப்பட்ட நிறுவனங்கள், ஆண்டு விற்றுமுதல் ரூ. 100 கோடிக்குக் குறைவாக இருக்கும்.",டிபிஐஐடி அங்கீகாரத்திற்காக startupindia.gov.in இல் ஒருங்கிணைப்புச் சான்றிதழ் மற்றும் வணிக விவரங்களுடன் விண்ணப்பிக்கவும்.,"ஒருங்கிணைப்பு சான்றிதழ், பான் கார்டு, வணிக விளக்கம், புதுமை சான்றிதழ்",ఎంటర్‌ప్రెన్యూర్‌షిప్ మరియు ఉద్యోగ సృష్టిని ప్రోత్సహించడానికి స్టార్టప్‌లకు పన్ను ప్రయోజనాల ఫండింగ్ సపోర్ట్ మెంటర్‌షిప్ మరియు సరళీకృత నిబంధనలను అందిస్తుంది.,ప్రైవేట్ లిమిటెడ్ కంపెనీ భాగస్వామ్యం లేదా 10 సంవత్సరాల కంటే తక్కువ వయస్సు ఉన్న ఎల్‌ఎల్‌పి వార్షిక టర్నోవర్ రూ. 100 కోట్ల కంటే తక్కువ ఉన్న ఎంటిటీలు.,ఇన్కార్పొరేషన్ సర్టిఫికేట్ మరియు వ్యాపార వివరాలతో startupindia.gov.inలో DPIIT గుర్తింపు కోసం దరఖాస్తు చేసుకోండి.,"ఇన్కార్పొరేషన్ సర్టిఫికేట్, పాన్ కార్డ్, బిజినెస్ డిస్క్రిప్షన్, ఇన్నోవేషన్ సర్టిఫికేట్",উদ্যোক্তা এবং চাকরি সৃষ্টির জন্য স্টার্টআপগুলিকে ট্যাক্স সুবিধা তহবিল সহায়তা মেন্টরশিপ এবং সরলীকৃত প্রবিধান প্রদান করে।,100 কোটি টাকার নিচে বার্ষিক টার্নওভার সহ 10 বছরের কম বয়সী প্রাইভেট লিমিটেড কোম্পানি অংশীদারিত্ব বা এলএলপি হিসাবে অন্তর্ভূক্ত।,DPIIT স্বীকৃতির জন্য startupindia.gov.in-এ ইনকর্পোরেশন সার্টিফিকেট এবং ব্যবসার বিবরণ সহ আবেদন করুন।,"ইনকর্পোরেশন সার্টিফিকেট, প্যান কার্ড, ব্যবসার বিবরণ, উদ্ভাবন শংসাপত্র",उद्योजकता आणि रोजगार निर्मितीला प्रोत्साहन देण्यासाठी स्टार्टअप्सना कर लाभ निधी समर्थन मार्गदर्शन आणि सरलीकृत नियम प्रदान करते.,100 कोटी रुपयांपेक्षा कमी वार्षिक उलाढाल असलेल्या खाजगी मर्यादित कंपनी भागीदारी किंवा 10 वर्षांपेक्षा कमी जुन्या एलएलपी म्हणून अंतर्भूत केलेल्या संस्था.,DPIIT ओळखीसाठी startupindia.gov.in वर इनकॉर्पोरेशन प्रमाणपत्र आणि व्यवसाय तपशीलांसह अर्ज करा.,"निगमन प्रमाणपत्र, पॅन कार्ड, व्यवसाय वर्णन, नवोपक्रम प्रमाणपत्र",ઉદ્યોગસાહસિકતા અને જોબ સર્જનને પ્રોત્સાહન આપવા માટે સ્ટાર્ટઅપ્સને ટેક્સ બેનિફિટ્સ ફંડિંગ સપોર્ટ મેન્ટરશિપ અને સરળ નિયમો પ્રદાન કરે છે.,પ્રાઇવેટ લિમિટેડ કંપની ભાગીદારી અથવા 10 વર્ષથી ઓછી જૂની LLP તરીકે 100 કરોડ રૂપિયાથી ઓછી વાર્ષિક ટર્નઓવર ધરાવતી એન્ટિટીઝ.,નિવેશ પ્રમાણપત્ર અને વ્યવસાય વિગતો સાથે startupindia.gov.in પર DPIIT માન્યતા માટે અરજી કરો.,"નિવેશ પ્રમાણપત્ર, પાન કાર્ડ, વ્યવસાય વર્ણન, નવીનતા પ્રમાણપત્ર",ಉದ್ಯಮಶೀಲತೆ ಮತ್ತು ಉದ್ಯೋಗ ಸೃಷ್ಟಿಯನ್ನು ಉತ್ತೇಜಿಸಲು ಸ್ಟಾರ್ಟ್‌ಅಪ್‌ಗಳಿಗೆ ತೆರಿಗೆ ಪ್ರಯೋಜನಗಳ ನಿಧಿ ಬೆಂಬಲ ಮಾರ್ಗದರ್ಶನ ಮತ್ತು ಸರಳೀಕೃತ ನಿಯಮಾವಳಿಗಳನ್ನು ಒದಗಿಸುತ್ತದೆ.,100 ಕೋಟಿಗಿಂತ ಕಡಿಮೆ ವಾರ್ಷಿಕ ವಹಿವಾಟು ಹೊಂದಿರುವ 10 ವರ್ಷಕ್ಕಿಂತ ಕಡಿಮೆ ಹಳೆಯದಾದ ಖಾಸಗಿ ಲಿಮಿಟೆಡ್ ಕಂಪನಿ ಪಾಲುದಾರಿಕೆ ಅಥವಾ ಎಲ್‌ಎಲ್‌ಪಿಯಾಗಿ ಸಂಯೋಜಿಸಲ್ಪಟ್ಟ ಘಟಕಗಳು.,ಕಾರ್ಪೊರೇಶನ್ ಪ್ರಮಾಣಪತ್ರ ಮತ್ತು ವ್ಯವಹಾರ ವಿವರಗಳೊಂದಿಗೆ startupindia.gov.in ನಲ್ಲಿ DPIIT ಗುರುತಿಸುವಿಕೆಗಾಗಿ ಅರ್ಜಿ ಸಲ್ಲಿಸಿ.,"ಇನ್ಕಾರ್ಪೊರೇಷನ್ ಪ್ರಮಾಣಪತ್ರ, ಪ್ಯಾನ್ ಕಾರ್ಡ್, ವ್ಯವಹಾರ ವಿವರಣೆ, ನಾವೀನ್ಯತೆ ಪ್ರಮಾಣಪತ್ರ",സംരംഭകത്വവും തൊഴിലവസരങ്ങളും പ്രോത്സാഹിപ്പിക്കുന്നതിനായി സ്റ്റാർട്ടപ്പുകൾക്ക് ടാക്സ് ബെനിഫിറ്റ് ഫണ്ടിംഗ് സപ്പോർട്ട് മെൻ്റർഷിപ്പും ലളിതമാക്കിയ നിയന്ത്രണങ്ങളും നൽകുന്നു.,100 കോടി രൂപയിൽ താഴെ വാർഷിക വിറ്റുവരവുള്ള 10 വർഷത്തിൽ താഴെ പഴക്കമുള്ള പ്രൈവറ്റ് ലിമിറ്റഡ് കമ്പനി പങ്കാളിത്തമോ LLPയോ ആയി സംയോജിപ്പിച്ച സ്ഥാപനങ്ങൾ.,ഡിപിഐഐടി അംഗീകാരത്തിനായി startupindia.gov.in-ൽ ഇൻകോർപ്പറേഷൻ സർട്ടിഫിക്കറ്റും ബിസിനസ് വിശദാംശങ്ങളും സഹിതം അപേക്ഷിക്കുക.,"ഇൻകോർപ്പറേഷൻ സർട്ടിഫിക്കറ്റ്, പാൻ കാർഡ്, ബിസിനസ് വിവരണം, ഇന്നൊവേഷൻ സർട്ടിഫിക്കറ്റ്"
53,Stand Up India,Ministry of Finance,Employment,Provides bank loans between Rs 10 lakh and Rs 1 crore to SC ST and women entrepreneurs for setting up greenfield enterprises.,SC ST and women entrepreneurs above 18 years for greenfield projects in manufacturing services or trading sector.,Apply at standupmitra.in or visit nearest bank branch with business plan and eligibility documents.,"Aadhaar card, caste certificate if SC ST, business plan, project report, bank statements",https://www.standupmitra.in,ग्रीनफील्ड उद्यम स्थापित करने के लिए एससी एसटी और महिला उद्यमियों को 10 लाख रुपये से 1 करोड़ रुपये के बीच बैंक ऋण प्रदान करता है।,विनिर्माण सेवाओं या व्यापार क्षेत्र में ग्रीनफील्ड परियोजनाओं के लिए एससी एसटी और 18 वर्ष से अधिक उम्र की महिला उद्यमी।,स्टैंडअपमित्र.इन पर आवेदन करें या व्यवसाय योजना और पात्रता दस्तावेजों के साथ निकटतम बैंक शाखा में जाएं।,"आधार कार्ड, एससी एसटी होने पर जाति प्रमाण पत्र, बिजनेस प्लान, प्रोजेक्ट रिपोर्ट, बैंक स्टेटमेंट",எஸ்சி எஸ்டி மற்றும் பெண் தொழில் முனைவோர்களுக்கு கிரீன்ஃபீல்ட் நிறுவனங்களை அமைப்பதற்காக ரூ.10 லட்சம் முதல் ரூ.1 கோடி வரை வங்கிக் கடன் வழங்குகிறது.,உற்பத்தி சேவைகள் அல்லது வர்த்தகத் துறையில் கிரீன்ஃபீல்ட் திட்டங்களுக்கு 18 வயதுக்கு மேற்பட்ட SC ST மற்றும் பெண் தொழில்முனைவோர்.,standupmitra.in இல் விண்ணப்பிக்கவும் அல்லது வணிகத் திட்டம் மற்றும் தகுதி ஆவணங்களுடன் அருகிலுள்ள வங்கிக் கிளைக்குச் செல்லவும்.,"ஆதார் அட்டை, எஸ்சி எஸ்டி என்றால் சாதிச் சான்றிதழ், வணிகத் திட்டம், திட்ட அறிக்கை, வங்கி அறிக்கைகள்","గ్రీన్‌ఫీల్డ్ ఎంటర్‌ప్రైజెస్ స్థాపన కోసం ఎస్సీ ఎస్టీ, మహిళా పారిశ్రామికవేత్తలకు రూ.10 లక్షల నుంచి రూ.కోటి వరకు బ్యాంకు రుణాలు అందజేస్తుంది.",మాన్యుఫ్యాక్చరింగ్ సర్వీసెస్ లేదా ట్రేడింగ్ సెక్టార్‌లో గ్రీన్‌ఫీల్డ్ ప్రాజెక్ట్‌ల కోసం 18 ఏళ్లు పైబడిన SC ST మరియు మహిళా పారిశ్రామికవేత్తలు.,standupmitra.inలో దరఖాస్తు చేసుకోండి లేదా వ్యాపార ప్రణాళిక మరియు అర్హత పత్రాలతో సమీపంలోని బ్యాంక్ శాఖను సందర్శించండి.,"ఆధార్ కార్డు, ఎస్సీ ఎస్టీ అయితే కుల ధృవీకరణ పత్రం, వ్యాపార ప్రణాళిక, ప్రాజెక్ట్ నివేదిక, బ్యాంక్ స్టేట్‌మెంట్లు",গ্রিনফিল্ড এন্টারপ্রাইজ স্থাপনের জন্য SC ST এবং মহিলা উদ্যোক্তাদের 10 লক্ষ থেকে 1 কোটি টাকার মধ্যে ব্যাঙ্ক ঋণ প্রদান করে।,SC ST এবং 18 বছরের বেশি বয়সী মহিলা উদ্যোক্তারা উত্পাদন পরিষেবা বা ট্রেডিং সেক্টরে গ্রিনফিল্ড প্রকল্পের জন্য।,standupmitra.in-এ আবেদন করুন বা ব্যবসায়িক পরিকল্পনা এবং যোগ্যতার নথি সহ নিকটস্থ ব্যাঙ্ক শাখায় যান।,"আধার কার্ড, SC ST হলে জাত শংসাপত্র, ব্যবসায়িক পরিকল্পনা, প্রকল্প রিপোর্ট, ব্যাঙ্ক স্টেটমেন্ট",एससी एसटी आणि महिला उद्योजकांना ग्रीनफील्ड उपक्रम स्थापन करण्यासाठी 10 लाख ते 1 कोटी रुपयांपर्यंत बँक कर्ज देते.,उत्पादन सेवा किंवा व्यापार क्षेत्रातील ग्रीनफिल्ड प्रकल्पांसाठी SC ST आणि 18 वर्षांवरील महिला उद्योजक.,standupmitra.in वर अर्ज करा किंवा व्यवसाय योजना आणि पात्रता कागदपत्रांसह जवळच्या बँकेच्या शाखेला भेट द्या.,"आधार कार्ड, SC ST असल्यास जात प्रमाणपत्र, व्यवसाय योजना, प्रकल्प अहवाल, बँक स्टेटमेंट",ગ્રીનફિલ્ડ એન્ટરપ્રાઇઝની સ્થાપના માટે એસસી એસટી અને મહિલા સાહસિકોને રૂ. 10 લાખથી રૂ. 1 કરોડની વચ્ચેની બેંક લોન આપે છે.,ઉત્પાદન સેવાઓ અથવા વેપાર ક્ષેત્રે ગ્રીનફિલ્ડ પ્રોજેક્ટ માટે SC ST અને 18 વર્ષથી વધુ ઉંમરના મહિલા સાહસિકો.,standupmitra.in પર અરજી કરો અથવા બિઝનેસ પ્લાન અને પાત્રતા દસ્તાવેજો સાથે નજીકની બેંક શાખાની મુલાકાત લો.,"આધાર કાર્ડ, જાતિ પ્રમાણપત્ર જો SC ST, બિઝનેસ પ્લાન, પ્રોજેક્ટ રિપોર્ટ, બેંક સ્ટેટમેન્ટ",ಗ್ರೀನ್‌ಫೀಲ್ಡ್ ಉದ್ಯಮಗಳನ್ನು ಸ್ಥಾಪಿಸಲು ಎಸ್‌ಸಿ ಎಸ್‌ಟಿ ಮತ್ತು ಮಹಿಳಾ ಉದ್ಯಮಿಗಳಿಗೆ ರೂ 10 ಲಕ್ಷದಿಂದ ರೂ 1 ಕೋಟಿವರೆಗೆ ಬ್ಯಾಂಕ್ ಸಾಲವನ್ನು ಒದಗಿಸುತ್ತದೆ.,SC ST ಮತ್ತು 18 ವರ್ಷ ಮೇಲ್ಪಟ್ಟ ಮಹಿಳಾ ಉದ್ಯಮಿಗಳು ಉತ್ಪಾದನಾ ಸೇವೆಗಳು ಅಥವಾ ವ್ಯಾಪಾರ ವಲಯದಲ್ಲಿ ಗ್ರೀನ್‌ಫೀಲ್ಡ್ ಯೋಜನೆಗಳಿಗೆ.,standupmitra.in ನಲ್ಲಿ ಅರ್ಜಿ ಸಲ್ಲಿಸಿ ಅಥವಾ ವ್ಯಾಪಾರ ಯೋಜನೆ ಮತ್ತು ಅರ್ಹತಾ ದಾಖಲೆಗಳೊಂದಿಗೆ ಹತ್ತಿರದ ಬ್ಯಾಂಕ್ ಶಾಖೆಗೆ ಭೇಟಿ ನೀಡಿ.,"ಆಧಾರ್ ಕಾರ್ಡ್, ಎಸ್ಸಿ ಎಸ್ಟಿ ವೇಳೆ ಜಾತಿ ಪ್ರಮಾಣಪತ್ರ, ವ್ಯವಹಾರ ಯೋಜನೆ, ಯೋಜನಾ ವರದಿ, ಬ್ಯಾಂಕ್ ಹೇಳಿಕೆಗಳು","ഗ്രീൻഫീൽഡ് സംരംഭങ്ങൾ സ്ഥാപിക്കുന്നതിന് എസ്‌സി എസ്ടി, വനിതാ സംരംഭകർക്ക് 10 ലക്ഷം മുതൽ ഒരു കോടി രൂപ വരെ ബാങ്ക് വായ്പ നൽകുന്നു.","മാനുഫാക്ചറിംഗ് സേവനങ്ങളിലോ വ്യാപാര മേഖലയിലോ ഗ്രീൻഫീൽഡ് പ്രോജക്ടുകൾക്ക് 18 വയസ്സിന് മുകളിലുള്ള എസ്‌സി എസ്ടി, വനിതാ സംരംഭകർ.",standupmitra.in-ൽ അപേക്ഷിക്കുക അല്ലെങ്കിൽ ബിസിനസ് പ്ലാനും യോഗ്യതാ രേഖകളുമായി അടുത്തുള്ള ബാങ്ക് ശാഖ സന്ദർശിക്കുക.,"ആധാർ കാർഡ്, എസ്‌സി എസ്ടി ആണെങ്കിൽ ജാതി സർട്ടിഫിക്കറ്റ്, ബിസിനസ് പ്ലാൻ, പ്രോജക്ട് റിപ്പോർട്ട്, ബാങ്ക് സ്റ്റേറ്റ്‌മെൻ്റുകൾ"
54,PM SVANidhi Scheme,Ministry of Housing and Urban Affairs,Employment,Provides affordable working capital loans to street vendors to resume their livelihoods affected by COVID-19 lockdowns.,Street vendors vending in urban areas with certificate of vending or letter of recommendation from ULB.,Apply at pmsvanidhi.mohua.gov.in or through nearest bank or MFI with vending certificate.,"Vending certificate or letter of recommendation, Aadhaar card, bank account",https://pmsvanidhi.mohua.gov.in,सड़क विक्रेताओं को कोविड-19 लॉकडाउन से प्रभावित उनकी आजीविका को फिर से शुरू करने के लिए किफायती कार्यशील पूंजी ऋण प्रदान करता है।,शहरी क्षेत्रों में वेंडिंग प्रमाण पत्र या यूएलबी से अनुशंसा पत्र के साथ स्ट्रीट वेंडर्स वेंडिंग करते हैं।,वेंडिंग प्रमाणपत्र के साथ pmsvanidih.mohua.gov.in पर या निकटतम बैंक या एमएफआई के माध्यम से आवेदन करें।,"वेंडिंग प्रमाणपत्र या अनुशंसा पत्र, आधार कार्ड, बैंक खाता",COVID-19 பூட்டுதல்களால் பாதிக்கப்பட்ட தங்கள் வாழ்வாதாரத்தை மீண்டும் தொடங்க தெரு வியாபாரிகளுக்கு மலிவு விலையில் செயல்பாட்டு மூலதனக் கடன்களை வழங்குகிறது.,ULB இன் விற்பனைச் சான்றிதழ் அல்லது பரிந்துரைக் கடிதத்துடன் நகர்ப்புறங்களில் வியாபாரம் செய்யும் தெரு வியாபாரிகள்.,pmsvanidhi.mohua.gov.in அல்லது அருகிலுள்ள வங்கி அல்லது MFI மூலம் விற்பனைச் சான்றிதழுடன் விண்ணப்பிக்கவும்.,"விற்பனை சான்றிதழ் அல்லது பரிந்துரை கடிதம், ஆதார் அட்டை, வங்கி கணக்கு",COVID-19 లాక్‌డౌన్‌ల వల్ల ప్రభావితమైన వారి జీవనోపాధిని తిరిగి ప్రారంభించడానికి వీధి వ్యాపారులకు సరసమైన వర్కింగ్ క్యాపిటల్ లోన్‌లను అందిస్తుంది.,ULB నుండి వెండింగ్ సర్టిఫికేట్ లేదా సిఫార్సు లేఖతో పట్టణ ప్రాంతాల్లో విక్రయిస్తున్న వీధి వ్యాపారులు.,pmsvanidhi.mohua.gov.in వద్ద లేదా వెండింగ్ సర్టిఫికేట్‌తో సమీపంలోని బ్యాంక్ లేదా MFI ద్వారా దరఖాస్తు చేసుకోండి.,"వెండింగ్ సర్టిఫికేట్ లేదా సిఫార్సు లేఖ, ఆధార్ కార్డ్, బ్యాంక్ ఖాతా",রাস্তার বিক্রেতাদের COVID-19 লকডাউন দ্বারা প্রভাবিত তাদের জীবিকা পুনরায় শুরু করার জন্য সাশ্রয়ী মূল্যের কার্যকরী মূলধন ঋণ প্রদান করে।,রাস্তার বিক্রেতারা শহুরে এলাকায় ভেন্ডিং এর শংসাপত্র বা ইউএলবি থেকে সুপারিশের চিঠি নিয়ে বিক্রি করে।,pmsvanidhi.mohua.gov.in-এ অথবা ভেন্ডিং সার্টিফিকেট সহ নিকটস্থ ব্যাঙ্ক বা MFI-এর মাধ্যমে আবেদন করুন।,"ভেন্ডিং সার্টিফিকেট বা সুপারিশের চিঠি, আধার কার্ড, ব্যাঙ্ক অ্যাকাউন্ট",रस्त्यावरील विक्रेत्यांना कोविड-19 लॉकडाऊनमुळे प्रभावित झालेले त्यांचे उपजीविका पुन्हा सुरू करण्यासाठी परवडणारे खेळते भांडवल कर्ज देते.,रस्त्यावरील विक्रेते शहरी भागात विक्रीचे प्रमाणपत्र किंवा ULB कडून शिफारस पत्र घेऊन विक्री करतात.,pmsvanidhi.mohua.gov.in वर किंवा वेंडिंग प्रमाणपत्रासह जवळच्या बँक किंवा MFI मार्फत अर्ज करा.,"वेंडिंग प्रमाणपत्र किंवा शिफारस पत्र, आधार कार्ड, बँक खाते",કોવિડ-19 લોકડાઉનથી પ્રભાવિત તેમની આજીવિકા ફરી શરૂ કરવા શેરી વિક્રેતાઓને સસ્તું કાર્યકારી મૂડી લોન આપે છે.,શેરી વિક્રેતાઓ શહેરી વિસ્તારોમાં વેન્ડિંગનું પ્રમાણપત્ર અથવા ULB તરફથી ભલામણના પત્ર સાથે વેચાણ કરે છે.,pmsvanidhi.mohua.gov.in પર અથવા વેન્ડિંગ પ્રમાણપત્ર સાથે નજીકની બેંક અથવા MFI મારફતે અરજી કરો.,"વેન્ડિંગ પ્રમાણપત્ર અથવા ભલામણ પત્ર, આધાર કાર્ડ, બેંક ખાતું",COVID-19 ಲಾಕ್‌ಡೌನ್‌ಗಳಿಂದ ಪ್ರಭಾವಿತವಾಗಿರುವ ತಮ್ಮ ಜೀವನೋಪಾಯವನ್ನು ಪುನರಾರಂಭಿಸಲು ಬೀದಿ ವ್ಯಾಪಾರಿಗಳಿಗೆ ಕೈಗೆಟುಕುವ ಕೆಲಸದ ಬಂಡವಾಳ ಸಾಲಗಳನ್ನು ಒದಗಿಸುತ್ತದೆ.,ULB ನಿಂದ ಮಾರಾಟದ ಪ್ರಮಾಣಪತ್ರ ಅಥವಾ ಶಿಫಾರಸು ಪತ್ರದೊಂದಿಗೆ ನಗರ ಪ್ರದೇಶಗಳಲ್ಲಿ ಬೀದಿ ವ್ಯಾಪಾರಿಗಳು ಮಾರಾಟ ಮಾಡುತ್ತಾರೆ.,pmsvanidhi.mohua.gov.in ನಲ್ಲಿ ಅಥವಾ ಹತ್ತಿರದ ಬ್ಯಾಂಕ್ ಅಥವಾ MFI ಮೂಲಕ ಮಾರಾಟ ಪ್ರಮಾಣಪತ್ರದೊಂದಿಗೆ ಅನ್ವಯಿಸಿ.,"ವಿತರಣಾ ಪ್ರಮಾಣಪತ್ರ ಅಥವಾ ಶಿಫಾರಸು ಪತ್ರ, ಆಧಾರ್ ಕಾರ್ಡ್, ಬ್ಯಾಂಕ್ ಖಾತೆ",COVID-19 ലോക്ക്ഡൗണുകൾ ബാധിച്ച അവരുടെ ഉപജീവനമാർഗം പുനരാരംഭിക്കുന്നതിന് തെരുവ് കച്ചവടക്കാർക്ക് താങ്ങാനാവുന്ന പ്രവർത്തന മൂലധന വായ്പകൾ നൽകുന്നു.,ULB-ൽ നിന്നുള്ള വെൻഡിംഗ് സർട്ടിഫിക്കറ്റ് അല്ലെങ്കിൽ ശുപാർശ കത്ത് സഹിതം നഗരപ്രദേശങ്ങളിൽ കച്ചവടം നടത്തുന്ന തെരുവ് കച്ചവടക്കാർ.,pmsvanidhi.mohua.gov.in-ൽ അല്ലെങ്കിൽ വെൻഡിംഗ് സർട്ടിഫിക്കറ്റ് സഹിതം അടുത്തുള്ള ബാങ്ക് അല്ലെങ്കിൽ MFI വഴി അപേക്ഷിക്കുക.,"വെൻഡിംഗ് സർട്ടിഫിക്കറ്റ് അല്ലെങ്കിൽ ശുപാർശ കത്ത്, ആധാർ കാർഡ്, ബാങ്ക് അക്കൗണ്ട്"
55,Pradhan Mantri Kaushal Vikas Yojana,Ministry of Skill Development and Entrepreneurship,Employment,Provides free short term skill training and certification to Indian youth to enhance their employability in various industry sectors.,Indian nationals between 15 to 45 years who have dropped out of school or college or are looking for better employment.,Register at pmkvyofficial.org or visit nearest PMKVY training centre for enrollment in relevant skill course.,"Aadhaar card, educational certificates, bank account for stipend",https://pmkvyofficial.org,भारतीय युवाओं को विभिन्न उद्योग क्षेत्रों में उनकी रोजगार क्षमता बढ़ाने के लिए मुफ्त अल्पकालिक कौशल प्रशिक्षण और प्रमाणन प्रदान करता है।,15 से 45 वर्ष के बीच के भारतीय नागरिक जिन्होंने स्कूल या कॉलेज छोड़ दिया है या बेहतर रोजगार की तलाश में हैं।,प्रासंगिक कौशल पाठ्यक्रम में नामांकन के लिए pmkvyofficial.org पर पंजीकरण करें या निकटतम PMKVY प्रशिक्षण केंद्र पर जाएँ।,"वजीफा के लिए आधार कार्ड, शैक्षणिक प्रमाण पत्र, बैंक खाता",பல்வேறு தொழில் துறைகளில் வேலைவாய்ப்பை மேம்படுத்த இந்திய இளைஞர்களுக்கு இலவச குறுகிய கால திறன் பயிற்சி மற்றும் சான்றிதழை வழங்குகிறது.,15 முதல் 45 வயதுக்கு இடைப்பட்ட இந்தியப் பிரஜைகள் பள்ளி அல்லது கல்லூரி படிப்பை பாதியில் நிறுத்திவிட்டவர்கள் அல்லது சிறந்த வேலைவாய்ப்பை எதிர்பார்க்கிறார்கள்.,pmkvyofficial.org இல் பதிவு செய்யவும் அல்லது தொடர்புடைய திறன் படிப்பில் சேர்வதற்கு அருகிலுள்ள PMKVY பயிற்சி மையத்தைப் பார்வையிடவும்.,"உதவித்தொகைக்கான ஆதார் அட்டை, கல்விச் சான்றிதழ்கள், வங்கிக் கணக்கு",వివిధ పరిశ్రమ రంగాలలో వారి ఉపాధిని మెరుగుపరచడానికి భారతీయ యువతకు ఉచిత స్వల్పకాలిక నైపుణ్య శిక్షణ మరియు ధృవీకరణను అందిస్తుంది.,15 నుండి 45 సంవత్సరాల మధ్య ఉన్న భారతీయ పౌరులు పాఠశాల లేదా కళాశాల నుండి తప్పుకున్న లేదా మెరుగైన ఉపాధి కోసం చూస్తున్నారు.,సంబంధిత నైపుణ్య కోర్సులో నమోదు కోసం pmkvyofficial.orgలో నమోదు చేసుకోండి లేదా సమీపంలోని PMKVY శిక్షణా కేంద్రాన్ని సందర్శించండి.,"ఆధార్ కార్డు, విద్యా ధృవీకరణ పత్రాలు, స్టైఫండ్ కోసం బ్యాంక్ ఖాతా",বিভিন্ন শিল্প সেক্টরে তাদের কর্মসংস্থান বাড়াতে ভারতীয় যুবকদের বিনামূল্যে স্বল্পমেয়াদী দক্ষতা প্রশিক্ষণ এবং শংসাপত্র প্রদান করে।,15 থেকে 45 বছরের মধ্যে ভারতীয় নাগরিক যারা স্কুল বা কলেজ ছেড়ে দিয়েছেন বা আরও ভাল চাকরি খুঁজছেন।,pmkvyofficial.org-এ নিবন্ধন করুন বা প্রাসঙ্গিক দক্ষতা কোর্সে তালিকাভুক্তির জন্য নিকটস্থ PMKVY প্রশিক্ষণ কেন্দ্রে যান।,"আধার কার্ড, শিক্ষাগত শংসাপত্র, উপবৃত্তির জন্য ব্যাঙ্ক অ্যাকাউন্ট",विविध उद्योग क्षेत्रांमध्ये त्यांची रोजगारक्षमता वाढवण्यासाठी भारतीय तरुणांना मोफत अल्पकालीन कौशल्य प्रशिक्षण आणि प्रमाणपत्र प्रदान करते.,15 ते 45 वयोगटातील भारतीय नागरिक ज्यांनी शाळा किंवा महाविद्यालय सोडले आहे किंवा चांगले रोजगार शोधत आहेत.,pmkvyofficial.org वर नोंदणी करा किंवा संबंधित कौशल्य अभ्यासक्रमात नावनोंदणीसाठी जवळच्या PMKVY प्रशिक्षण केंद्राला भेट द्या.,"आधार कार्ड, शैक्षणिक प्रमाणपत्रे, स्टायपेंडसाठी बँक खाते",ભારતીય યુવાનોને વિવિધ ઉદ્યોગ ક્ષેત્રોમાં તેમની રોજગાર ક્ષમતા વધારવા માટે મફત ટૂંકા ગાળાની કૌશલ્ય તાલીમ અને પ્રમાણપત્ર પ્રદાન કરે છે.,15 થી 45 વર્ષની વચ્ચેના ભારતીય નાગરિકો કે જેમણે શાળા અથવા કોલેજ છોડી દીધી છે અથવા વધુ સારી રોજગારની શોધમાં છે.,pmkvyofficial.org પર નોંધણી કરો અથવા સંબંધિત કૌશલ્ય અભ્યાસક્રમમાં નોંધણી માટે નજીકના PMKVY તાલીમ કેન્દ્રની મુલાકાત લો.,"આધાર કાર્ડ, શૈક્ષણિક પ્રમાણપત્રો, સ્ટાઈપેન્ડ માટે બેંક એકાઉન્ટ",ವಿವಿಧ ಉದ್ಯಮ ಕ್ಷೇತ್ರಗಳಲ್ಲಿ ತಮ್ಮ ಉದ್ಯೋಗಾವಕಾಶವನ್ನು ಹೆಚ್ಚಿಸಲು ಭಾರತೀಯ ಯುವಕರಿಗೆ ಉಚಿತ ಅಲ್ಪಾವಧಿಯ ಕೌಶಲ್ಯ ತರಬೇತಿ ಮತ್ತು ಪ್ರಮಾಣೀಕರಣವನ್ನು ಒದಗಿಸುತ್ತದೆ.,15 ರಿಂದ 45 ವರ್ಷಗಳ ನಡುವಿನ ಭಾರತೀಯ ಪ್ರಜೆಗಳು ಶಾಲೆ ಅಥವಾ ಕಾಲೇಜಿನಿಂದ ಹೊರಗುಳಿದಿದ್ದಾರೆ ಅಥವಾ ಉತ್ತಮ ಉದ್ಯೋಗವನ್ನು ಹುಡುಕುತ್ತಿದ್ದಾರೆ.,pmkvyofficial.org ನಲ್ಲಿ ನೋಂದಾಯಿಸಿ ಅಥವಾ ಸಂಬಂಧಿತ ಕೌಶಲ್ಯ ಕೋರ್ಸ್‌ಗೆ ದಾಖಲಾತಿಗಾಗಿ ಹತ್ತಿರದ PMKVY ತರಬೇತಿ ಕೇಂದ್ರಕ್ಕೆ ಭೇಟಿ ನೀಡಿ.,"ಆಧಾರ್ ಕಾರ್ಡ್, ಶೈಕ್ಷಣಿಕ ಪ್ರಮಾಣಪತ್ರಗಳು, ಸ್ಟೈಫಂಡ್‌ಗಾಗಿ ಬ್ಯಾಂಕ್ ಖಾತೆ",ഇന്ത്യൻ യുവാക്കൾക്ക് വിവിധ വ്യവസായ മേഖലകളിൽ തൊഴിൽ സാധ്യത വർദ്ധിപ്പിക്കുന്നതിന് സൗജന്യ ഹ്രസ്വകാല നൈപുണ്യ പരിശീലനവും സർട്ടിഫിക്കേഷനും നൽകുന്നു.,15 നും 45 നും ഇടയിൽ പ്രായമുള്ള ഇന്ത്യൻ പൗരന്മാർ സ്‌കൂളിൽ നിന്നോ കോളേജിൽ നിന്നോ പഠനം ഉപേക്ഷിച്ചവരോ മെച്ചപ്പെട്ട തൊഴിൽ തേടുന്നവരോ ആണ്.,പ്രസക്തമായ നൈപുണ്യ കോഴ്‌സിൽ ചേരുന്നതിന് pmkvyofficial.org-ൽ രജിസ്റ്റർ ചെയ്യുക അല്ലെങ്കിൽ അടുത്തുള്ള PMKVY പരിശീലന കേന്ദ്രം സന്ദർശിക്കുക.,"ആധാർ കാർഡ്, വിദ്യാഭ്യാസ സർട്ടിഫിക്കറ്റുകൾ, സ്റ്റൈപ്പൻ്റിനുള്ള ബാങ്ക് അക്കൗണ്ട്"
56,Mahatma Gandhi National Fellowship,Ministry of Skill Development and Entrepreneurship,Employment,Provides two year fellowship to young graduates to work with district administration on skill development and economic development.,Young graduates below 30 years with strong academic record interested in public policy and development work.,Apply through IIM partner institutions during fellowship notification period with academic documents.,"Graduation certificate, marksheets, Aadhaar card, statement of purpose",https://msde.gov.in,कौशल विकास और आर्थिक विकास पर जिला प्रशासन के साथ काम करने के लिए युवा स्नातकों को दो साल की फेलोशिप प्रदान करता है।,सार्वजनिक नीति और विकास कार्यों में रुचि रखने वाले मजबूत शैक्षणिक रिकॉर्ड वाले 30 वर्ष से कम उम्र के युवा स्नातक।,शैक्षणिक दस्तावेजों के साथ फेलोशिप अधिसूचना अवधि के दौरान आईआईएम भागीदार संस्थानों के माध्यम से आवेदन करें।,"स्नातक प्रमाणपत्र, मार्कशीट, आधार कार्ड, उद्देश्य का विवरण",திறன் மேம்பாடு மற்றும் பொருளாதார மேம்பாடு ஆகியவற்றில் மாவட்ட நிர்வாகத்துடன் இணைந்து பணியாற்ற இளம் பட்டதாரிகளுக்கு இரண்டு ஆண்டு பெல்லோஷிப் வழங்குகிறது.,பொதுக் கொள்கை மற்றும் மேம்பாட்டுப் பணிகளில் ஆர்வமுள்ள வலுவான கல்விப் பதிவைக் கொண்ட 30 வயதுக்குட்பட்ட இளம் பட்டதாரிகள்.,கல்வி ஆவணங்களுடன் பெல்லோஷிப் அறிவிப்பு காலத்தில் IIM கூட்டாளர் நிறுவனங்கள் மூலம் விண்ணப்பிக்கவும்.,"பட்டப்படிப்பு சான்றிதழ், மதிப்பெண் பட்டியல், ஆதார் அட்டை, நோக்க அறிக்கை",నైపుణ్యాభివృద్ధి మరియు ఆర్థికాభివృద్ధిపై జిల్లా యంత్రాంగంతో కలిసి పనిచేయడానికి యువ గ్రాడ్యుయేట్‌లకు రెండు సంవత్సరాల ఫెలోషిప్‌ను అందిస్తుంది.,30 సంవత్సరాల కంటే తక్కువ వయస్సు ఉన్న యువ గ్రాడ్యుయేట్లు పబ్లిక్ పాలసీ మరియు డెవలప్‌మెంట్ వర్క్ పట్ల ఆసక్తి కలిగి ఉన్న బలమైన విద్యా రికార్డును కలిగి ఉన్నారు.,అకడమిక్ పత్రాలతో ఫెలోషిప్ నోటిఫికేషన్ వ్యవధిలో IIM భాగస్వామి సంస్థల ద్వారా దరఖాస్తు చేసుకోండి.,"గ్రాడ్యుయేషన్ సర్టిఫికేట్, మార్క్‌షీట్‌లు, ఆధార్ కార్డ్, ఉద్దేశ్య ప్రకటన",দক্ষতা উন্নয়ন এবং অর্থনৈতিক উন্নয়নে জেলা প্রশাসনের সাথে কাজ করার জন্য তরুণ স্নাতকদের দুই বছরের ফেলোশিপ প্রদান করে।,30 বছরের কম বয়সী তরুণ গ্র্যাজুয়েটরা শক্তিশালী একাডেমিক রেকর্ড সহ পাবলিক পলিসি এবং ডেভেলপমেন্ট কাজে আগ্রহী।,একাডেমিক নথি সহ ফেলোশিপ বিজ্ঞপ্তির সময় আইআইএম অংশীদার প্রতিষ্ঠানের মাধ্যমে আবেদন করুন।,"স্নাতক শংসাপত্র, মার্কশিট, আধার কার্ড, উদ্দেশ্যের বিবৃতি",कौशल्य विकास आणि आर्थिक विकासावर जिल्हा प्रशासनासोबत काम करण्यासाठी तरुण पदवीधरांना दोन वर्षांची फेलोशिप प्रदान करते.,सार्वजनिक धोरण आणि विकास कार्यात स्वारस्य असलेले मजबूत शैक्षणिक रेकॉर्ड असलेले 30 वर्षांपेक्षा कमी वयाचे तरुण पदवीधर.,शैक्षणिक दस्तऐवजांसह फेलोशिप अधिसूचना कालावधी दरम्यान IIM भागीदार संस्थांद्वारे अर्ज करा.,"पदवी प्रमाणपत्र, गुणपत्रिका, आधार कार्ड, उद्देशाचे विवरण",કૌશલ્ય વિકાસ અને આર્થિક વિકાસ પર જિલ્લા વહીવટીતંત્ર સાથે કામ કરવા યુવા સ્નાતકોને બે વર્ષની ફેલોશિપ પૂરી પાડે છે.,જાહેર નીતિ અને વિકાસ કાર્યમાં રસ ધરાવતા મજબૂત શૈક્ષણિક રેકોર્ડ સાથે 30 વર્ષથી નીચેના યુવાન સ્નાતકો.,શૈક્ષણિક દસ્તાવેજો સાથે ફેલોશિપ સૂચના સમયગાળા દરમિયાન IIM ભાગીદાર સંસ્થાઓ દ્વારા અરજી કરો.,"સ્નાતકનું પ્રમાણપત્ર, માર્કશીટ, આધાર કાર્ડ, હેતુનું નિવેદન",ಕೌಶಲ್ಯ ಅಭಿವೃದ್ಧಿ ಮತ್ತು ಆರ್ಥಿಕ ಅಭಿವೃದ್ಧಿಯಲ್ಲಿ ಜಿಲ್ಲಾಡಳಿತದೊಂದಿಗೆ ಕೆಲಸ ಮಾಡಲು ಯುವ ಪದವೀಧರರಿಗೆ ಎರಡು ವರ್ಷಗಳ ಫೆಲೋಶಿಪ್ ನೀಡುತ್ತದೆ.,ಸಾರ್ವಜನಿಕ ನೀತಿ ಮತ್ತು ಅಭಿವೃದ್ಧಿ ಕಾರ್ಯಗಳಲ್ಲಿ ಆಸಕ್ತಿ ಹೊಂದಿರುವ ಬಲವಾದ ಶೈಕ್ಷಣಿಕ ದಾಖಲೆಯೊಂದಿಗೆ 30 ವರ್ಷಕ್ಕಿಂತ ಕಡಿಮೆ ವಯಸ್ಸಿನ ಯುವ ಪದವೀಧರರು.,ಶೈಕ್ಷಣಿಕ ದಾಖಲೆಗಳೊಂದಿಗೆ ಫೆಲೋಶಿಪ್ ಅಧಿಸೂಚನೆ ಅವಧಿಯಲ್ಲಿ IIM ಪಾಲುದಾರ ಸಂಸ್ಥೆಗಳ ಮೂಲಕ ಅನ್ವಯಿಸಿ.,"ಪದವಿ ಪ್ರಮಾಣಪತ್ರ, ಅಂಕಪಟ್ಟಿಗಳು, ಆಧಾರ್ ಕಾರ್ಡ್, ಉದ್ದೇಶದ ಹೇಳಿಕೆ",നൈപുണ്യ വികസനത്തിലും സാമ്പത്തിക വികസനത്തിലും ജില്ലാ ഭരണകൂടവുമായി ചേർന്ന് പ്രവർത്തിക്കാൻ യുവ ബിരുദധാരികൾക്ക് രണ്ട് വർഷത്തെ ഫെലോഷിപ്പ് നൽകുന്നു.,പൊതു നയത്തിലും വികസന പ്രവർത്തനങ്ങളിലും താൽപ്പര്യമുള്ള ശക്തമായ അക്കാദമിക് റെക്കോർഡുള്ള 30 വയസ്സിന് താഴെയുള്ള യുവ ബിരുദധാരികൾ.,അക്കാദമിക് ഡോക്യുമെൻ്റുകൾ സഹിതം ഫെലോഷിപ്പ് അറിയിപ്പ് കാലയളവിൽ IIM പങ്കാളി സ്ഥാപനങ്ങൾ വഴി അപേക്ഷിക്കുക.,"ബിരുദ സർട്ടിഫിക്കറ്റ്, മാർക്ക് ഷീറ്റുകൾ, ആധാർ കാർഡ്, ഉദ്ദേശ്യ പ്രസ്താവന"
57,National Apprenticeship Promotion Scheme,Ministry of Skill Development and Entrepreneurship,Employment,Promotes apprenticeship training by providing financial support to employers and stipend to apprentices for on the job skill training.,Youth who have passed Class 5 or above seeking practical skill training with employers.,Register at apprenticeshipindia.org and find employers offering apprenticeship in your trade.,"Educational certificates, Aadhaar card, bank account",https://apprenticeshipindia.org,नियोक्ताओं को वित्तीय सहायता और नौकरी पर कौशल प्रशिक्षण के लिए प्रशिक्षुओं को वजीफा प्रदान करके प्रशिक्षुता प्रशिक्षण को बढ़ावा देता है।,"युवा जो कक्षा 5 या उससे ऊपर उत्तीर्ण हैं, नियोक्ताओं के साथ व्यावहारिक कौशल प्रशिक्षण चाहते हैं।",Apprenticeshipindia.org पर पंजीकरण करें और अपने व्यापार में प्रशिक्षुता प्रदान करने वाले नियोक्ता खोजें।,"शैक्षिक प्रमाण पत्र, आधार कार्ड, बैंक खाता",தொழில்முனைவோருக்கு நிதியுதவி வழங்குவதன் மூலம் தொழிற்பயிற்சி பயிற்சியை ஊக்குவிக்கிறது மற்றும் வேலை திறன் பயிற்சிக்கான பயிற்சியாளர்களுக்கு உதவித்தொகை வழங்குகிறது.,"5 ஆம் வகுப்பு அல்லது அதற்கு மேல் தேர்ச்சி பெற்ற இளைஞர்கள், முதலாளிகளிடம் நடைமுறை திறன் பயிற்சி பெற வேண்டும்.","apprenticeshipindia.org இல் பதிவுசெய்து, உங்கள் வர்த்தகத்தில் தொழிற்பயிற்சி வழங்கும் முதலாளிகளைக் கண்டறியவும்.","கல்விச் சான்றிதழ்கள், ஆதார் அட்டை, வங்கிக் கணக்கு",ఉద్యోగ నైపుణ్య శిక్షణ కోసం యజమానులకు ఆర్థిక సహాయం మరియు అప్రెంటిస్‌లకు స్టైఫండ్ అందించడం ద్వారా అప్రెంటిస్‌షిప్ శిక్షణను ప్రోత్సహిస్తుంది.,యజమానుల వద్ద ఆచరణాత్మక నైపుణ్య శిక్షణ కోరుతూ 5వ తరగతి లేదా అంతకంటే ఎక్కువ ఉత్తీర్ణులైన యువత.,apprenticeshipindia.orgలో నమోదు చేసుకోండి మరియు మీ ట్రేడ్‌లో అప్రెంటిస్‌షిప్‌ను అందిస్తున్న యజమానులను కనుగొనండి.,"విద్యా ధ్రువీకరణ పత్రాలు, ఆధార్ కార్డు, బ్యాంకు ఖాతా",নিয়োগকর্তাদের আর্থিক সহায়তা প্রদান করে এবং কাজের দক্ষতা প্রশিক্ষণের জন্য শিক্ষানবিশদের উপবৃত্তি প্রদানের মাধ্যমে শিক্ষানবিশ প্রশিক্ষণের প্রচার করে।,যুবক যারা 5 বা তার বেশি শ্রেণী পাস করেছে তারা নিয়োগকর্তাদের কাছে ব্যবহারিক দক্ষতা প্রশিক্ষণের জন্য চাইছে।,apprenticeshipindia.org-এ নিবন্ধন করুন এবং আপনার ব্যবসায় শিক্ষানবিশ অফারকারী নিয়োগকর্তাদের খুঁজুন।,"শিক্ষাগত শংসাপত্র, আধার কার্ড, ব্যাঙ্ক অ্যাকাউন্ট",नोकरीच्या कौशल्य प्रशिक्षणासाठी नियोक्त्यांना आर्थिक सहाय्य देऊन आणि शिकाऊ उमेदवारांना स्टायपेंड देऊन शिकाऊ प्रशिक्षणाला प्रोत्साहन देते.,इयत्ता 5 किंवा त्यापुढील वर्ग उत्तीर्ण झालेले युवक नियोक्त्यांसोबत व्यावहारिक कौशल्य प्रशिक्षण घेतात.,apprenticeshipindia.org वर नोंदणी करा आणि तुमच्या ट्रेडमध्ये ॲप्रेंटिसशिप ऑफर करणारे नियोक्ते शोधा.,"शैक्षणिक प्रमाणपत्रे, आधार कार्ड, बँक खाते",નોકરીદાતાઓને નાણાકીય સહાય પૂરી પાડીને એપ્રેન્ટિસશીપ તાલીમને પ્રોત્સાહન આપે છે અને નોકરીની કૌશલ્ય તાલીમ માટે એપ્રેન્ટિસને સ્ટાઇપેન્ડ આપે છે.,નોકરીદાતાઓ સાથે વ્યવહારુ કૌશલ્ય તાલીમ મેળવવા માટે વર્ગ 5 કે તેથી વધુ પાસ કરેલ યુવાનો.,apprenticeshipindia.org પર નોંધણી કરો અને તમારા વેપારમાં એપ્રેન્ટિસશીપ ઓફર કરતા નોકરીદાતાઓ શોધો.,"શૈક્ષણિક પ્રમાણપત્રો, આધાર કાર્ડ, બેંક ખાતું",ಉದ್ಯೋಗದಾತರಿಗೆ ಹಣಕಾಸಿನ ನೆರವು ಮತ್ತು ಉದ್ಯೋಗ ಕೌಶಲ್ಯ ತರಬೇತಿಗಾಗಿ ಅಪ್ರೆಂಟಿಸ್‌ಗಳಿಗೆ ಸ್ಟೈಫಂಡ್ ನೀಡುವ ಮೂಲಕ ಅಪ್ರೆಂಟಿಸ್‌ಶಿಪ್ ತರಬೇತಿಯನ್ನು ಉತ್ತೇಜಿಸುತ್ತದೆ.,ಉದ್ಯೋಗದಾತರೊಂದಿಗೆ ಪ್ರಾಯೋಗಿಕ ಕೌಶಲ್ಯ ತರಬೇತಿಯನ್ನು ಪಡೆಯಲು 5 ಅಥವಾ ಅದಕ್ಕಿಂತ ಹೆಚ್ಚಿನ ತರಗತಿಯಲ್ಲಿ ಉತ್ತೀರ್ಣರಾದ ಯುವಕರು.,apprenticeshipindia.org ನಲ್ಲಿ ನೋಂದಾಯಿಸಿ ಮತ್ತು ನಿಮ್ಮ ವ್ಯಾಪಾರದಲ್ಲಿ ಅಪ್ರೆಂಟಿಸ್‌ಶಿಪ್ ನೀಡುವ ಉದ್ಯೋಗದಾತರನ್ನು ಹುಡುಕಿ.,"ಶೈಕ್ಷಣಿಕ ಪ್ರಮಾಣಪತ್ರಗಳು, ಆಧಾರ್ ಕಾರ್ಡ್, ಬ್ಯಾಂಕ್ ಖಾತೆ",തൊഴിൽ നൈപുണ്യ പരിശീലനത്തിനായി തൊഴിലുടമകൾക്ക് സാമ്പത്തിക സഹായവും അപ്രൻ്റീസുകൾക്ക് സ്റ്റൈപ്പൻ്റും നൽകിക്കൊണ്ട് അപ്രൻ്റീസ്ഷിപ്പ് പരിശീലനം പ്രോത്സാഹിപ്പിക്കുന്നു.,തൊഴിലുടമകളിൽ പ്രായോഗിക നൈപുണ്യ പരിശീലനം തേടുന്ന അഞ്ചാം ക്ലാസോ അതിൽ കൂടുതലോ പാസായ യുവാക്കൾ.,apprenticeshipindia.org-ൽ രജിസ്റ്റർ ചെയ്ത് നിങ്ങളുടെ ട്രേഡിൽ അപ്രൻ്റീസ്ഷിപ്പ് വാഗ്ദാനം ചെയ്യുന്ന തൊഴിലുടമകളെ കണ്ടെത്തുക.,"വിദ്യാഭ്യാസ സർട്ടിഫിക്കറ്റുകൾ, ആധാർ കാർഡ്, ബാങ്ക് അക്കൗണ്ട്"
58,Deendayal Antyodaya Yojana National Urban Livelihoods Mission,Ministry of Housing and Urban Affairs,Employment,Provides skill training self employment and social mobilization support to urban poor to reduce poverty and vulnerability.,Urban poor especially women homeless persons rag pickers street children and differently abled persons.,Contact nearest Urban Local Body or city livelihood centre for enrollment in skill training and self help group.,"Aadhaar card, address proof, income proof",https://nulm.gov.in,"गरीबी और भेद्यता को कम करने के लिए शहरी गरीबों को कौशल प्रशिक्षण, स्वरोजगार और सामाजिक गतिशीलता सहायता प्रदान करता है।","शहरी गरीब, विशेषकर महिलाएं, बेघर व्यक्ति, कचरा बीनने वाले, सड़क पर रहने वाले बच्चे और दिव्यांग व्यक्ति।",कौशल प्रशिक्षण और स्वयं सहायता समूह में नामांकन के लिए निकटतम शहरी स्थानीय निकाय या शहरी आजीविका केंद्र से संपर्क करें।,"आधार कार्ड, पता प्रमाण, आय प्रमाण",வறுமை மற்றும் பாதிப்பைக் குறைக்க நகர்ப்புற ஏழைகளுக்கு திறன் பயிற்சி சுய வேலைவாய்ப்பு மற்றும் சமூக அணிதிரட்டல் ஆதரவை வழங்குகிறது.,"நகர்ப்புற ஏழைகள், குறிப்பாக வீடற்ற பெண்கள், தெருவோர குழந்தைகள் மற்றும் மாற்றுத்திறனாளிகள்.",திறன் பயிற்சி மற்றும் சுய உதவிக் குழுவில் சேர்வதற்கு அருகிலுள்ள நகர்ப்புற உள்ளாட்சி அமைப்பு அல்லது நகர வாழ்வாதார மையத்தைத் தொடர்பு கொள்ளவும்.,"ஆதார் அட்டை, முகவரிச் சான்று, வருமானச் சான்று",పేదరికం మరియు దుర్బలత్వాన్ని తగ్గించడానికి పట్టణ పేదలకు నైపుణ్య శిక్షణ స్వయం ఉపాధి మరియు సామాజిక సమీకరణ మద్దతును అందిస్తుంది.,పట్టణ పేదలు ముఖ్యంగా మహిళలు నిరాశ్రయులైన వ్యక్తులు ర్యాగ్ పికర్స్ వీధి పిల్లలు మరియు వికలాంగులు.,నైపుణ్య శిక్షణ మరియు స్వయం సహాయక బృందంలో నమోదు కోసం సమీపంలోని పట్టణ స్థానిక సంస్థ లేదా నగర జీవనోపాధి కేంద్రాన్ని సంప్రదించండి.,"ఆధార్ కార్డు, చిరునామా రుజువు, ఆదాయ రుజువు",দারিদ্র্য এবং দুর্বলতা হ্রাস করার জন্য শহুরে দরিদ্রদের দক্ষতা প্রশিক্ষণ স্ব-কর্মসংস্থান এবং সামাজিক গতিশীলতা সহায়তা প্রদান করে।,শহুরে দরিদ্র বিশেষ করে নারী গৃহহীন ব্যক্তিরা রাগ বাছাইকারী পথশিশু এবং ভিন্নভাবে সক্ষম ব্যক্তি।,দক্ষতা প্রশিক্ষণ এবং স্বনির্ভর গোষ্ঠীতে তালিকাভুক্তির জন্য নিকটস্থ শহুরে স্থানীয় সংস্থা বা শহরের জীবিকা কেন্দ্রের সাথে যোগাযোগ করুন।,"আধার কার্ড, ঠিকানার প্রমাণ, আয়ের প্রমাণ",गरिबी आणि असुरक्षितता कमी करण्यासाठी शहरी गरिबांना कौशल्य प्रशिक्षण स्वयंरोजगार आणि सामाजिक एकत्रिकरण समर्थन प्रदान करते.,शहरी गरीब विशेषत: महिला बेघर व्यक्ती रॅग वेचक रस्त्यावरील मुले आणि दिव्यांग व्यक्ती.,कौशल्य प्रशिक्षण आणि बचत गटामध्ये नावनोंदणीसाठी जवळच्या शहरी स्थानिक संस्था किंवा शहर उपजीविका केंद्राशी संपर्क साधा.,"आधार कार्ड, पत्ता पुरावा, उत्पन्नाचा पुरावा",ગરીબી અને નબળાઈ ઘટાડવા શહેરી ગરીબોને કૌશલ્ય તાલીમ સ્વરોજગાર અને સામાજિક ગતિશીલતા સહાય પૂરી પાડે છે.,શહેરી ગરીબો ખાસ કરીને મહિલાઓ બેઘર વ્યક્તિઓ રાગ પીકર્સ શેરી બાળકો અને વિવિધ રીતે વિકલાંગ વ્યક્તિઓ.,કૌશલ્ય તાલીમ અને સ્વસહાય જૂથમાં નોંધણી માટે નજીકની શહેરી સ્થાનિક સંસ્થા અથવા શહેર આજીવિકા કેન્દ્રનો સંપર્ક કરો.,"આધાર કાર્ડ, સરનામાનો પુરાવો, આવકનો પુરાવો",ಬಡತನ ಮತ್ತು ದುರ್ಬಲತೆಯನ್ನು ಕಡಿಮೆ ಮಾಡಲು ನಗರ ಬಡವರಿಗೆ ಕೌಶಲ್ಯ ತರಬೇತಿ ಸ್ವಯಂ ಉದ್ಯೋಗ ಮತ್ತು ಸಾಮಾಜಿಕ ಸಜ್ಜುಗೊಳಿಸುವ ಬೆಂಬಲವನ್ನು ಒದಗಿಸುತ್ತದೆ.,ನಗರ ಪ್ರದೇಶದ ಬಡವರು ವಿಶೇಷವಾಗಿ ಮಹಿಳೆಯರು ನಿರಾಶ್ರಿತರು ಚಿಂದಿ ಆಯುವವರು ಬೀದಿ ಮಕ್ಕಳು ಮತ್ತು ಅಂಗವಿಕಲರು.,ಕೌಶಲ್ಯ ತರಬೇತಿ ಮತ್ತು ಸ್ವಸಹಾಯ ಗುಂಪಿನಲ್ಲಿ ನೋಂದಣಿಗಾಗಿ ಹತ್ತಿರದ ನಗರ ಸ್ಥಳೀಯ ಸಂಸ್ಥೆ ಅಥವಾ ನಗರ ಜೀವನೋಪಾಯ ಕೇಂದ್ರವನ್ನು ಸಂಪರ್ಕಿಸಿ.,"ಆಧಾರ್ ಕಾರ್ಡ್, ವಿಳಾಸ ಪುರಾವೆ, ಆದಾಯ ಪುರಾವೆ",ദാരിദ്ര്യവും ദുർബലതയും കുറയ്ക്കുന്നതിന് നഗരങ്ങളിലെ പാവപ്പെട്ടവർക്ക് നൈപുണ്യ പരിശീലന സ്വയം തൊഴിലും സാമൂഹിക സമാഹരണ പിന്തുണയും നൽകുന്നു.,"നഗരത്തിലെ ദരിദ്രർ, പ്രത്യേകിച്ച് ഭവനരഹിതരായ സ്ത്രീകൾ റാഗ് പിക്കറുകൾ തെരുവ് കുട്ടികളും ഭിന്നശേഷിയുള്ളവരും.",നൈപുണ്യ പരിശീലനത്തിലും സ്വയം സഹായ ഗ്രൂപ്പിലും ചേരുന്നതിന് അടുത്തുള്ള നഗര തദ്ദേശ സ്ഥാപനവുമായോ നഗര ഉപജീവന കേന്ദ്രവുമായോ ബന്ധപ്പെടുക.,"ആധാർ കാർഡ്, അഡ്രസ് പ്രൂഫ്, വരുമാന തെളിവ്"
59,PM Vishwakarma Scheme,Ministry of Micro Small and Medium Enterprises,Employment,Provides recognition training toolkit and collateral free credit support to traditional artisans and craftsmen working with hands and tools.,Artisans and craftsmen in 18 traditional trades including carpenter blacksmith goldsmith potter tailor etc.,Apply at pmvishwakarma.gov.in through Common Service Centre with trade details and Aadhaar.,"Aadhaar card, bank account, trade skill proof, mobile number",https://pmvishwakarma.gov.in,हाथों और औजारों से काम करने वाले पारंपरिक कारीगरों और शिल्पकारों को मान्यता प्रशिक्षण टूलकिट और संपार्श्विक मुक्त ऋण सहायता प्रदान करता है।,बढ़ई लोहार सुनार कुम्हार दर्जी आदि सहित 18 पारंपरिक व्यवसायों के कारीगर और शिल्पकार।,ट्रेड विवरण और आधार के साथ कॉमन सर्विस सेंटर के माध्यम से pmvishwakarma.gov.in पर आवेदन करें।,"आधार कार्ड, बैंक खाता, ट्रेड स्किल प्रूफ, मोबाइल नंबर",கைகள் மற்றும் கருவிகளுடன் பணிபுரியும் பாரம்பரிய கைவினைஞர்கள் மற்றும் கைவினைஞர்களுக்கு அங்கீகார பயிற்சி கருவித்தொகுப்பு மற்றும் இணை இலவச கடன் ஆதரவை வழங்குகிறது.,கைவினைஞர்கள் மற்றும் கைவினைஞர்கள் தச்சர் கொல்லர் பொற்கொல்லர் பாட்டர் தையல்காரர் உட்பட 18 பாரம்பரிய தொழில்களில் உள்ளனர்.,வர்த்தக விவரங்கள் மற்றும் ஆதாருடன் pmvishwakarma.gov.in இல் பொது சேவை மையம் மூலம் விண்ணப்பிக்கவும்.,"ஆதார் அட்டை, வங்கி கணக்கு, வர்த்தக திறன் சான்று, மொபைல் எண்",చేతులు మరియు సాధనాలతో పని చేసే సాంప్రదాయ కళాకారులు మరియు కళాకారులకు గుర్తింపు శిక్షణ టూల్‌కిట్ మరియు అనుషంగిక ఉచిత క్రెడిట్ మద్దతును అందిస్తుంది.,వడ్రంగి కమ్మరి స్వర్ణకారుడు కుమ్మరి టైలర్ మొదలైనవాటితో సహా 18 సాంప్రదాయ వ్యాపారాలలో కళాకారులు మరియు కళాకారులు.,వాణిజ్య వివరాలు మరియు ఆధార్‌తో కామన్ సర్వీస్ సెంటర్ ద్వారా pmvishwakarma.gov.inలో దరఖాస్తు చేసుకోండి.,"ఆధార్ కార్డ్, బ్యాంక్ ఖాతా, ట్రేడ్ స్కిల్ ప్రూఫ్, మొబైల్ నంబర్",ঐতিহ্যবাহী কারিগর এবং কারিগরদের হাত এবং সরঞ্জাম দিয়ে কাজ করা স্বীকৃতি প্রশিক্ষণ টুলকিট এবং জামানত বিনামূল্যে ক্রেডিট সহায়তা প্রদান করে।,কাঠমিস্ত্রি কামার স্বর্ণকার কুমোর দর্জি ইত্যাদি সহ ১৮টি ঐতিহ্যবাহী ব্যবসায় কারিগর ও কারিগর।,ব্যবসার বিবরণ এবং আধার সহ কমন সার্ভিস সেন্টারের মাধ্যমে pmvishwakarma.gov.in-এ আবেদন করুন।,"আধার কার্ড, ব্যাঙ্ক অ্যাকাউন্ট, ট্রেড স্কিল প্রুফ, মোবাইল নম্বর",पारंपारिक कारागीर आणि हात आणि साधनांसह काम करणाऱ्या कारागिरांना ओळख प्रशिक्षण टूलकिट आणि संपार्श्विक विनामूल्य क्रेडिट समर्थन प्रदान करते.,"कारागीर आणि कारागीर 18 पारंपारिक व्यवसायांमध्ये सुतार लोहार, सोनार कुंभार शिंपी इ.",व्यापार तपशील आणि आधारसह कॉमन सर्व्हिस सेंटरद्वारे pmvishwakarma.gov.in वर अर्ज करा.,"आधार कार्ड, बँक खाते, व्यापार कौशल्य पुरावा, मोबाईल नंबर",હાથ અને સાધનો સાથે કામ કરતા પરંપરાગત કારીગરો અને કારીગરોને માન્યતા તાલીમ ટૂલકીટ અને કોલેટરલ ફ્રી ક્રેડિટ સપોર્ટ પૂરો પાડે છે.,"સુથાર લુહાર સુવર્ણ, કુંભાર દરજી વગેરે સહિત 18 પરંપરાગત વ્યવસાયોમાં કારીગરો અને કારીગરો.",વેપારની વિગતો અને આધાર સાથે કોમન સર્વિસ સેન્ટર દ્વારા pmvishwakarma.gov.in પર અરજી કરો.,"આધાર કાર્ડ, બેંક એકાઉન્ટ, ટ્રેડ સ્કિલ પ્રૂફ, મોબાઈલ નંબર",ಕೈ ಮತ್ತು ಉಪಕರಣಗಳೊಂದಿಗೆ ಕೆಲಸ ಮಾಡುವ ಸಾಂಪ್ರದಾಯಿಕ ಕುಶಲಕರ್ಮಿಗಳು ಮತ್ತು ಕುಶಲಕರ್ಮಿಗಳಿಗೆ ಗುರುತಿಸುವಿಕೆ ತರಬೇತಿ ಟೂಲ್ಕಿಟ್ ಮತ್ತು ಮೇಲಾಧಾರ ಉಚಿತ ಕ್ರೆಡಿಟ್ ಬೆಂಬಲವನ್ನು ಒದಗಿಸುತ್ತದೆ.,ಬಡಗಿ ಕಮ್ಮಾರ ಅಕ್ಕಸಾಲಿಗ ಕುಂಬಾರ ಟೈಲರ್ ಇತ್ಯಾದಿ ಸೇರಿದಂತೆ 18 ಸಾಂಪ್ರದಾಯಿಕ ವ್ಯಾಪಾರಗಳಲ್ಲಿ ಕುಶಲಕರ್ಮಿಗಳು ಮತ್ತು ಕುಶಲಕರ್ಮಿಗಳು.,ಸಾಮಾನ್ಯ ಸೇವಾ ಕೇಂದ್ರದ ಮೂಲಕ pmvishwakarma.gov.in ನಲ್ಲಿ ವ್ಯಾಪಾರದ ವಿವರಗಳು ಮತ್ತು ಆಧಾರ್‌ನೊಂದಿಗೆ ಅರ್ಜಿ ಸಲ್ಲಿಸಿ.,"ಆಧಾರ್ ಕಾರ್ಡ್, ಬ್ಯಾಂಕ್ ಖಾತೆ, ವ್ಯಾಪಾರ ಕೌಶಲ್ಯ ಪುರಾವೆ, ಮೊಬೈಲ್ ಸಂಖ್ಯೆ",പരമ്പരാഗത കരകൗശലത്തൊഴിലാളികൾക്കും കരകൗശല വിദഗ്ധർക്കും കൈകളും ഉപകരണങ്ങളും ഉപയോഗിച്ച് തിരിച്ചറിയൽ പരിശീലന ടൂൾകിറ്റും കൊളാറ്ററൽ സൗജന്യ ക്രെഡിറ്റ് പിന്തുണയും നൽകുന്നു.,ആശാരി കമ്മാരൻ സ്വർണ്ണപ്പണിക്കാരൻ കുശവൻ തയ്യൽക്കാരൻ ഉൾപ്പെടെ 18 പരമ്പരാഗത വ്യാപാരങ്ങളിലെ കരകൗശല വിദഗ്ധരും കരകൗശല വിദഗ്ധരും.,വ്യാപാര വിശദാംശങ്ങളും ആധാറും സഹിതം pmvishwakarma.gov.in ൽ കോമൺ സർവീസ് സെൻ്റർ വഴി അപേക്ഷിക്കുക.,"ആധാർ കാർഡ്, ബാങ്ക് അക്കൗണ്ട്, ട്രേഡ് സ്‌കിൽ പ്രൂഫ്, മൊബൈൽ നമ്പർ"
60,Atmanirbhar Bharat Rozgar Yojana,Ministry of Labour and Employment,Employment,Incentivizes employers to create new employment by subsidizing EPF contributions for new employees hired during COVID recovery period.,Establishments registered with EPFO hiring new employees with monthly wages below Rs 15000.,Employers register new employees on EPFO unified portal to avail government contribution benefit automatically.,"EPFO registration, new employee Aadhaar, salary details",https://www.epfindia.gov.in,कोविड रिकवरी अवधि के दौरान काम पर रखे गए नए कर्मचारियों के लिए ईपीएफ योगदान पर सब्सिडी देकर नियोक्ताओं को नए रोजगार सृजित करने के लिए प्रोत्साहित किया जाता है।,ईपीएफओ के साथ पंजीकृत प्रतिष्ठान 15000 रुपये से कम मासिक वेतन वाले नए कर्मचारियों को काम पर रख रहे हैं।,नियोक्ता स्वचालित रूप से सरकारी अंशदान लाभ प्राप्त करने के लिए ईपीएफओ एकीकृत पोर्टल पर नए कर्मचारियों को पंजीकृत करते हैं।,"ईपीएफओ पंजीकरण, नए कर्मचारी आधार, वेतन विवरण",கோவிட் மீட்புக் காலத்தில் பணியமர்த்தப்பட்ட புதிய ஊழியர்களுக்கு EPF பங்களிப்புகளுக்கு மானியம் வழங்குவதன் மூலம் புதிய வேலைவாய்ப்பை உருவாக்க முதலாளிகளை ஊக்குவிக்கிறது.,"EPFO இல் பதிவுசெய்யப்பட்ட நிறுவனங்கள், 15000 ரூபாய்க்கும் குறைவான மாத ஊதியத்துடன் புதிய ஊழியர்களை பணியமர்த்துகின்றன.","அரசாங்கப் பங்களிப்புப் பலனைத் தானாகப் பெற, EPFO ​​ஒருங்கிணைந்த போர்ட்டலில் புதிய ஊழியர்களைப் பதிவு செய்கிறார்கள்.","EPFO பதிவு, புதிய ஊழியர் ஆதார், சம்பள விவரங்கள்",కోవిడ్ రికవరీ వ్యవధిలో నియమించబడిన కొత్త ఉద్యోగులకు EPF విరాళాలను సబ్సిడీ చేయడం ద్వారా కొత్త ఉపాధిని సృష్టించడానికి యజమానులను ప్రోత్సహిస్తుంది.,EPFOలో రిజిస్టర్ చేయబడిన సంస్థలు రూ. 15000 కంటే తక్కువ నెలవారీ వేతనంతో కొత్త ఉద్యోగులను నియమించుకుంటాయి.,ప్రభుత్వ సహకారం ప్రయోజనాన్ని స్వయంచాలకంగా పొందేందుకు యజమానులు EPFO ​​ఏకీకృత పోర్టల్‌లో కొత్త ఉద్యోగులను నమోదు చేస్తారు.,"EPFO రిజిస్ట్రేషన్, కొత్త ఉద్యోగి ఆధార్, జీతం వివరాలు",কোভিড পুনরুদ্ধারের সময়কালে নিয়োগ করা নতুন কর্মচারীদের জন্য EPF অবদান ভর্তুকি দিয়ে নিয়োগকর্তাদের নতুন কর্মসংস্থান সৃষ্টিতে উৎসাহিত করে।,EPFO-তে নিবন্ধিত প্রতিষ্ঠানগুলি 15000 টাকার নীচে মাসিক মজুরি সহ নতুন কর্মচারী নিয়োগ করছে।,নিয়োগকর্তারা স্বয়ংক্রিয়ভাবে সরকারি অবদানের সুবিধা পেতে EPFO ​​ইউনিফাইড পোর্টালে নতুন কর্মচারীদের নিবন্ধন করেন।,"EPFO নিবন্ধন, নতুন কর্মচারী আধার, বেতনের বিবরণ",COVID पुनर्प्राप्ती कालावधीत नियुक्त केलेल्या नवीन कर्मचाऱ्यांसाठी EPF योगदानावर सबसिडी देऊन नवीन रोजगार निर्माण करण्यासाठी नियोक्त्यांना प्रोत्साहन देते.,EPFO मध्ये नोंदणीकृत आस्थापने 15000 रुपयांपेक्षा कमी मासिक वेतनासह नवीन कर्मचारी नियुक्त करतात.,सरकारी योगदान लाभ आपोआप मिळण्यासाठी नियोक्ते EPFO ​​युनिफाइड पोर्टलवर नवीन कर्मचाऱ्यांची नोंदणी करतात.,"EPFO नोंदणी, नवीन कर्मचारी आधार, वेतन तपशील",કોવિડ પુનઃપ્રાપ્તિ સમયગાળા દરમિયાન નોકરી પર લેવામાં આવેલા નવા કર્મચારીઓ માટે EPF યોગદાન સબસિડી આપીને નોકરીદાતાઓને નવી રોજગારીનું સર્જન કરવા પ્રોત્સાહિત કરે છે.,રૂ. 15000 થી ઓછા માસિક વેતન સાથે નવા કર્મચારીઓની ભરતી માટે EPFO ​​સાથે નોંધાયેલ સંસ્થાઓ.,એમ્પ્લોયરો EPFO ​​યુનિફાઇડ પોર્ટલ પર નવા કર્મચારીઓની નોંધણી કરાવે છે જેથી કરીને સરકારી યોગદાનનો લાભ આપોઆપ મળે.,"EPFO નોંધણી, નવા કર્મચારીનો આધાર, પગારની વિગતો",COVID ಚೇತರಿಕೆಯ ಅವಧಿಯಲ್ಲಿ ನೇಮಕಗೊಂಡ ಹೊಸ ಉದ್ಯೋಗಿಗಳಿಗೆ EPF ಕೊಡುಗೆಗಳನ್ನು ಸಬ್ಸಿಡಿ ಮಾಡುವ ಮೂಲಕ ಹೊಸ ಉದ್ಯೋಗವನ್ನು ಸೃಷ್ಟಿಸಲು ಉದ್ಯೋಗದಾತರನ್ನು ಉತ್ತೇಜಿಸುತ್ತದೆ.,EPFO ನಲ್ಲಿ ನೋಂದಾಯಿಸಲಾದ ಸಂಸ್ಥೆಗಳು ರೂ 15000 ಕ್ಕಿಂತ ಕಡಿಮೆ ಮಾಸಿಕ ವೇತನದೊಂದಿಗೆ ಹೊಸ ಉದ್ಯೋಗಿಗಳನ್ನು ನೇಮಿಸಿಕೊಳ್ಳುತ್ತವೆ.,ಸರ್ಕಾರಿ ಕೊಡುಗೆ ಪ್ರಯೋಜನವನ್ನು ಸ್ವಯಂಚಾಲಿತವಾಗಿ ಪಡೆಯಲು ಉದ್ಯೋಗದಾತರು EPFO ​​ಏಕೀಕೃತ ಪೋರ್ಟಲ್‌ನಲ್ಲಿ ಹೊಸ ಉದ್ಯೋಗಿಗಳನ್ನು ನೋಂದಾಯಿಸುತ್ತಾರೆ.,"EPFO ನೋಂದಣಿ, ಹೊಸ ಉದ್ಯೋಗಿ ಆಧಾರ್, ಸಂಬಳದ ವಿವರಗಳು",കൊവിഡ് വീണ്ടെടുക്കൽ കാലയളവിൽ നിയമിച്ച പുതിയ ജീവനക്കാർക്കുള്ള ഇപിഎഫ് സംഭാവനകൾക്ക് സബ്‌സിഡി നൽകി പുതിയ തൊഴിൽ സൃഷ്ടിക്കാൻ തൊഴിലുടമകളെ പ്രേരിപ്പിക്കുന്നു.,EPFO-യിൽ രജിസ്റ്റർ ചെയ്ത സ്ഥാപനങ്ങൾ 15000 രൂപയിൽ താഴെ പ്രതിമാസ വേതനത്തിൽ പുതിയ ജീവനക്കാരെ നിയമിക്കുന്നു.,സർക്കാർ സംഭാവന ആനുകൂല്യം സ്വയമേവ ലഭിക്കുന്നതിന് തൊഴിലുടമകൾ EPFO ​​ഏകീകൃത പോർട്ടലിൽ പുതിയ ജീവനക്കാരെ രജിസ്റ്റർ ചെയ്യുന്നു.,"ഇപിഎഫ്ഒ രജിസ്ട്രേഷൻ, പുതിയ ജീവനക്കാരുടെ ആധാർ, ശമ്പള വിശദാംശങ്ങൾ"
61,Jan Dhan Yojana,Ministry of Finance,Finance,Provides access to financial services including banking savings deposit accounts remittance credit insurance and pension to excluded sections.,Any Indian citizen above 10 years of age who does not have a bank account.,Visit any bank branch with Aadhaar card to open zero balance account under PM Jan Dhan Yojana.,"Aadhaar card or any officially valid document, passport size photo",https://pmjdy.gov.in,बहिष्कृत वर्गों को बैंकिंग बचत जमा खाते प्रेषण ऋण बीमा और पेंशन सहित वित्तीय सेवाओं तक पहुंच प्रदान करता है।,10 वर्ष से अधिक आयु का कोई भी भारतीय नागरिक जिसके पास बैंक खाता नहीं है।,पीएम जन धन योजना के तहत जीरो बैलेंस खाता खोलने के लिए आधार कार्ड के साथ किसी भी बैंक शाखा में जाएं।,"आधार कार्ड या कोई आधिकारिक रूप से वैध दस्तावेज, पासपोर्ट साइज फोटो",வங்கி சேமிப்பு வைப்பு கணக்குகள் பணம் செலுத்துதல் கடன் காப்பீடு மற்றும் விலக்கப்பட்ட பிரிவுகளுக்கு ஓய்வூதியம் உள்ளிட்ட நிதி சேவைகளுக்கான அணுகலை வழங்குகிறது.,வங்கிக் கணக்கு இல்லாத 10 வயதுக்கு மேற்பட்ட இந்திய குடிமகன்.,பிரதமர் ஜன் தன் யோஜனா திட்டத்தின் கீழ் ஜீரோ பேலன்ஸ் கணக்கைத் தொடங்க ஆதார் அட்டையுடன் எந்த வங்கிக் கிளைக்கும் செல்லவும்.,"ஆதார் அட்டை அல்லது அதிகாரப்பூர்வமாக செல்லுபடியாகும் ஆவணம், பாஸ்போர்ட் அளவு புகைப்படம்",బ్యాంకింగ్ సేవింగ్స్ డిపాజిట్ ఖాతాల చెల్లింపు క్రెడిట్ బీమా మరియు మినహాయించబడిన విభాగాలకు పెన్షన్‌తో సహా ఆర్థిక సేవలకు ప్రాప్యతను అందిస్తుంది.,బ్యాంకు ఖాతా లేని 10 సంవత్సరాల కంటే ఎక్కువ వయస్సు ఉన్న భారతీయ పౌరులు ఎవరైనా.,PM జన్ ధన్ యోజన కింద జీరో బ్యాలెన్స్ ఖాతాను తెరవడానికి ఆధార్ కార్డ్‌తో ఏదైనా బ్యాంక్ బ్రాంచ్‌ని సందర్శించండి.,"ఆధార్ కార్డ్ లేదా ఏదైనా అధికారికంగా చెల్లుబాటు అయ్యే పత్రం, పాస్‌పోర్ట్ సైజు ఫోటో",ব্যাঙ্কিং সেভিংস ডিপোজিট অ্যাকাউন্ট রেমিট্যান্স ক্রেডিট ইন্স্যুরেন্স এবং বাদ দেওয়া অংশগুলিকে পেনশন সহ আর্থিক পরিষেবাগুলিতে অ্যাক্সেস প্রদান করে।,10 বছরের বেশি বয়সী যে কোনও ভারতীয় নাগরিক যার ব্যাঙ্ক অ্যাকাউন্ট নেই।,পিএম জন ধন যোজনার অধীনে জিরো ব্যালেন্স অ্যাকাউন্ট খুলতে আধার কার্ড সহ যে কোনও ব্যাঙ্কের শাখায় যান।,"আধার কার্ড বা কোনো সরকারিভাবে বৈধ নথি, পাসপোর্ট সাইজের ছবি",बँकिंग बचत ठेव खाती प्रेषण क्रेडिट विमा आणि वगळलेल्या विभागांना पेन्शनसह आर्थिक सेवांमध्ये प्रवेश प्रदान करते.,10 वर्षांपेक्षा जास्त वयाचा कोणताही भारतीय नागरिक ज्याचे बँक खाते नाही.,पीएम जन धन योजनेअंतर्गत शून्य शिल्लक खाते उघडण्यासाठी आधार कार्ड असलेल्या कोणत्याही बँकेच्या शाखेला भेट द्या.,"आधार कार्ड किंवा कोणताही अधिकृतपणे वैध कागदपत्र, पासपोर्ट आकाराचा फोटो",બેંકિંગ સેવિંગ્સ ડિપોઝિટ એકાઉન્ટ્સ રેમિટન્સ ક્રેડિટ ઇન્શ્યોરન્સ અને બાકાત કરાયેલા વિભાગોને પેન્શન સહિતની નાણાકીય સેવાઓની ઍક્સેસ પ્રદાન કરે છે.,10 વર્ષથી વધુ ઉંમરનો કોઈપણ ભારતીય નાગરિક જેની પાસે બેંક ખાતું નથી.,પીએમ જન ધન યોજના હેઠળ ઝીરો બેલેન્સ ખાતું ખોલવા માટે આધાર કાર્ડ સાથે કોઈપણ બેંક શાખાની મુલાકાત લો.,"આધાર કાર્ડ અથવા કોઈપણ સત્તાવાર રીતે માન્ય દસ્તાવેજ, પાસપોર્ટ સાઇઝનો ફોટો",ಬ್ಯಾಂಕಿಂಗ್ ಉಳಿತಾಯ ಠೇವಣಿ ಖಾತೆಗಳು ರವಾನೆ ಕ್ರೆಡಿಟ್ ವಿಮೆ ಮತ್ತು ಹೊರತುಪಡಿಸಿದ ವಿಭಾಗಗಳಿಗೆ ಪಿಂಚಣಿ ಸೇರಿದಂತೆ ಹಣಕಾಸು ಸೇವೆಗಳಿಗೆ ಪ್ರವೇಶವನ್ನು ಒದಗಿಸುತ್ತದೆ.,ಬ್ಯಾಂಕ್ ಖಾತೆಯನ್ನು ಹೊಂದಿರದ 10 ವರ್ಷಕ್ಕಿಂತ ಮೇಲ್ಪಟ್ಟ ಯಾವುದೇ ಭಾರತೀಯ ಪ್ರಜೆ.,ಪ್ರಧಾನಮಂತ್ರಿ ಜನ್ ಧನ್ ಯೋಜನೆ ಅಡಿಯಲ್ಲಿ ಶೂನ್ಯ ಬ್ಯಾಲೆನ್ಸ್ ಖಾತೆಯನ್ನು ತೆರೆಯಲು ಆಧಾರ್ ಕಾರ್ಡ್‌ನೊಂದಿಗೆ ಯಾವುದೇ ಬ್ಯಾಂಕ್ ಶಾಖೆಗೆ ಭೇಟಿ ನೀಡಿ.,"ಆಧಾರ್ ಕಾರ್ಡ್ ಅಥವಾ ಅಧಿಕೃತವಾಗಿ ಮಾನ್ಯವಾದ ಯಾವುದೇ ದಾಖಲೆ, ಪಾಸ್‌ಪೋರ್ಟ್ ಗಾತ್ರದ ಫೋಟೋ","ബാങ്കിംഗ് സേവിംഗ്സ് ഡെപ്പോസിറ്റ് അക്കൗണ്ടുകൾ പണമടയ്ക്കൽ ക്രെഡിറ്റ് ഇൻഷുറൻസ്, ഒഴിവാക്കപ്പെട്ട വിഭാഗങ്ങൾക്ക് പെൻഷൻ എന്നിവ ഉൾപ്പെടെയുള്ള സാമ്പത്തിക സേവനങ്ങളിലേക്ക് പ്രവേശനം നൽകുന്നു.",ബാങ്ക് അക്കൗണ്ട് ഇല്ലാത്ത 10 വയസ്സിന് മുകളിലുള്ള ഏതൊരു ഇന്ത്യൻ പൗരനും.,പ്രധാനമന്ത്രി ജൻ ധൻ യോജനയ്ക്ക് കീഴിൽ സീറോ ബാലൻസ് അക്കൗണ്ട് തുറക്കാൻ ആധാർ കാർഡുമായി ഏതെങ്കിലും ബാങ്ക് ശാഖ സന്ദർശിക്കുക.,"ആധാർ കാർഡ് അല്ലെങ്കിൽ ഔദ്യോഗികമായി സാധുതയുള്ള ഏതെങ്കിലും രേഖ, പാസ്‌പോർട്ട് സൈസ് ഫോട്ടോ"
62,PM Jeevan Jyoti Bima Yojana,Ministry of Finance,Finance,Provides life insurance cover of Rs 2 lakh on death due to any cause at a premium of Rs 436 per year to bank account holders.,Bank account holders between 18 and 50 years of age with Aadhaar linked to bank account.,Apply at your bank branch or through internet banking or mobile banking to enroll in the scheme.,"Aadhaar card, bank account details, mobile number",https://www.jansuraksha.gov.in,बैंक खाताधारकों को प्रति वर्ष 436 रुपये के प्रीमियम पर किसी भी कारण से मृत्यु पर 2 लाख रुपये का जीवन बीमा कवर प्रदान करता है।,18 से 50 वर्ष की आयु के बैंक खाताधारक जिनका आधार बैंक खाते से जुड़ा हुआ है।,योजना में नामांकन के लिए अपनी बैंक शाखा में या इंटरनेट बैंकिंग या मोबाइल बैंकिंग के माध्यम से आवेदन करें।,"आधार कार्ड, बैंक खाता विवरण, मोबाइल नंबर",வங்கிக் கணக்கு வைத்திருப்பவர்களுக்கு ஆண்டுக்கு ரூ.436 பிரீமியத்தில் ஏதேனும் காரணத்தால் மரணம் அடைந்தால் ரூ.2 லட்சத்துக்கு ஆயுள் காப்பீடு வழங்குகிறது.,"18 முதல் 50 வயது வரை உள்ள வங்கிக் கணக்கு வைத்திருப்பவர்கள், வங்கிக் கணக்குடன் ஆதார் இணைக்கப்பட்டுள்ளனர்.",திட்டத்தில் சேர உங்கள் வங்கிக் கிளையில் அல்லது இணைய வங்கி அல்லது மொபைல் வங்கி மூலம் விண்ணப்பிக்கவும்.,"ஆதார் அட்டை, வங்கி கணக்கு விவரங்கள், மொபைல் எண்",బ్యాంకు ఖాతాదారులకు సంవత్సరానికి రూ. 436 ప్రీమియంతో ఏదైనా కారణం వల్ల మరణిస్తే రూ. 2 లక్షల జీవిత బీమా రక్షణను అందిస్తుంది.,18 మరియు 50 సంవత్సరాల మధ్య వయస్సు ఉన్న బ్యాంకు ఖాతాదారులు ఆధార్‌తో బ్యాంక్ ఖాతాకు అనుసంధానించబడ్డారు.,పథకంలో నమోదు చేసుకోవడానికి మీ బ్యాంక్ బ్రాంచ్‌లో లేదా ఇంటర్నెట్ బ్యాంకింగ్ లేదా మొబైల్ బ్యాంకింగ్ ద్వారా దరఖాస్తు చేసుకోండి.,"ఆధార్ కార్డు, బ్యాంకు ఖాతా వివరాలు, మొబైల్ నంబర్",ব্যাঙ্ক অ্যাকাউন্ট হোল্ডারদের প্রতি বছর 436 টাকার প্রিমিয়ামে যে কোনও কারণে মৃত্যুর জন্য 2 লক্ষ টাকার জীবন বীমা কভার প্রদান করে।,ব্যাঙ্ক অ্যাকাউন্টের সাথে আধার লিঙ্কযুক্ত ব্যাঙ্ক অ্যাকাউন্টধারীদের বয়স 18 থেকে 50 বছরের মধ্যে।,স্কিমে নথিভুক্ত করতে আপনার ব্যাঙ্ক শাখায় বা ইন্টারনেট ব্যাঙ্কিং বা মোবাইল ব্যাঙ্কিংয়ের মাধ্যমে আবেদন করুন।,"আধার কার্ড, ব্যাঙ্ক অ্যাকাউন্টের বিবরণ, মোবাইল নম্বর",बँक खातेधारकांना प्रति वर्ष 436 रुपयांच्या प्रीमियमवर कोणत्याही कारणामुळे मृत्यू झाल्यास 2 लाख रुपयांचे जीवन विमा संरक्षण प्रदान करते.,18 ते 50 वयोगटातील बँक खातेधारक ज्यांचे बँक खात्याशी आधार लिंक आहे.,योजनेत नावनोंदणी करण्यासाठी तुमच्या बँकेच्या शाखेत किंवा इंटरनेट बँकिंग किंवा मोबाईल बँकिंगद्वारे अर्ज करा.,"आधार कार्ड, बँक खाते तपशील, मोबाईल क्रमांक",બેંક ખાતા ધારકોને દર વર્ષે રૂ. 436ના પ્રીમિયમ પર કોઈપણ કારણસર મૃત્યુ થવા પર રૂ. 2 લાખનું જીવન વીમા કવર પૂરું પાડે છે.,18 થી 50 વર્ષની વચ્ચેના બેંક ખાતા ધારકો આધાર સાથે બેંક ખાતા સાથે જોડાયેલા છે.,યોજનામાં નોંધણી કરવા માટે તમારી બેંક શાખામાં અથવા ઇન્ટરનેટ બેંકિંગ અથવા મોબાઇલ બેંકિંગ દ્વારા અરજી કરો.,"આધાર કાર્ડ, બેંક ખાતાની વિગતો, મોબાઈલ નંબર",ಬ್ಯಾಂಕ್ ಖಾತೆದಾರರಿಗೆ ವರ್ಷಕ್ಕೆ ರೂ 436 ಪ್ರೀಮಿಯಂನಲ್ಲಿ ಯಾವುದೇ ಕಾರಣದಿಂದ ಮರಣಹೊಂದಿದಾಗ ರೂ 2 ಲಕ್ಷದ ಜೀವ ವಿಮಾ ರಕ್ಷಣೆಯನ್ನು ಒದಗಿಸುತ್ತದೆ.,18 ರಿಂದ 50 ವರ್ಷದೊಳಗಿನ ಬ್ಯಾಂಕ್ ಖಾತೆದಾರರು ಬ್ಯಾಂಕ್ ಖಾತೆಗೆ ಆಧಾರ್ ಲಿಂಕ್ ಮಾಡಿರುತ್ತಾರೆ.,ಯೋಜನೆಯಲ್ಲಿ ನೋಂದಾಯಿಸಲು ನಿಮ್ಮ ಬ್ಯಾಂಕ್ ಶಾಖೆಯಲ್ಲಿ ಅಥವಾ ಇಂಟರ್ನೆಟ್ ಬ್ಯಾಂಕಿಂಗ್ ಅಥವಾ ಮೊಬೈಲ್ ಬ್ಯಾಂಕಿಂಗ್ ಮೂಲಕ ಅರ್ಜಿ ಸಲ್ಲಿಸಿ.,"ಆಧಾರ್ ಕಾರ್ಡ್, ಬ್ಯಾಂಕ್ ಖಾತೆ ವಿವರಗಳು, ಮೊಬೈಲ್ ಸಂಖ್ಯೆ",ബാങ്ക് അക്കൗണ്ട് ഉടമകൾക്ക് പ്രതിവർഷം 436 രൂപ പ്രീമിയത്തിൽ ഏതെങ്കിലും കാരണത്താൽ മരണം സംഭവിച്ചാൽ 2 ലക്ഷം രൂപയുടെ ലൈഫ് ഇൻഷുറൻസ് പരിരക്ഷ നൽകുന്നു.,ബാങ്ക് അക്കൗണ്ടുമായി ആധാർ ബന്ധിപ്പിച്ചിട്ടുള്ള 18 നും 50 നും ഇടയിൽ പ്രായമുള്ള ബാങ്ക് അക്കൗണ്ട് ഉടമകൾ.,സ്‌കീമിൽ എൻറോൾ ചെയ്യുന്നതിന് നിങ്ങളുടെ ബാങ്ക് ശാഖയിലോ ഇൻ്റർനെറ്റ് ബാങ്കിംഗ് വഴിയോ മൊബൈൽ ബാങ്കിംഗ് വഴിയോ അപേക്ഷിക്കുക.,"ആധാർ കാർഡ്, ബാങ്ക് അക്കൗണ്ട് വിശദാംശങ്ങൾ, മൊബൈൽ നമ്പർ"
63,Atal Pension Yojana,Ministry of Finance,Finance,Provides guaranteed minimum monthly pension of Rs 1000 to Rs 5000 after age 60 to workers in unorganised sector.,Indian citizens between 18 and 40 years of age with a savings bank account and not an income tax payer.,Apply at your bank branch or post office or through internet banking or mobile app.,"Aadhaar card, bank account, mobile number",https://npscra.nsdl.co.in,असंगठित क्षेत्र के श्रमिकों को 60 वर्ष की आयु के बाद 1000 रुपये से 5000 रुपये की न्यूनतम मासिक पेंशन की गारंटी प्रदान करता है।,18 से 40 वर्ष की आयु के भारतीय नागरिक जिनके पास बचत बैंक खाता है और वे आयकर दाता नहीं हैं।,अपनी बैंक शाखा या डाकघर में या इंटरनेट बैंकिंग या मोबाइल ऐप के माध्यम से आवेदन करें।,"आधार कार्ड, बैंक खाता, मोबाइल नंबर",அமைப்புசாரா துறையில் உள்ள தொழிலாளர்களுக்கு 60 வயதிற்குப் பிறகு குறைந்தபட்ச மாத ஓய்வூதியம் ரூ 1000 முதல் ரூ 5000 வரை உத்தரவாதம் அளிக்கிறது.,18 முதல் 40 வயது வரையிலான இந்தியக் குடிமக்கள் சேமிப்பு வங்கிக் கணக்கு மற்றும் வருமான வரி செலுத்துபவர் அல்ல.,உங்கள் வங்கி கிளை அல்லது தபால் அலுவலகம் அல்லது இணைய வங்கி அல்லது மொபைல் செயலி மூலம் விண்ணப்பிக்கவும்.,"ஆதார் அட்டை, வங்கி கணக்கு, மொபைல் எண்",అసంఘటిత రంగంలోని కార్మికులకు 60 ఏళ్ల తర్వాత రూ. 1000 నుండి రూ. 5000 వరకు హామీ ఇవ్వబడిన నెలవారీ పెన్షన్‌ను అందిస్తుంది.,18 మరియు 40 సంవత్సరాల మధ్య వయస్సు గల భారతీయ పౌరులు సేవింగ్స్ బ్యాంక్ ఖాతా మరియు ఆదాయపు పన్ను చెల్లింపుదారు కాదు.,మీ బ్యాంక్ బ్రాంచ్ లేదా పోస్టాఫీసులో లేదా ఇంటర్నెట్ బ్యాంకింగ్ లేదా మొబైల్ యాప్ ద్వారా దరఖాస్తు చేసుకోండి.,"ఆధార్ కార్డు, బ్యాంకు ఖాతా, మొబైల్ నంబర్",অসংগঠিত ক্ষেত্রের কর্মীদের 60 বছর বয়সের পরে 1000 থেকে 5000 টাকা পর্যন্ত নিশ্চিত ন্যূনতম মাসিক পেনশন প্রদান করে।,ভারতীয় নাগরিকদের বয়স 18 থেকে 40 বছরের মধ্যে একটি সেভিংস ব্যাঙ্ক অ্যাকাউন্ট সহ এবং আয়কর প্রদানকারী নয়৷,আপনার ব্যাঙ্ক শাখা বা পোস্ট অফিসে বা ইন্টারনেট ব্যাঙ্কিং বা মোবাইল অ্যাপের মাধ্যমে আবেদন করুন।,"আধার কার্ড, ব্যাঙ্ক অ্যাকাউন্ট, মোবাইল নম্বর",असंघटित क्षेत्रातील कामगारांना वयाच्या 60 नंतर 1000 ते रु. 5000 पर्यंत किमान मासिक पेन्शन प्रदान करते.,18 ते 40 वयोगटातील भारतीय नागरिक ज्यांचे बचत बँक खाते आहे आणि आयकरदाता नाही.,तुमच्या बँक शाखेत किंवा पोस्ट ऑफिसमध्ये किंवा इंटरनेट बँकिंग किंवा मोबाइल ॲपद्वारे अर्ज करा.,"आधार कार्ड, बँक खाते, मोबाईल नंबर",અસંગઠિત ક્ષેત્રના કામદારોને 60 વર્ષની વય પછી રૂ. 1000 થી રૂ. 5000 સુધીની બાંયધરીકૃત લઘુત્તમ માસિક પેન્શન પ્રદાન કરે છે.,18 થી 40 વર્ષની વય વચ્ચેના ભારતીય નાગરિકો જેમની પાસે બચત બેંક ખાતું છે અને આવકવેરા ચૂકવનાર નથી.,તમારી બેંક શાખા અથવા પોસ્ટ ઓફિસ અથવા ઇન્ટરનેટ બેંકિંગ અથવા મોબાઇલ એપ્લિકેશન દ્વારા અરજી કરો.,"આધાર કાર્ડ, બેંક એકાઉન્ટ, મોબાઈલ નંબર",ಅಸಂಘಟಿತ ವಲಯದ ಕಾರ್ಮಿಕರಿಗೆ 60 ವರ್ಷದ ನಂತರ ಕನಿಷ್ಠ ಮಾಸಿಕ ಪಿಂಚಣಿ 1000 ರಿಂದ 5000 ರೂ.ವರೆಗೆ ಖಾತರಿಪಡಿಸುತ್ತದೆ.,18 ರಿಂದ 40 ವರ್ಷ ವಯಸ್ಸಿನ ಭಾರತೀಯ ನಾಗರಿಕರು ಉಳಿತಾಯ ಬ್ಯಾಂಕ್ ಖಾತೆಯನ್ನು ಹೊಂದಿದ್ದಾರೆ ಮತ್ತು ಆದಾಯ ತೆರಿಗೆ ಪಾವತಿದಾರರಲ್ಲ.,ನಿಮ್ಮ ಬ್ಯಾಂಕ್ ಶಾಖೆ ಅಥವಾ ಅಂಚೆ ಕಚೇರಿಯಲ್ಲಿ ಅಥವಾ ಇಂಟರ್ನೆಟ್ ಬ್ಯಾಂಕಿಂಗ್ ಅಥವಾ ಮೊಬೈಲ್ ಅಪ್ಲಿಕೇಶನ್ ಮೂಲಕ ಅನ್ವಯಿಸಿ.,"ಆಧಾರ್ ಕಾರ್ಡ್, ಬ್ಯಾಂಕ್ ಖಾತೆ, ಮೊಬೈಲ್ ಸಂಖ್ಯೆ",അസംഘടിത മേഖലയിലെ തൊഴിലാളികൾക്ക് 60 വയസ്സിന് ശേഷം 1000 മുതൽ 5000 രൂപ വരെ പ്രതിമാസ പെൻഷൻ ഉറപ്പ് നൽകുന്നു.,18 നും 40 നും ഇടയിൽ പ്രായമുള്ള ഇന്ത്യൻ പൗരന്മാർ ഒരു സേവിംഗ്സ് ബാങ്ക് അക്കൗണ്ടും ആദായനികുതി അടയ്ക്കുന്നവരല്ല.,നിങ്ങളുടെ ബാങ്ക് ശാഖയിലോ പോസ്റ്റ് ഓഫീസിലോ ഇൻ്റർനെറ്റ് ബാങ്കിംഗ് അല്ലെങ്കിൽ മൊബൈൽ ആപ്പ് വഴിയോ അപേക്ഷിക്കുക.,"ആധാർ കാർഡ്, ബാങ്ക് അക്കൗണ്ട്, മൊബൈൽ നമ്പർ"
64,PM Vaya Vandana Yojana,Ministry of Finance,Finance,Provides assured pension income to senior citizens above 60 years at guaranteed rate of return through LIC of India.,Senior citizens above 60 years of age. No upper age limit. Investment limit Rs 15 lakh per senior citizen.,Apply at nearest LIC branch or online at licindia.in with age proof and investment amount.,"Age proof, Aadhaar card, PAN card, bank account details, passport size photo",https://licindia.in,60 वर्ष से अधिक उम्र के वरिष्ठ नागरिकों को भारतीय जीवन बीमा निगम के माध्यम से रिटर्न की गारंटीकृत दर पर सुनिश्चित पेंशन आय प्रदान करता है।,60 वर्ष से अधिक आयु के वरिष्ठ नागरिक। कोई ऊपरी आयु सीमा नहीं. प्रति वरिष्ठ नागरिक निवेश सीमा 15 लाख रुपये।,आयु प्रमाण पत्र और निवेश राशि के साथ निकटतम एलआईसी शाखा में या licindia.in पर ऑनलाइन आवेदन करें।,"आयु प्रमाण पत्र, आधार कार्ड, पैन कार्ड, बैंक खाता विवरण, पासपोर्ट साइज फोटो",60 வயதுக்கு மேற்பட்ட மூத்த குடிமக்களுக்கு உறுதிசெய்யப்பட்ட ஓய்வூதிய வருமானத்தை இந்தியாவின் எல்ஐசி மூலம் உத்தரவாதமான வருவாய் விகிதத்தில் வழங்குகிறது.,60 வயதுக்கு மேற்பட்ட மூத்த குடிமக்கள். உச்ச வயது வரம்பு இல்லை. ஒரு மூத்த குடிமகனுக்கு முதலீட்டு வரம்பு ரூ.15 லட்சம்.,வயதுச் சான்று மற்றும் முதலீட்டுத் தொகையுடன் அருகிலுள்ள எல்ஐசி கிளையில் அல்லது licindia.in என்ற இணையதளத்தில் விண்ணப்பிக்கவும்.,"வயதுச் சான்று, ஆதார் அட்டை, பான் கார்டு, வங்கிக் கணக்கு விவரங்கள், பாஸ்போர்ட் அளவு புகைப்படம்",ఎల్‌ఐసి ఆఫ్ ఇండియా ద్వారా 60 ఏళ్లు పైబడిన సీనియర్ సిటిజన్‌లకు హామీ ఇవ్వబడిన పెన్షన్ ఆదాయాన్ని అందిస్తుంది.,60 ఏళ్లు పైబడిన సీనియర్ సిటిజన్లు. గరిష్ట వయోపరిమితి లేదు. పెట్టుబడి పరిమితి సీనియర్ సిటిజన్‌కు రూ. 15 లక్షలు.,వయస్సు రుజువు మరియు పెట్టుబడి మొత్తంతో సమీపంలోని LIC బ్రాంచ్‌లో లేదా licindia.inలో ఆన్‌లైన్‌లో దరఖాస్తు చేసుకోండి.,"వయస్సు రుజువు, ఆధార్ కార్డ్, పాన్ కార్డ్, బ్యాంక్ ఖాతా వివరాలు, పాస్‌పోర్ట్ సైజ్ ఫోటో",LIC অফ ইন্ডিয়ার মাধ্যমে নিশ্চিত হারে 60 বছরের বেশি বয়সী প্রবীণ নাগরিকদের নিশ্চিত পেনশন আয় প্রদান করে।,60 বছরের বেশি বয়সী প্রবীণ নাগরিক। কোন উচ্চ বয়সের সীমা নেই। প্রবীণ নাগরিক প্রতি বিনিয়োগের সীমা 15 লক্ষ টাকা।,বয়স প্রমাণ এবং বিনিয়োগের পরিমাণ সহ নিকটস্থ LIC শাখায় বা licindia.in-এ অনলাইনে আবেদন করুন।,"বয়স প্রমাণ, আধার কার্ড, প্যান কার্ড, ব্যাঙ্ক অ্যাকাউন্টের বিবরণ, পাসপোর্ট সাইজের ছবি",LIC ऑफ इंडिया मार्फत हमी दराने 60 वर्षांवरील ज्येष्ठ नागरिकांना खात्रीशीर पेन्शन उत्पन्न प्रदान करते.,60 वर्षांवरील ज्येष्ठ नागरिक. उच्च वयोमर्यादा नाही. गुंतवणुकीची मर्यादा प्रति ज्येष्ठ नागरिक रु. 15 लाख.,वयाच्या पुराव्यासह आणि गुंतवणुकीच्या रकमेसह जवळच्या LIC शाखेत किंवा licindia.in वर ऑनलाइन अर्ज करा.,"वयाचा पुरावा, आधार कार्ड, पॅन कार्ड, बँक खात्याचा तपशील, पासपोर्ट आकाराचा फोटो",LIC ઓફ ઇન્ડિયા દ્વારા વળતરના ગેરંટીકૃત દરે 60 વર્ષથી વધુ વયના વરિષ્ઠ નાગરિકોને ખાતરીપૂર્વકની પેન્શન આવક પૂરી પાડે છે.,60 વર્ષથી ઉપરના વરિષ્ઠ નાગરિકો. કોઈ ઉચ્ચ વય મર્યાદા નથી. વરિષ્ઠ નાગરિક દીઠ રોકાણ મર્યાદા રૂ. 15 લાખ.,ઉંમરના પુરાવા અને રોકાણની રકમ સાથે નજીકની LIC શાખામાં અથવા licindia.in પર ઑનલાઇન અરજી કરો.,"ઉંમરનો પુરાવો, આધાર કાર્ડ, પાન કાર્ડ, બેંક ખાતાની વિગતો, પાસપોર્ટ સાઇઝનો ફોટો",ಎಲ್ಐಸಿ ಆಫ್ ಇಂಡಿಯಾ ಮೂಲಕ 60 ವರ್ಷಕ್ಕಿಂತ ಮೇಲ್ಪಟ್ಟ ಹಿರಿಯ ನಾಗರಿಕರಿಗೆ ಖಚಿತವಾದ ಪಿಂಚಣಿ ಆದಾಯವನ್ನು ಖಾತರಿಪಡಿಸಿದ ರಿಟರ್ನ್ ದರದಲ್ಲಿ ಒದಗಿಸುತ್ತದೆ.,60 ವರ್ಷ ಮೇಲ್ಪಟ್ಟ ಹಿರಿಯ ನಾಗರಿಕರು. ಗರಿಷ್ಠ ವಯಸ್ಸಿನ ಮಿತಿಯಿಲ್ಲ. ಹೂಡಿಕೆ ಮಿತಿ ಪ್ರತಿ ಹಿರಿಯ ನಾಗರಿಕರಿಗೆ 15 ಲಕ್ಷ ರೂ.,ವಯಸ್ಸಿನ ಪುರಾವೆ ಮತ್ತು ಹೂಡಿಕೆ ಮೊತ್ತದೊಂದಿಗೆ ಹತ್ತಿರದ LIC ಶಾಖೆಯಲ್ಲಿ ಅಥವಾ licindia.in ನಲ್ಲಿ ಆನ್‌ಲೈನ್‌ನಲ್ಲಿ ಅರ್ಜಿ ಸಲ್ಲಿಸಿ.,"ವಯಸ್ಸಿನ ಪುರಾವೆ, ಆಧಾರ್ ಕಾರ್ಡ್, ಪ್ಯಾನ್ ಕಾರ್ಡ್, ಬ್ಯಾಂಕ್ ಖಾತೆ ವಿವರಗಳು, ಪಾಸ್ಪೋರ್ಟ್ ಗಾತ್ರದ ಫೋಟೋ",60 വയസ്സിന് മുകളിലുള്ള മുതിർന്ന പൗരന്മാർക്ക് ഉറപ്പായ പെൻഷൻ വരുമാനം എൽഐസി ഓഫ് ഇന്ത്യ വഴി ഉറപ്പുനൽകുന്ന റിട്ടേൺ നിരക്കിൽ നൽകുന്നു.,60 വയസ്സിനു മുകളിലുള്ള മുതിർന്ന പൗരന്മാർ. ഉയർന്ന പ്രായപരിധിയില്ല. ഒരു മുതിർന്ന പൗരന് 15 ലക്ഷം രൂപയാണ് നിക്ഷേപ പരിധി.,പ്രായം തെളിയിക്കുന്ന രേഖയും നിക്ഷേപ തുകയും സഹിതം അടുത്തുള്ള എൽഐസി ശാഖയിൽ അല്ലെങ്കിൽ licindia.in എന്ന വെബ്സൈറ്റിൽ ഓൺലൈനായി അപേക്ഷിക്കുക.,"പ്രായ രേഖ, ആധാർ കാർഡ്, പാൻ കാർഡ്, ബാങ്ക് അക്കൗണ്ട് വിശദാംശങ്ങൾ, പാസ്‌പോർട്ട് സൈസ് ഫോട്ടോ"
65,Sukanya Samriddhi Yojana,Ministry of Finance,Finance,Provides high interest savings scheme for girl children to meet expenses of higher education and marriage with tax benefits.,Girl child below 10 years of age. Account opened by parent or legal guardian. One account per girl child maximum two accounts per family.,Open account at nearest post office or authorized bank with girl child birth certificate and guardian Aadhaar.,"Girl child birth certificate, guardian Aadhaar card, guardian PAN card, address proof",https://www.indiapost.gov.in,कर लाभ के साथ लड़कियों की उच्च शिक्षा और शादी के खर्चों को पूरा करने के लिए उच्च ब्याज बचत योजना प्रदान करता है।,"10 वर्ष से कम उम्र की बालिका. माता-पिता या कानूनी अभिभावक द्वारा खोला गया खाता। प्रति बालिका एक खाता, प्रति परिवार अधिकतम दो खाते।",बालिका जन्म प्रमाण पत्र और अभिभावक के आधार के साथ निकटतम डाकघर या अधिकृत बैंक में खाता खोलें।,"बालिका जन्म प्रमाण पत्र, अभिभावक आधार कार्ड, अभिभावक पैन कार्ड, पते का प्रमाण",பெண் குழந்தைகளுக்கு உயர்கல்வி மற்றும் திருமணச் செலவுகளைச் சமாளிக்க வரிச் சலுகைகளுடன் அதிக வட்டி சேமிப்புத் திட்டத்தை வழங்குகிறது.,10 வயதுக்குட்பட்ட பெண் குழந்தை. பெற்றோர் அல்லது சட்டப்பூர்வ பாதுகாவலரால் திறக்கப்பட்ட கணக்கு. ஒரு பெண் குழந்தைக்கு ஒரு கணக்கு அதிகபட்சம் ஒரு குடும்பத்திற்கு இரண்டு கணக்குகள்.,பெண் குழந்தை பிறப்புச் சான்றிதழ் மற்றும் பாதுகாவலர் ஆதாருடன் அருகிலுள்ள தபால் அலுவலகம் அல்லது அங்கீகரிக்கப்பட்ட வங்கியில் கணக்கைத் திறக்கவும்.,"பெண் குழந்தை பிறப்புச் சான்றிதழ், பாதுகாவலர் ஆதார் அட்டை, பாதுகாவலர் பான் அட்டை, முகவரிச் சான்று",పన్ను ప్రయోజనాలతో ఉన్నత విద్య మరియు వివాహ ఖర్చులను తీర్చడానికి ఆడపిల్లలకు అధిక వడ్డీ పొదుపు పథకాన్ని అందిస్తుంది.,"10 సంవత్సరాల లోపు ఆడపిల్ల. తల్లిదండ్రులు లేదా చట్టపరమైన సంరక్షకుల ద్వారా ఖాతా తెరవబడింది. ఒక ఆడపిల్లకు ఒక ఖాతా, ఒక్కో కుటుంబానికి గరిష్టంగా రెండు ఖాతాలు.",బాలికా శిశు జనన ధృవీకరణ పత్రం మరియు సంరక్షకుని ఆధార్‌తో సమీపంలోని పోస్టాఫీసు లేదా అధీకృత బ్యాంకులో ఖాతా తెరవండి.,"ఆడపిల్ల జనన ధృవీకరణ పత్రం, గార్డియన్ ఆధార్ కార్డ్, సంరక్షకుడి పాన్ కార్డ్, చిరునామా రుజువు",কর সুবিধা সহ উচ্চ শিক্ষা এবং বিবাহের ব্যয় মেটাতে মেয়ে শিশুদের জন্য উচ্চ সুদ সঞ্চয় প্রকল্প প্রদান করে।,10 বছরের কম বয়সী মেয়ে শিশু। পিতামাতা বা আইনি অভিভাবক দ্বারা খোলা অ্যাকাউন্ট. একটি মেয়ে শিশু প্রতি পরিবার প্রতি সর্বোচ্চ দুটি অ্যাকাউন্ট।,মেয়ে শিশুর জন্ম শংসাপত্র এবং অভিভাবক আধার সহ নিকটস্থ পোস্ট অফিসে বা অনুমোদিত ব্যাঙ্কে অ্যাকাউন্ট খুলুন।,"মেয়ে শিশুর জন্ম শংসাপত্র, অভিভাবকের আধার কার্ড, অভিভাবকের প্যান কার্ড, ঠিকানার প্রমাণ",मुलींच्या उच्च शिक्षणाचा आणि लग्नाचा खर्च कर सवलतींसह पूर्ण करण्यासाठी उच्च व्याज बचत योजना प्रदान करते.,10 वर्षांपेक्षा कमी वयाची मुलगी. पालक किंवा कायदेशीर पालकाने उघडलेले खाते. प्रत्येक मुलीसाठी एक खाते जास्तीत जास्त दोन खाते.,मुलीचा जन्म प्रमाणपत्र आणि पालक आधारसह जवळच्या पोस्ट ऑफिस किंवा अधिकृत बँकेत खाते उघडा.,"मुलीच्या जन्माचा दाखला, पालक आधार कार्ड, पालक पॅन कार्ड, पत्ता पुरावा",કર લાભો સાથે ઉચ્ચ શિક્ષણ અને લગ્નના ખર્ચને પહોંચી વળવા માટે કન્યા બાળકો માટે ઉચ્ચ વ્યાજ બચત યોજના પ્રદાન કરે છે.,10 વર્ષથી ઓછી ઉંમરની છોકરી. માતાપિતા અથવા કાનૂની વાલી દ્વારા ખોલવામાં આવેલ ખાતું. એક બાળક દીઠ એક ખાતું કુટુંબ દીઠ વધુમાં વધુ બે ખાતા.,બાળકીનું જન્મ પ્રમાણપત્ર અને વાલી આધાર સાથે નજીકની પોસ્ટ ઓફિસ અથવા અધિકૃત બેંકમાં ખાતું ખોલો.,"બાળકીનું જન્મ પ્રમાણપત્ર, વાલીનું આધાર કાર્ડ, વાલીનું પાન કાર્ડ, સરનામાનો પુરાવો",ತೆರಿಗೆ ಪ್ರಯೋಜನಗಳೊಂದಿಗೆ ಉನ್ನತ ಶಿಕ್ಷಣ ಮತ್ತು ಮದುವೆಯ ವೆಚ್ಚಗಳನ್ನು ಪೂರೈಸಲು ಹೆಣ್ಣು ಮಕ್ಕಳಿಗೆ ಹೆಚ್ಚಿನ ಬಡ್ಡಿ ಉಳಿತಾಯ ಯೋಜನೆಯನ್ನು ಒದಗಿಸುತ್ತದೆ.,"10 ವರ್ಷದೊಳಗಿನ ಹೆಣ್ಣು ಮಗು. ಪೋಷಕರು ಅಥವಾ ಕಾನೂನು ಪಾಲಕರಿಂದ ಖಾತೆ ತೆರೆಯಲಾಗಿದೆ. ಒಂದು ಹೆಣ್ಣು ಮಗುವಿಗೆ ಒಂದು ಖಾತೆ, ಪ್ರತಿ ಕುಟುಂಬಕ್ಕೆ ಗರಿಷ್ಠ ಎರಡು ಖಾತೆಗಳು.",ಹೆಣ್ಣು ಮಗುವಿನ ಜನನ ಪ್ರಮಾಣಪತ್ರ ಮತ್ತು ಪೋಷಕರ ಆಧಾರ್‌ನೊಂದಿಗೆ ಹತ್ತಿರದ ಅಂಚೆ ಕಚೇರಿ ಅಥವಾ ಅಧಿಕೃತ ಬ್ಯಾಂಕ್‌ನಲ್ಲಿ ಖಾತೆ ತೆರೆಯಿರಿ.,"ಹೆಣ್ಣು ಮಗುವಿನ ಜನನ ಪ್ರಮಾಣಪತ್ರ, ಪೋಷಕರ ಆಧಾರ್ ಕಾರ್ಡ್, ಪೋಷಕರ ಪ್ಯಾನ್ ಕಾರ್ಡ್, ವಿಳಾಸ ಪುರಾವೆ",നികുതി ആനുകൂല്യങ്ങളോടെ ഉന്നത വിദ്യാഭ്യാസത്തിൻ്റെയും വിവാഹത്തിൻ്റെയും ചെലവുകൾ വഹിക്കുന്നതിന് പെൺകുട്ടികൾക്ക് ഉയർന്ന പലിശ സമ്പാദ്യ പദ്ധതി നൽകുന്നു.,"10 വയസ്സിൽ താഴെയുള്ള പെൺകുട്ടി. അക്കൗണ്ട് തുറക്കുന്നത് രക്ഷിതാവോ നിയമപരമായ രക്ഷിതാവോ ആണ്. ഒരു പെൺകുട്ടിക്ക് ഒരു അക്കൗണ്ട്, ഒരു കുടുംബത്തിന് പരമാവധി രണ്ട് അക്കൗണ്ടുകൾ.",പെൺകുട്ടികളുടെ ജനന സർട്ടിഫിക്കറ്റും രക്ഷാധികാരി ആധാറും സഹിതം അടുത്തുള്ള പോസ്റ്റ് ഓഫീസിലോ അംഗീകൃത ബാങ്കിലോ അക്കൗണ്ട് തുറക്കുക.,"പെൺകുട്ടിയുടെ ജനന സർട്ടിഫിക്കറ്റ്, രക്ഷിതാവ് ആധാർ കാർഡ്, രക്ഷിതാവ് പാൻ കാർഡ്, വിലാസ തെളിവ്"
66,Kisan Vikas Patra,Ministry of Finance,Finance,Provides fixed return savings certificate that doubles the investment in a fixed period available at post offices and banks.,Any Indian citizen above 18 years. Minor accounts can be opened by guardian. No maximum investment limit.,Purchase at nearest post office or designated bank with KYC documents and investment amount.,"Aadhaar card, PAN card for investments above Rs 50000, address proof",https://www.indiapost.gov.in,निश्चित रिटर्न बचत प्रमाणपत्र प्रदान करता है जो डाकघरों और बैंकों में एक निश्चित अवधि में निवेश को दोगुना कर देता है।,18 वर्ष से ऊपर का कोई भी भारतीय नागरिक। माइनर खाते अभिभावक द्वारा खोले जा सकते हैं। कोई अधिकतम निवेश सीमा नहीं.,केवाईसी दस्तावेजों और निवेश राशि के साथ निकटतम डाकघर या नामित बैंक से खरीदारी करें।,"50000 रुपये से अधिक के निवेश के लिए आधार कार्ड, पैन कार्ड, पते का प्रमाण",அஞ்சல் அலுவலகங்கள் மற்றும் வங்கிகளில் கிடைக்கும் குறிப்பிட்ட காலத்தில் முதலீட்டை இரட்டிப்பாக்கும் நிலையான வருமான சேமிப்புச் சான்றிதழை வழங்குகிறது.,18 வயதுக்கு மேற்பட்ட இந்திய குடிமகன். சிறிய கணக்குகளை பாதுகாவலரால் திறக்க முடியும். அதிகபட்ச முதலீட்டு வரம்பு இல்லை.,KYC ஆவணங்கள் மற்றும் முதலீட்டுத் தொகையுடன் அருகிலுள்ள தபால் அலுவலகம் அல்லது நியமிக்கப்பட்ட வங்கியில் வாங்கவும்.,"50000 ரூபாய்க்கு மேல் முதலீடு செய்ய ஆதார் அட்டை, பான் கார்டு, முகவரி சான்று",పోస్టాఫీసులు మరియు బ్యాంకుల వద్ద లభించే నిర్ణీత వ్యవధిలో పెట్టుబడిని రెట్టింపు చేసే ఫిక్స్‌డ్ రిటర్న్ సేవింగ్స్ సర్టిఫికేట్‌ను అందిస్తుంది.,18 ఏళ్లు పైబడిన ఏదైనా భారతీయ పౌరుడు. చిన్న ఖాతాలను సంరక్షకుడు తెరవవచ్చు. గరిష్ట పెట్టుబడి పరిమితి లేదు.,KYC పత్రాలు మరియు పెట్టుబడి మొత్తంతో సమీపంలోని పోస్టాఫీసు లేదా నియమించబడిన బ్యాంక్‌లో కొనుగోలు చేయండి.,"రూ. 50000 కంటే ఎక్కువ పెట్టుబడులకు ఆధార్ కార్డు, పాన్ కార్డు, చిరునామా రుజువు",নির্দিষ্ট রিটার্ন সঞ্চয় শংসাপত্র প্রদান করে যা পোস্ট অফিস এবং ব্যাঙ্কগুলিতে উপলব্ধ একটি নির্দিষ্ট সময়ের মধ্যে বিনিয়োগকে দ্বিগুণ করে।,18 বছরের উপরে যে কোনও ভারতীয় নাগরিক। অভিভাবক দ্বারা ছোট অ্যাকাউন্ট খোলা যাবে। কোন সর্বোচ্চ বিনিয়োগ সীমা নেই।,KYC নথি এবং বিনিয়োগের পরিমাণ সহ নিকটস্থ পোস্ট অফিস বা মনোনীত ব্যাঙ্ক থেকে কিনুন৷,"50000 টাকার উপরে বিনিয়োগের জন্য আধার কার্ড, প্যান কার্ড, ঠিকানা প্রমাণ",पोस्ट ऑफिस आणि बँकांमध्ये उपलब्ध असलेल्या निश्चित कालावधीत गुंतवणूक दुप्पट करणारे निश्चित परतावा बचत प्रमाणपत्र प्रदान करते.,१८ वर्षांवरील कोणताही भारतीय नागरिक. पालकांकडून किरकोळ खाती उघडता येतात. कमाल गुंतवणुकीची मर्यादा नाही.,KYC कागदपत्रे आणि गुंतवणुकीच्या रकमेसह जवळच्या पोस्ट ऑफिस किंवा नियुक्त बँकेतून खरेदी करा.,"५०००० रुपयांपेक्षा जास्त गुंतवणुकीसाठी आधार कार्ड, पॅन कार्ड, पत्ता पुरावा",નિશ્ચિત વળતર બચત પ્રમાણપત્ર પ્રદાન કરે છે જે પોસ્ટ ઓફિસો અને બેંકોમાં ઉપલબ્ધ નિશ્ચિત સમયગાળામાં રોકાણને બમણું કરે છે.,18 વર્ષથી ઉપરનો કોઈપણ ભારતીય નાગરિક. વાલી દ્વારા નાના ખાતા ખોલાવી શકાય છે. કોઈ મહત્તમ રોકાણ મર્યાદા નથી.,KYC દસ્તાવેજો અને રોકાણની રકમ સાથે નજીકની પોસ્ટ ઓફિસ અથવા નિયુક્ત બેંકમાંથી ખરીદી કરો.,"50000 રૂપિયાથી વધુના રોકાણ માટે આધાર કાર્ડ, પાન કાર્ડ, સરનામાનો પુરાવો",ಅಂಚೆ ಕಚೇರಿಗಳು ಮತ್ತು ಬ್ಯಾಂಕ್‌ಗಳಲ್ಲಿ ಲಭ್ಯವಿರುವ ನಿಗದಿತ ಅವಧಿಯಲ್ಲಿ ಹೂಡಿಕೆಯನ್ನು ದ್ವಿಗುಣಗೊಳಿಸುವ ಸ್ಥಿರ ಆದಾಯ ಉಳಿತಾಯ ಪ್ರಮಾಣಪತ್ರವನ್ನು ಒದಗಿಸುತ್ತದೆ.,18 ವರ್ಷ ಮೇಲ್ಪಟ್ಟ ಯಾವುದೇ ಭಾರತೀಯ ಪ್ರಜೆ. ಚಿಕ್ಕ ಖಾತೆಗಳನ್ನು ಪಾಲಕರು ತೆರೆಯಬಹುದು. ಗರಿಷ್ಠ ಹೂಡಿಕೆ ಮಿತಿ ಇಲ್ಲ.,KYC ದಾಖಲೆಗಳು ಮತ್ತು ಹೂಡಿಕೆ ಮೊತ್ತದೊಂದಿಗೆ ಹತ್ತಿರದ ಪೋಸ್ಟ್ ಆಫೀಸ್ ಅಥವಾ ಗೊತ್ತುಪಡಿಸಿದ ಬ್ಯಾಂಕ್‌ನಲ್ಲಿ ಖರೀದಿಸಿ.,"50000 ರೂ.ಗಿಂತ ಹೆಚ್ಚಿನ ಹೂಡಿಕೆಗೆ ಆಧಾರ್ ಕಾರ್ಡ್, ಪ್ಯಾನ್ ಕಾರ್ಡ್, ವಿಳಾಸ ಪುರಾವೆ",പോസ്റ്റ് ഓഫീസുകളിലും ബാങ്കുകളിലും ലഭ്യമായ നിശ്ചിത കാലയളവിൽ നിക്ഷേപം ഇരട്ടിയാക്കുന്ന ഫിക്സഡ് റിട്ടേൺ സേവിംഗ്സ് സർട്ടിഫിക്കറ്റ് നൽകുന്നു.,18 വയസ്സിന് മുകളിലുള്ള ഏതൊരു ഇന്ത്യൻ പൗരനും. ചെറിയ അക്കൗണ്ടുകൾ രക്ഷിതാവിന് തുറക്കാവുന്നതാണ്. പരമാവധി നിക്ഷേപ പരിധിയില്ല.,KYC രേഖകളും നിക്ഷേപ തുകയും സഹിതം അടുത്തുള്ള പോസ്റ്റ് ഓഫീസിലോ നിയുക്ത ബാങ്കിലോ വാങ്ങുക.,"ആധാർ കാർഡ്, 50000 രൂപയ്ക്ക് മുകളിലുള്ള നിക്ഷേപങ്ങൾക്ക് പാൻ കാർഡ്, വിലാസ തെളിവ്"
67,National Savings Certificate,Ministry of Finance,Finance,Provides tax saving fixed income investment with guaranteed returns for 5 years available at post offices across India.,Any Indian citizen above 18 years. Joint accounts allowed. No maximum investment limit.,Purchase at nearest post office with KYC documents and investment amount. Available in denominations of Rs 100 and above.,"Aadhaar card, PAN card for investments above Rs 50000, address proof, passport size photo",https://www.indiapost.gov.in,भारत भर के डाकघरों में 5 वर्षों के लिए गारंटीकृत रिटर्न के साथ कर बचत निश्चित आय निवेश प्रदान करता है।,18 वर्ष से ऊपर का कोई भी भारतीय नागरिक। संयुक्त खाते की अनुमति. कोई अधिकतम निवेश सीमा नहीं.,केवाईसी दस्तावेजों और निवेश राशि के साथ निकटतम डाकघर में खरीदारी करें। 100 रुपये और उससे अधिक मूल्यवर्ग में उपलब्ध है।,"50000 रुपये से अधिक के निवेश के लिए आधार कार्ड, पैन कार्ड, पते का प्रमाण, पासपोर्ट आकार का फोटो",இந்தியா முழுவதும் உள்ள தபால் நிலையங்களில் கிடைக்கும் 5 ஆண்டுகளுக்கு உத்தரவாதமான வருமானத்துடன் கூடிய வரி சேமிப்பு நிலையான வருமான முதலீட்டை வழங்குகிறது.,18 வயதுக்கு மேற்பட்ட இந்திய குடிமகன். கூட்டுக் கணக்குகள் அனுமதிக்கப்படுகின்றன. அதிகபட்ச முதலீட்டு வரம்பு இல்லை.,KYC ஆவணங்கள் மற்றும் முதலீட்டுத் தொகையுடன் அருகிலுள்ள தபால் நிலையத்தில் வாங்கவும். ரூ.100 மற்றும் அதற்கு மேற்பட்ட மதிப்புகளில் கிடைக்கிறது.,"50000 ரூபாய்க்கு மேல் முதலீடு செய்ய ஆதார் அட்டை, பான் கார்டு, முகவரி சான்று, பாஸ்போர்ட் அளவு புகைப்படம்",భారతదేశం అంతటా ఉన్న పోస్టాఫీసులలో 5 సంవత్సరాల పాటు గ్యారెంటీ రాబడితో పన్ను ఆదా స్థిర ఆదాయ పెట్టుబడిని అందిస్తుంది.,18 ఏళ్లు పైబడిన ఏదైనా భారతీయ పౌరుడు. జాయింట్ అకౌంట్లు అనుమతించబడతాయి. గరిష్ట పెట్టుబడి పరిమితి లేదు.,KYC పత్రాలు మరియు పెట్టుబడి మొత్తంతో సమీపంలోని పోస్టాఫీసులో కొనుగోలు చేయండి. రూ. 100 మరియు అంతకంటే ఎక్కువ డినామినేషన్లలో లభిస్తుంది.,"రూ. 50000 పైన పెట్టుబడులకు ఆధార్ కార్డ్, పాన్ కార్డ్, అడ్రస్ ప్రూఫ్, పాస్‌పోర్ట్ సైజ్ ఫోటో",ভারত জুড়ে পোস্ট অফিসে 5 বছরের জন্য গ্যারান্টিযুক্ত রিটার্ন সহ ট্যাক্স সাশ্রয় স্থায়ী আয় বিনিয়োগ প্রদান করে।,18 বছরের উপরে যে কোনও ভারতীয় নাগরিক। যৌথ অ্যাকাউন্ট অনুমোদিত। কোন সর্বোচ্চ বিনিয়োগ সীমা নেই।,KYC নথি এবং বিনিয়োগের পরিমাণ সহ নিকটস্থ পোস্ট অফিসে কিনুন৷ 100 টাকা এবং তার বেশি মূল্যের মূল্যে পাওয়া যায়।,"আধার কার্ড, 50000 টাকার বেশি বিনিয়োগের জন্য প্যান কার্ড, ঠিকানা প্রমাণ, পাসপোর্ট আকারের ছবি",संपूर्ण भारतातील पोस्ट ऑफिसमध्ये 5 वर्षांसाठी हमी परताव्यासह कर बचत निश्चित उत्पन्न गुंतवणूक प्रदान करते.,१८ वर्षांवरील कोणताही भारतीय नागरिक. संयुक्त खात्यांना परवानगी आहे. कमाल गुंतवणुकीची मर्यादा नाही.,केवायसी दस्तऐवज आणि गुंतवणुकीच्या रकमेसह जवळच्या पोस्ट ऑफिसमधून खरेदी करा. 100 रुपये आणि त्यावरील मूल्यांमध्ये उपलब्ध.,"आधार कार्ड, ५०००० रुपयांपेक्षा जास्त गुंतवणुकीसाठी पॅन कार्ड, पत्त्याचा पुरावा, पासपोर्ट आकाराचा फोटो",ભારતભરની પોસ્ટ ઓફિસો પર ઉપલબ્ધ 5 વર્ષ માટે ગેરંટીકૃત વળતર સાથે કર બચત નિશ્ચિત આવક રોકાણ પ્રદાન કરે છે.,18 વર્ષથી ઉપરનો કોઈપણ ભારતીય નાગરિક. સંયુક્ત ખાતાની મંજૂરી. કોઈ મહત્તમ રોકાણ મર્યાદા નથી.,KYC દસ્તાવેજો અને રોકાણની રકમ સાથે નજીકની પોસ્ટ ઓફિસમાંથી ખરીદી કરો. રૂ. 100 અને તેથી વધુના મૂલ્યોમાં ઉપલબ્ધ.,"50000 રૂપિયાથી વધુના રોકાણ માટે આધાર કાર્ડ, પાન કાર્ડ, સરનામાનો પુરાવો, પાસપોર્ટ સાઇઝનો ફોટો",ಭಾರತದಾದ್ಯಂತ ಅಂಚೆ ಕಚೇರಿಗಳಲ್ಲಿ ಲಭ್ಯವಿರುವ 5 ವರ್ಷಗಳವರೆಗೆ ಖಾತರಿಯ ಆದಾಯದೊಂದಿಗೆ ತೆರಿಗೆ ಉಳಿತಾಯ ಸ್ಥಿರ ಆದಾಯದ ಹೂಡಿಕೆಯನ್ನು ಒದಗಿಸುತ್ತದೆ.,18 ವರ್ಷ ಮೇಲ್ಪಟ್ಟ ಯಾವುದೇ ಭಾರತೀಯ ಪ್ರಜೆ. ಜಂಟಿ ಖಾತೆಗಳನ್ನು ಅನುಮತಿಸಲಾಗಿದೆ. ಗರಿಷ್ಠ ಹೂಡಿಕೆ ಮಿತಿ ಇಲ್ಲ.,KYC ದಾಖಲೆಗಳು ಮತ್ತು ಹೂಡಿಕೆ ಮೊತ್ತದೊಂದಿಗೆ ಹತ್ತಿರದ ಅಂಚೆ ಕಚೇರಿಯಲ್ಲಿ ಖರೀದಿಸಿ. ರೂ 100 ಮತ್ತು ಅದಕ್ಕಿಂತ ಹೆಚ್ಚಿನ ಮುಖಬೆಲೆಯಲ್ಲಿ ಲಭ್ಯವಿದೆ.,"50000 ರೂ.ಗಿಂತ ಹೆಚ್ಚಿನ ಹೂಡಿಕೆಗೆ ಆಧಾರ್ ಕಾರ್ಡ್, ಪ್ಯಾನ್ ಕಾರ್ಡ್, ವಿಳಾಸ ಪುರಾವೆ, ಪಾಸ್‌ಪೋರ್ಟ್ ಗಾತ್ರದ ಫೋಟೋ",ഇന്ത്യയിലുടനീളമുള്ള പോസ്റ്റ് ഓഫീസുകളിൽ ലഭ്യമായ 5 വർഷത്തേക്ക് ഗ്യാരണ്ടീഡ് റിട്ടേൺ സഹിതം നികുതി ലാഭിക്കുന്ന സ്ഥിര വരുമാന നിക്ഷേപം നൽകുന്നു.,18 വയസ്സിന് മുകളിലുള്ള ഏതൊരു ഇന്ത്യൻ പൗരനും. ജോയിൻ്റ് അക്കൗണ്ടുകൾ അനുവദിച്ചു. പരമാവധി നിക്ഷേപ പരിധിയില്ല.,KYC രേഖകളും നിക്ഷേപ തുകയും സഹിതം അടുത്തുള്ള പോസ്റ്റ് ഓഫീസിൽ നിന്ന് വാങ്ങുക. 100 രൂപയോ അതിനു മുകളിലോ ഉള്ള മൂല്യങ്ങളിൽ ലഭ്യമാണ്.,"ആധാർ കാർഡ്, 50000 രൂപയ്ക്ക് മുകളിലുള്ള നിക്ഷേപങ്ങൾക്ക് പാൻ കാർഡ്, വിലാസ തെളിവ്, പാസ്‌പോർട്ട് സൈസ് ഫോട്ടോ"
68,PM Jan Dhan Overdraft Facility,Ministry of Finance,Finance,Provides overdraft facility up to Rs 10000 to Jan Dhan account holders for emergency credit needs without any collateral.,Jan Dhan account holders who have operated their account satisfactorily for 6 months. Preference to women account holders.,Apply at your bank branch where Jan Dhan account is maintained with satisfactory account operation proof.,"Jan Dhan account details, Aadhaar card, 6 months account statement",https://pmjdy.gov.in,जनधन खाताधारकों को आपातकालीन ऋण आवश्यकताओं के लिए बिना किसी संपार्श्विक के 10000 रुपये तक की ओवरड्राफ्ट सुविधा प्रदान करता है।,जनधन खाताधारक जिन्होंने 6 महीने तक अपना खाता संतोषजनक ढंग से संचालित किया है। महिला खाताधारकों को प्राथमिकता.,"अपनी बैंक शाखा में जहां जनधन खाता है, संतोषजनक खाता संचालन प्रमाण के साथ आवेदन करें।","जन धन खाता विवरण, आधार कार्ड, 6 महीने का खाता विवरण",ஜன்தன் கணக்கு வைத்திருப்பவர்களுக்கு அவசரக் கடன் தேவைகளுக்காக எந்தவித பிணையமும் இல்லாமல் ரூ.10000 வரை ஓவர் டிராஃப்ட் வசதியை வழங்குகிறது.,6 மாதங்கள் தங்கள் கணக்கை திருப்திகரமாக இயக்கிய ஜன்தன் கணக்கு வைத்திருப்பவர்கள். பெண்கள் கணக்கு வைத்திருப்பவர்களுக்கு முன்னுரிமை.,ஜன்தன் கணக்குப் பராமரிக்கப்படும் உங்கள் வங்கிக் கிளையில் திருப்திகரமான கணக்குச் செயல்பாட்டுச் சான்றுடன் விண்ணப்பிக்கவும்.,"ஜன்தன் கணக்கு விவரங்கள், ஆதார் அட்டை, 6 மாத கணக்கு அறிக்கை",అత్యవసర క్రెడిట్ అవసరాల కోసం జన్ ధన్ ఖాతాదారులకు ఎటువంటి పూచీ లేకుండా రూ. 10000 వరకు ఓవర్‌డ్రాఫ్ట్ సౌకర్యాన్ని అందిస్తుంది.,6 నెలల పాటు తమ ఖాతాను సంతృప్తికరంగా ఆపరేట్ చేసిన జన్ ధన్ ఖాతాదారులు. మహిళా ఖాతాదారులకు ప్రాధాన్యత.,సంతృప్తికరమైన ఖాతా ఆపరేషన్ రుజువుతో జన్ ధన్ ఖాతా నిర్వహించబడుతున్న మీ బ్యాంక్ శాఖలో దరఖాస్తు చేసుకోండి.,"జన్ ధన్ ఖాతా వివరాలు, ఆధార్ కార్డ్, 6 నెలల ఖాతా స్టేట్‌మెంట్",কোনো জামানত ছাড়াই জরুরী ক্রেডিট প্রয়োজনের জন্য জন ধন অ্যাকাউন্ট হোল্ডারদের 10000 টাকা পর্যন্ত ওভারড্রাফ্ট সুবিধা প্রদান করে।,জন ধন অ্যাকাউন্ট হোল্ডার যারা 6 মাস ধরে তাদের অ্যাকাউন্ট সন্তোষজনকভাবে পরিচালনা করেছেন। মহিলা অ্যাকাউন্ট হোল্ডারদের অগ্রাধিকার।,আপনার ব্যাঙ্ক শাখায় আবেদন করুন যেখানে জন ধন অ্যাকাউন্ট সন্তোষজনক অ্যাকাউন্ট অপারেশন প্রমাণের সাথে রক্ষণাবেক্ষণ করা হয়।,"জন ধন অ্যাকাউন্টের বিবরণ, আধার কার্ড, 6 মাসের অ্যাকাউন্ট স্টেটমেন্ট",जन धन खातेधारकांना 10000 रुपयांपर्यंतची ओव्हरड्राफ्ट सुविधा कोणत्याही तारण न घेता आणीबाणीच्या क्रेडिट गरजांसाठी प्रदान करते.,जन धन खातेधारक ज्यांनी आपले खाते 6 महिन्यांपासून समाधानकारकपणे चालवले आहे. महिला खातेदारांना प्राधान्य.,तुमच्या बँकेच्या शाखेत अर्ज करा जिथं जन धन खाते ठेवण्यात आले आहे ते खाते ऑपरेशनच्या समाधानकारक पुराव्यासह.,"जन धन खात्याचे तपशील, आधार कार्ड, 6 महिन्यांचे खाते विवरण",જન ધન ખાતા ધારકોને ઇમરજન્સી ક્રેડિટ જરૂરિયાતો માટે કોઈપણ કોલેટરલ વિના રૂ. 10000 સુધીની ઓવરડ્રાફ્ટ સુવિધા પૂરી પાડે છે.,જન ધન ખાતા ધારકો કે જેમણે 6 મહિનાથી તેમનું ખાતું સંતોષકારક રીતે ચલાવ્યું છે. મહિલા ખાતાધારકોને પ્રાધાન્ય.,તમારી બેંક શાખામાં અરજી કરો જ્યાં જન ધન ખાતું સંતોષકારક એકાઉન્ટ ઓપરેશન પુરાવા સાથે જાળવવામાં આવે છે.,"જન ધન ખાતાની વિગતો, આધાર કાર્ડ, 6 મહિનાનું એકાઉન્ટ સ્ટેટમેન્ટ",ಯಾವುದೇ ಮೇಲಾಧಾರವಿಲ್ಲದೆ ತುರ್ತು ಕ್ರೆಡಿಟ್ ಅಗತ್ಯಗಳಿಗಾಗಿ ಜನ್ ಧನ್ ಖಾತೆದಾರರಿಗೆ ರೂ 10000 ವರೆಗೆ ಓವರ್‌ಡ್ರಾಫ್ಟ್ ಸೌಲಭ್ಯವನ್ನು ಒದಗಿಸುತ್ತದೆ.,6 ತಿಂಗಳ ಕಾಲ ತಮ್ಮ ಖಾತೆಯನ್ನು ತೃಪ್ತಿಕರವಾಗಿ ನಿರ್ವಹಿಸಿದ ಜನ್ ಧನ್ ಖಾತೆದಾರರು. ಮಹಿಳಾ ಖಾತೆದಾರರಿಗೆ ಆದ್ಯತೆ.,ಜನ್ ಧನ್ ಖಾತೆಯನ್ನು ತೃಪ್ತಿದಾಯಕ ಖಾತೆ ಕಾರ್ಯಾಚರಣೆಯ ಪುರಾವೆಯೊಂದಿಗೆ ನಿರ್ವಹಿಸುವ ನಿಮ್ಮ ಬ್ಯಾಂಕ್ ಶಾಖೆಯಲ್ಲಿ ಅನ್ವಯಿಸಿ.,"ಜನ್ ಧನ್ ಖಾತೆ ವಿವರಗಳು, ಆಧಾರ್ ಕಾರ್ಡ್, 6 ತಿಂಗಳ ಖಾತೆ ಹೇಳಿಕೆ",ജൻധൻ അക്കൗണ്ട് ഉടമകൾക്ക് അടിയന്തര ക്രെഡിറ്റ് ആവശ്യങ്ങൾക്കായി യാതൊരു ഈടും കൂടാതെ 10000 രൂപ വരെ ഓവർഡ്രാഫ്റ്റ് സൗകര്യം നൽകുന്നു.,6 മാസമായി അവരുടെ അക്കൗണ്ട് തൃപ്തികരമായി പ്രവർത്തിപ്പിച്ച ജൻധൻ അക്കൗണ്ട് ഉടമകൾ. വനിതാ അക്കൗണ്ട് ഉടമകൾക്ക് മുൻഗണന.,തൃപ്തികരമായ അക്കൗണ്ട് ഓപ്പറേഷൻ പ്രൂഫ് സഹിതം ജൻധൻ അക്കൗണ്ട് പരിപാലിക്കുന്ന നിങ്ങളുടെ ബാങ്ക് ശാഖയിൽ അപേക്ഷിക്കുക.,"ജൻധൻ അക്കൗണ്ട് വിശദാംശങ്ങൾ, ആധാർ കാർഡ്, 6 മാസത്തെ അക്കൗണ്ട് സ്റ്റേറ്റ്മെൻ്റ്"
69,Credit Guarantee Fund Trust for Micro and Small Enterprises,Ministry of MSME,Finance,Provides collateral free credit guarantee for loans to micro and small enterprises enabling them to access formal credit.,Micro and small enterprises seeking loans up to Rs 2 crore from eligible lending institutions.,Apply for business loan at any CGTMSE member lending institution. Guarantee is automatically provided by bank.,"Business registration, Aadhaar card, PAN card, business plan, financial statements",https://www.cgtmse.in,सूक्ष्म और लघु उद्यमों को ऋण के लिए संपार्श्विक मुक्त क्रेडिट गारंटी प्रदान करता है जिससे उन्हें औपचारिक ऋण प्राप्त करने में मदद मिलती है।,सूक्ष्म और लघु उद्यम पात्र ऋण देने वाले संस्थानों से 2 करोड़ रुपये तक का ऋण चाहते हैं।,किसी भी सीजीटीएमएसई सदस्य ऋण देने वाली संस्था में व्यवसाय ऋण के लिए आवेदन करें। गारंटी बैंक द्वारा स्वचालित रूप से प्रदान की जाती है।,"व्यवसाय पंजीकरण, आधार कार्ड, पैन कार्ड, व्यवसाय योजना, वित्तीय विवरण",குறு மற்றும் சிறு நிறுவனங்களுக்கான கடன்களுக்கு இணை இலவச கடன் உத்தரவாதத்தை வழங்குகிறது.,தகுதியுள்ள கடன் வழங்கும் நிறுவனங்களிடம் இருந்து ரூ.2 கோடி வரை கடன் பெறும் குறு மற்றும் சிறு தொழில் நிறுவனங்கள்.,எந்தவொரு CGTMSE உறுப்பினர் கடன் நிறுவனத்திலும் வணிகக் கடனுக்கு விண்ணப்பிக்கவும். வங்கியால் உத்தரவாதம் தானாகவே வழங்கப்படுகிறது.,"வணிகப் பதிவு, ஆதார் அட்டை, பான் அட்டை, வணிகத் திட்டம், நிதிநிலை அறிக்கைகள்",సూక్ష్మ మరియు చిన్న సంస్థలకు రుణాలకు అనుషంగిక ఉచిత క్రెడిట్ గ్యారెంటీని అందిస్తుంది.,అర్హత కలిగిన రుణ సంస్థల నుండి రూ. 2 కోట్ల వరకు రుణాలను కోరుతున్న సూక్ష్మ మరియు చిన్న సంస్థలు.,ఏదైనా CGTMSE మెంబర్ లెండింగ్ ఇన్‌స్టిట్యూషన్‌లో బిజినెస్ లోన్ కోసం అప్లై చేయండి. బ్యాంకు ద్వారా హామీ స్వయంచాలకంగా అందించబడుతుంది.,"వ్యాపార నమోదు, ఆధార్ కార్డ్, పాన్ కార్డ్, వ్యాపార ప్రణాళిక, ఆర్థిక నివేదికలు",ক্ষুদ্র ও ক্ষুদ্র উদ্যোগকে ঋণের জন্য সমান্তরাল বিনামূল্যে ক্রেডিট গ্যারান্টি প্রদান করে যা তাদের আনুষ্ঠানিক ক্রেডিট অ্যাক্সেস করতে সক্ষম করে।,ক্ষুদ্র ও ক্ষুদ্র উদ্যোগ যোগ্য ঋণ প্রদানকারী প্রতিষ্ঠান থেকে 2 কোটি টাকা পর্যন্ত ঋণ চাইছে।,যেকোনো CGTMSE সদস্য ঋণদানকারী প্রতিষ্ঠানে ব্যবসায়িক ঋণের জন্য আবেদন করুন। গ্যারান্টি স্বয়ংক্রিয়ভাবে ব্যাঙ্ক দ্বারা প্রদান করা হয়।,"ব্যবসা নিবন্ধন, আধার কার্ড, প্যান কার্ড, ব্যবসা পরিকল্পনা, আর্থিক বিবৃতি",सूक्ष्म आणि लघु उद्योगांना कर्जासाठी संपार्श्विक मुक्त क्रेडिट हमी प्रदान करते ज्यामुळे त्यांना औपचारिक क्रेडिट ऍक्सेस करता येते.,पात्र कर्ज देणाऱ्या संस्थांकडून 2 कोटी रुपयांपर्यंतचे कर्ज घेणारे सूक्ष्म आणि लघु उद्योग.,कोणत्याही CGTMSE सदस्य कर्ज देणाऱ्या संस्थेत व्यवसाय कर्जासाठी अर्ज करा. बँकेकडून हमी आपोआप दिली जाते.,"व्यवसाय नोंदणी, आधार कार्ड, पॅन कार्ड, व्यवसाय योजना, आर्थिक विवरण",સૂક્ષ્મ અને નાના સાહસોને લોન માટે કોલેટરલ ફ્રી ક્રેડિટ ગેરંટી પૂરી પાડે છે જે તેમને ઔપચારિક ક્રેડિટ મેળવવા માટે સક્ષમ બનાવે છે.,લાયક ધિરાણ સંસ્થાઓ પાસેથી રૂ. 2 કરોડ સુધીની લોન માંગતા સૂક્ષ્મ અને નાના સાહસો.,કોઈપણ CGTMSE સભ્ય ધિરાણ સંસ્થામાં વ્યવસાય લોન માટે અરજી કરો. બેંક દ્વારા આપમેળે ગેરંટી આપવામાં આવે છે.,"વ્યવસાય નોંધણી, આધાર કાર્ડ, પાન કાર્ડ, વ્યવસાય યોજના, નાણાકીય નિવેદનો",ಮೈಕ್ರೋ ಮತ್ತು ಸಣ್ಣ ಉದ್ಯಮಗಳಿಗೆ ಔಪಚಾರಿಕ ಕ್ರೆಡಿಟ್ ಅನ್ನು ಪ್ರವೇಶಿಸಲು ಅನುವು ಮಾಡಿಕೊಡುವ ಸಾಲಗಳಿಗೆ ಮೇಲಾಧಾರ ಉಚಿತ ಕ್ರೆಡಿಟ್ ಗ್ಯಾರಂಟಿಯನ್ನು ಒದಗಿಸುತ್ತದೆ.,ಅರ್ಹ ಸಾಲ ನೀಡುವ ಸಂಸ್ಥೆಗಳಿಂದ 2 ಕೋಟಿ ರೂ.ವರೆಗಿನ ಸಾಲವನ್ನು ಬಯಸುವ ಸೂಕ್ಷ್ಮ ಮತ್ತು ಸಣ್ಣ ಉದ್ಯಮಗಳು.,ಯಾವುದೇ CGTMSE ಸದಸ್ಯ ಸಾಲ ನೀಡುವ ಸಂಸ್ಥೆಯಲ್ಲಿ ವ್ಯಾಪಾರ ಸಾಲಕ್ಕಾಗಿ ಅರ್ಜಿ ಸಲ್ಲಿಸಿ. ಬ್ಯಾಂಕಿನಿಂದ ಸ್ವಯಂಚಾಲಿತವಾಗಿ ಖಾತರಿ ನೀಡಲಾಗುತ್ತದೆ.,"ವ್ಯಾಪಾರ ನೋಂದಣಿ, ಆಧಾರ್ ಕಾರ್ಡ್, ಪ್ಯಾನ್ ಕಾರ್ಡ್, ವ್ಯವಹಾರ ಯೋಜನೆ, ಹಣಕಾಸು ಹೇಳಿಕೆಗಳು",ഔപചാരികമായ ക്രെഡിറ്റ് ആക്സസ് ചെയ്യാൻ അവരെ പ്രാപ്തരാക്കുന്ന സൂക്ഷ്മ ചെറുകിട സംരംഭങ്ങൾക്കുള്ള വായ്പകൾക്ക് കൊളാറ്ററൽ ഫ്രീ ക്രെഡിറ്റ് ഗ്യാരണ്ടി നൽകുന്നു.,യോഗ്യരായ വായ്പാ സ്ഥാപനങ്ങളിൽ നിന്ന് 2 കോടി രൂപ വരെ വായ്പ തേടുന്ന സൂക്ഷ്മ ചെറുകിട സംരംഭങ്ങൾ.,ഏതെങ്കിലും CGTMSE അംഗ വായ്പാ സ്ഥാപനത്തിൽ ബിസിനസ് ലോണിന് അപേക്ഷിക്കുക. ബാങ്ക് സ്വയമേവ ഗ്യാരണ്ടി നൽകുന്നു.,"ബിസിനസ് രജിസ്ട്രേഷൻ, ആധാർ കാർഡ്, പാൻ കാർഡ്, ബിസിനസ് പ്ലാൻ, സാമ്പത്തിക പ്രസ്താവനകൾ"
70,PM Street Vendor AtmaNirbhar Nidhi,Ministry of Housing and Urban Affairs,Finance,Provides collateral free working capital loans to street vendors at subsidized interest rate with incentive for digital transactions.,Street vendors vending in urban areas on or before March 24 2020 with vending certificate from Urban Local Body.,Apply at pmsvanidhi.mohua.gov.in or through bank MFI or MicroFinance with vending certificate and Aadhaar.,"Vending certificate, Aadhaar card, bank account, mobile number",https://pmsvanidhi.mohua.gov.in,डिजिटल लेनदेन के लिए प्रोत्साहन के साथ स्ट्रीट वेंडरों को रियायती ब्याज दर पर संपार्श्विक मुक्त कार्यशील पूंजी ऋण प्रदान करता है।,शहरी स्थानीय निकाय से वेंडिंग प्रमाण पत्र के साथ 24 मार्च 2020 को या उससे पहले शहरी क्षेत्रों में स्ट्रीट वेंडर्स वेंडिंग कर सकते हैं।,वेंडिंग प्रमाणपत्र और आधार के साथ pmsvanidih.mohua.gov.in पर या बैंक एमएफआई या माइक्रोफाइनेंस के माध्यम से आवेदन करें।,"वेंडिंग सर्टिफिकेट, आधार कार्ड, बैंक खाता, मोबाइल नंबर",டிஜிட்டல் பரிவர்த்தனைகளுக்கான ஊக்கத்தொகையுடன் மானிய வட்டி விகிதத்தில் தெரு வியாபாரிகளுக்கு பிணைய இலவச செயல்பாட்டு மூலதனக் கடன்களை வழங்குகிறது.,"மார்ச் 24, 2020 அன்று அல்லது அதற்கு முன் நகர்ப்புறங்களில் விற்பனை செய்யும் தெருவோர வியாபாரிகள், நகர்ப்புற உள்ளாட்சி அமைப்பின் விற்பனைச் சான்றிதழுடன்.",pmsvanidhi.mohua.gov.in அல்லது வங்கி MFI அல்லது மைக்ரோ ஃபைனான்ஸ் மூலம் விற்பனைச் சான்றிதழ் மற்றும் ஆதாருடன் விண்ணப்பிக்கவும்.,"விற்பனைச் சான்றிதழ், ஆதார் அட்டை, வங்கிக் கணக்கு, மொபைல் எண்",వీధి వ్యాపారులకు డిజిటల్ లావాదేవీలకు ప్రోత్సాహంతో సబ్సిడీ వడ్డీ రేటుతో కొలేటరల్ ఫ్రీ వర్కింగ్ క్యాపిటల్ లోన్‌లను అందిస్తుంది.,అర్బన్ లోకల్ బాడీ నుండి వెండింగ్ సర్టిఫికేట్‌తో మార్చి 24 2020 లేదా అంతకు ముందు పట్టణ ప్రాంతాల్లో విక్రయిస్తున్న వీధి వ్యాపారులు.,pmsvanidhi.mohua.gov.inలో లేదా బ్యాంక్ MFI లేదా మైక్రోఫైనాన్స్ ద్వారా వెండింగ్ సర్టిఫికేట్ మరియు ఆధార్‌తో దరఖాస్తు చేసుకోండి.,"వెండింగ్ సర్టిఫికేట్, ఆధార్ కార్డ్, బ్యాంక్ ఖాతా, మొబైల్ నంబర్",ডিজিটাল লেনদেনের জন্য প্রণোদনা সহ ভর্তুকিযুক্ত সুদের হারে রাস্তার বিক্রেতাদের জামানতমুক্ত কার্যকরী মূলধন ঋণ প্রদান করে।,রাস্তার বিক্রেতারা 24 মার্চ 2020 তারিখে বা তার আগে শহুরে লোকাল বডি থেকে ভেন্ডিং সার্টিফিকেট নিয়ে শহুরে এলাকায় বিক্রি করছেন।,pmsvanidhi.mohua.gov.in-এ বা ব্যাঙ্ক MFI বা মাইক্রোফাইনান্সের মাধ্যমে ভেন্ডিং সার্টিফিকেট এবং আধারের মাধ্যমে আবেদন করুন।,"ভেন্ডিং সার্টিফিকেট, আধার কার্ড, ব্যাঙ্ক অ্যাকাউন্ট, মোবাইল নম্বর",रस्त्यावरील विक्रेत्यांना डिजिटल व्यवहारांसाठी प्रोत्साहनासह अनुदानित व्याजदरावर संपार्श्विक मुक्त कार्यरत भांडवल कर्ज प्रदान करते.,24 मार्च 2020 रोजी किंवा त्यापूर्वी शहरी भागात विक्री करणारे रस्त्यावरील विक्रेते शहरी स्थानिक संस्थेच्या विक्री प्रमाणपत्रासह.,pmsvanidhi.mohua.gov.in वर किंवा बँक MFI किंवा मायक्रोफायनान्सद्वारे व्हेंडिंग प्रमाणपत्र आणि आधारसह अर्ज करा.,"वेंडिंग सर्टिफिकेट, आधार कार्ड, बँक खाते, मोबाईल नंबर",ડિજિટલ વ્યવહારો માટે પ્રોત્સાહન સાથે સબસિડીવાળા વ્યાજ દરે શેરી વિક્રેતાઓને કોલેટરલ ફ્રી વર્કિંગ કેપિટલ લોન આપે છે.,24 માર્ચ 2020 ના રોજ અથવા તે પહેલાં શહેરી વિસ્તારોમાં શેરી વિક્રેતાઓ શહેરી સ્થાનિક સંસ્થાના વેન્ડિંગ પ્રમાણપત્ર સાથે.,pmsvanidhi.mohua.gov.in પર અથવા બેંક MFI અથવા માઇક્રોફાઇનાન્સ દ્વારા વેન્ડિંગ પ્રમાણપત્ર અને આધાર સાથે અરજી કરો.,"વેન્ડિંગ સર્ટિફિકેટ, આધાર કાર્ડ, બેંક એકાઉન્ટ, મોબાઈલ નંબર",ಡಿಜಿಟಲ್ ವಹಿವಾಟುಗಳಿಗೆ ಪ್ರೋತ್ಸಾಹದೊಂದಿಗೆ ಸಬ್ಸಿಡಿ ಬಡ್ಡಿದರದಲ್ಲಿ ಬೀದಿ ವ್ಯಾಪಾರಿಗಳಿಗೆ ಮೇಲಾಧಾರ ಉಚಿತ ವರ್ಕಿಂಗ್ ಕ್ಯಾಪಿಟಲ್ ಸಾಲಗಳನ್ನು ಒದಗಿಸುತ್ತದೆ.,ಮಾರ್ಚ್ 24 2020 ರಂದು ಅಥವಾ ಅದಕ್ಕೂ ಮೊದಲು ನಗರ ಪ್ರದೇಶಗಳಲ್ಲಿ ಮಾರಾಟ ಮಾಡುವ ಬೀದಿ ವ್ಯಾಪಾರಿಗಳು ನಗರ ಸ್ಥಳೀಯ ಸಂಸ್ಥೆಯಿಂದ ಮಾರಾಟ ಪ್ರಮಾಣಪತ್ರದೊಂದಿಗೆ.,pmsvanidhi.mohua.gov.in ನಲ್ಲಿ ಅಥವಾ ಬ್ಯಾಂಕ್ MFI ಅಥವಾ ಮೈಕ್ರೋ ಫೈನಾನ್ಸ್ ಮೂಲಕ ವಿತರಣಾ ಪ್ರಮಾಣಪತ್ರ ಮತ್ತು ಆಧಾರ್‌ನೊಂದಿಗೆ ಅರ್ಜಿ ಸಲ್ಲಿಸಿ.,"ವಿತರಣಾ ಪ್ರಮಾಣಪತ್ರ, ಆಧಾರ್ ಕಾರ್ಡ್, ಬ್ಯಾಂಕ್ ಖಾತೆ, ಮೊಬೈಲ್ ಸಂಖ್ಯೆ",ഡിജിറ്റൽ ഇടപാടുകൾക്ക് പ്രോത്സാഹനത്തോടെ സബ്‌സിഡി പലിശ നിരക്കിൽ തെരുവ് കച്ചവടക്കാർക്ക് ഈടില്ലാതെ പ്രവർത്തന മൂലധന വായ്പ നൽകുന്നു.,2020 മാർച്ച് 24-നോ അതിനുമുമ്പോ നഗരപ്രദേശങ്ങളിൽ കച്ചവടം നടത്തുന്ന വഴിയോര കച്ചവടക്കാർ നഗര തദ്ദേശ സ്ഥാപനത്തിൻ്റെ വെൻഡിംഗ് സർട്ടിഫിക്കറ്റ് സഹിതം.,pmsvanidhi.mohua.gov.in എന്ന വിലാസത്തിൽ അല്ലെങ്കിൽ വെൻഡിംഗ് സർട്ടിഫിക്കറ്റും ആധാറും സഹിതം ബാങ്ക് MFI അല്ലെങ്കിൽ മൈക്രോ ഫിനാൻസ് വഴിയോ അപേക്ഷിക്കുക.,"വെൻഡിംഗ് സർട്ടിഫിക്കറ്റ്, ആധാർ കാർഡ്, ബാങ്ക് അക്കൗണ്ട്, മൊബൈൽ നമ്പർ"
71,Pradhan Mantri Laghu Vyapari Maandhan Yojana,Ministry of Labour and Employment,Finance,Provides pension of Rs 3000 per month to small traders shopkeepers and self employed persons after attaining age of 60 years.,Small traders and shopkeepers between 18 to 40 years with annual turnover below Rs 1.5 crore not covered under NPS ESIC or EPFO.,Enroll at nearest Common Service Centre with GST registration or trade license and bank account.,"GST registration or trade license, Aadhaar card, bank account, mobile number",https://maandhan.in,"छोटे व्यापारियों, दुकानदारों और स्व-रोजगार वाले व्यक्तियों को 60 वर्ष की आयु के बाद 3000 रुपये प्रति माह पेंशन प्रदान करती है।","18 से 40 वर्ष के बीच के छोटे व्यापारी और दुकानदार जिनका वार्षिक कारोबार 1.5 करोड़ रुपये से कम है, एनपीएस ईएसआईसी या ईपीएफओ के अंतर्गत नहीं आते हैं।",जीएसटी पंजीकरण या ट्रेड लाइसेंस और बैंक खाते के साथ निकटतम कॉमन सर्विस सेंटर पर नामांकन करें।,"जीएसटी पंजीकरण या ट्रेड लाइसेंस, आधार कार्ड, बैंक खाता, मोबाइल नंबर",சிறு வணிகர்கள் கடைக்காரர்கள் மற்றும் சுயதொழில் செய்பவர்களுக்கு 60 வயதுக்கு மேல் மாதம் ரூ 3000 ஓய்வூதியம் வழங்குகிறது.,18 முதல் 40 வயதுக்குட்பட்ட சிறு வணிகர்கள் மற்றும் கடைக்காரர்கள் ஆண்டு விற்றுமுதல் ரூ. 1.5 கோடிக்குக் குறைவாக உள்ளவர்கள் NPS ESIC அல்லது EPFO ​​இன் கீழ் வரவில்லை.,ஜிஎஸ்டி பதிவு அல்லது வர்த்தக உரிமம் மற்றும் வங்கிக் கணக்குடன் அருகிலுள்ள பொது சேவை மையத்தில் பதிவு செய்யவும்.,"ஜிஎஸ்டி பதிவு அல்லது வர்த்தக உரிமம், ஆதார் அட்டை, வங்கி கணக்கு, மொபைல் எண்",60 ఏళ్లు నిండిన తర్వాత చిన్న వ్యాపారులు దుకాణదారులు మరియు స్వయం ఉపాధి పొందే వ్యక్తులకు నెలకు రూ. 3000 పెన్షన్ అందిస్తుంది.,రూ. 1.5 కోట్ల కంటే తక్కువ వార్షిక టర్నోవర్ ఉన్న 18 నుండి 40 సంవత్సరాల మధ్య ఉన్న చిన్న వ్యాపారులు మరియు దుకాణదారులు NPS ESIC లేదా EPFO ​​కింద కవర్ చేయబడరు.,GST రిజిస్ట్రేషన్ లేదా ట్రేడ్ లైసెన్స్ మరియు బ్యాంక్ ఖాతాతో సమీప కామన్ సర్వీస్ సెంటర్‌లో నమోదు చేసుకోండి.,"GST రిజిస్ట్రేషన్ లేదా ట్రేడ్ లైసెన్స్, ఆధార్ కార్డ్, బ్యాంక్ ఖాతా, మొబైల్ నంబర్",60 বছর বয়স পূর্ণ হওয়ার পরে ছোট ব্যবসায়ী দোকানদার এবং স্ব-নিযুক্ত ব্যক্তিদের প্রতি মাসে 3000 টাকা পেনশন প্রদান করে।,1.5 কোটি টাকার নিচে বার্ষিক টার্নওভার সহ 18 থেকে 40 বছরের মধ্যে ছোট ব্যবসায়ী এবং দোকানদাররা NPS ESIC বা EPFO ​​এর আওতায় নেই।,GST রেজিস্ট্রেশন বা ট্রেড লাইসেন্স এবং ব্যাঙ্ক অ্যাকাউন্ট সহ নিকটস্থ কমন সার্ভিস সেন্টারে নথিভুক্ত করুন।,"GST রেজিস্ট্রেশন বা ট্রেড লাইসেন্স, আধার কার্ড, ব্যাঙ্ক অ্যাকাউন্ট, মোবাইল নম্বর",लहान व्यापारी दुकानदार आणि स्वयंरोजगार असलेल्या व्यक्तींना वयाची ६० वर्षे पूर्ण झाल्यानंतर दरमहा रु. ३००० पेन्शन देते.,1.5 कोटी रुपयांपेक्षा कमी वार्षिक उलाढाल असलेले 18 ते 40 वर्षे वयोगटातील छोटे व्यापारी आणि दुकानदार NPS ESIC किंवा EPFO ​​अंतर्गत समाविष्ट नाहीत.,GST नोंदणी किंवा व्यापार परवाना आणि बँक खात्यासह जवळच्या सामान्य सेवा केंद्रावर नावनोंदणी करा.,"जीएसटी नोंदणी किंवा व्यापार परवाना, आधार कार्ड, बँक खाते, मोबाइल नंबर",નાના વેપારીઓ દુકાનદારો અને સ્વ-રોજગારી વ્યકિતઓને 60 વર્ષની ઉંમર પછી દર મહિને રૂ. 3000 પેન્શન આપે છે.,18 થી 40 વર્ષની વચ્ચેના નાના વેપારીઓ અને દુકાનદારો જેમનું વાર્ષિક ટર્નઓવર રૂ. 1.5 કરોડથી ઓછું હોય તેઓ NPS ESIC અથવા EPFO ​​હેઠળ આવરી લેવામાં આવતા નથી.,GST નોંધણી અથવા ટ્રેડ લાઇસન્સ અને બેંક ખાતા સાથે નજીકના કોમન સર્વિસ સેન્ટર પર નોંધણી કરો.,"GST રજીસ્ટ્રેશન અથવા ટ્રેડ લાયસન્સ, આધાર કાર્ડ, બેંક એકાઉન્ટ, મોબાઈલ નંબર",60 ವರ್ಷ ವಯಸ್ಸಿನ ನಂತರ ಸಣ್ಣ ವ್ಯಾಪಾರಿಗಳು ಮತ್ತು ಸ್ವಯಂ ಉದ್ಯೋಗಿಗಳಿಗೆ ಮಾಸಿಕ 3000 ರೂಪಾಯಿಗಳ ಪಿಂಚಣಿಯನ್ನು ಒದಗಿಸುತ್ತದೆ.,1.5 ಕೋಟಿಗಿಂತ ಕಡಿಮೆ ವಾರ್ಷಿಕ ವಹಿವಾಟು ಹೊಂದಿರುವ 18 ರಿಂದ 40 ವರ್ಷಗಳ ನಡುವಿನ ಸಣ್ಣ ವ್ಯಾಪಾರಿಗಳು ಮತ್ತು ಅಂಗಡಿಯವರು NPS ESIC ಅಥವಾ EPFO ​​ಅಡಿಯಲ್ಲಿ ಒಳಗೊಳ್ಳುವುದಿಲ್ಲ.,GST ನೋಂದಣಿ ಅಥವಾ ವ್ಯಾಪಾರ ಪರವಾನಗಿ ಮತ್ತು ಬ್ಯಾಂಕ್ ಖಾತೆಯೊಂದಿಗೆ ಹತ್ತಿರದ ಸಾಮಾನ್ಯ ಸೇವಾ ಕೇಂದ್ರದಲ್ಲಿ ನೋಂದಾಯಿಸಿ.,"GST ನೋಂದಣಿ ಅಥವಾ ವ್ಯಾಪಾರ ಪರವಾನಗಿ, ಆಧಾರ್ ಕಾರ್ಡ್, ಬ್ಯಾಂಕ್ ಖಾತೆ, ಮೊಬೈಲ್ ಸಂಖ್ಯೆ",ചെറുകിട കച്ചവടക്കാർക്കും സ്വയം തൊഴിൽ ചെയ്യുന്നവർക്കും 60 വയസ്സ് കഴിഞ്ഞാൽ പ്രതിമാസം 3000 രൂപ പെൻഷൻ നൽകുന്നു.,1.5 കോടിയിൽ താഴെ വാർഷിക വിറ്റുവരവുള്ള 18 നും 40 നും ഇടയിൽ പ്രായമുള്ള ചെറുകിട വ്യാപാരികളും കടയുടമകളും NPS ESIC അല്ലെങ്കിൽ EPFO ​​യുടെ പരിധിയിൽ വരുന്നില്ല.,"ജിഎസ്ടി രജിസ്ട്രേഷൻ അല്ലെങ്കിൽ ട്രേഡ് ലൈസൻസ്, ബാങ്ക് അക്കൗണ്ട് എന്നിവ ഉപയോഗിച്ച് അടുത്തുള്ള പൊതു സേവന കേന്ദ്രത്തിൽ എൻറോൾ ചെയ്യുക.","ജിഎസ്ടി രജിസ്ട്രേഷൻ അല്ലെങ്കിൽ ട്രേഡ് ലൈസൻസ്, ആധാർ കാർഡ്, ബാങ്ക് അക്കൗണ്ട്, മൊബൈൽ നമ്പർ"
72,National Pension System,Ministry of Finance,Finance,Provides voluntary long term retirement savings scheme regulated by PFRDA with tax benefits and choice of investment options.,Indian citizens between 18 and 70 years. Available for both government employees and general public.,Open NPS account at nearest Point of Presence bank or online at enps.nsdl.com with KYC documents.,"Aadhaar card, PAN card, bank account, passport size photo, cancelled cheque",https://www.npscra.nsdl.co.in,कर लाभ और निवेश विकल्पों के विकल्प के साथ पीएफआरडीए द्वारा विनियमित स्वैच्छिक दीर्घकालिक सेवानिवृत्ति बचत योजना प्रदान करता है।,18 से 70 वर्ष के बीच के भारतीय नागरिक। सरकारी कर्मचारियों और आम जनता दोनों के लिए उपलब्ध।,केवाईसी दस्तावेजों के साथ निकटतम प्वाइंट ऑफ प्रेजेंस बैंक में या ऑनलाइन enps.nsdl.com पर एनपीएस खाता खोलें।,"आधार कार्ड, पैन कार्ड, बैंक खाता, पासपोर्ट साइज फोटो, कैंसिल चेक",வரிச் சலுகைகள் மற்றும் முதலீட்டு விருப்பங்களைத் தேர்ந்தெடுப்பதன் மூலம் PFRDA ஆல் கட்டுப்படுத்தப்படும் தன்னார்வ நீண்ட கால ஓய்வூதிய சேமிப்புத் திட்டத்தை வழங்குகிறது.,18 முதல் 70 வயது வரை உள்ள இந்திய குடிமக்கள். அரசு ஊழியர்கள் மற்றும் பொதுமக்கள் இருவருக்கும் கிடைக்கும்.,KYC ஆவணங்களுடன் அருகில் உள்ள Point of Presence வங்கியில் NPS கணக்கை அல்லது enps.nsdl.com இல் ஆன்லைனில் திறக்கவும்.,"ஆதார் அட்டை, பான் கார்டு, வங்கி கணக்கு, பாஸ்போர்ட் அளவு புகைப்படம், ரத்து செய்யப்பட்ட காசோலை",పన్ను ప్రయోజనాలు మరియు పెట్టుబడి ఎంపికల ఎంపికతో PFRDAచే నియంత్రించబడే స్వచ్ఛంద దీర్ఘకాలిక పదవీ విరమణ పొదుపు పథకాన్ని అందిస్తుంది.,18 మరియు 70 సంవత్సరాల మధ్య భారతీయ పౌరులు. ప్రభుత్వ ఉద్యోగులు మరియు సాధారణ ప్రజలకు అందుబాటులో ఉంటుంది.,KYC డాక్యుమెంట్‌లతో సమీపంలోని పాయింట్ ఆఫ్ ప్రెజెన్స్ బ్యాంక్‌లో లేదా enps.nsdl.comలో ఆన్‌లైన్‌లో NPS ఖాతాను తెరవండి.,"ఆధార్ కార్డ్, పాన్ కార్డ్, బ్యాంక్ అకౌంట్, పాస్‌పోర్ట్ సైజ్ ఫోటో, రద్దయిన చెక్కు",কর সুবিধা এবং বিনিয়োগের বিকল্পগুলির পছন্দ সহ PFRDA দ্বারা নিয়ন্ত্রিত স্বেচ্ছাসেবী দীর্ঘমেয়াদী অবসর সঞ্চয় প্রকল্প প্রদান করে।,18 থেকে 70 বছরের মধ্যে ভারতীয় নাগরিক। সরকারি কর্মচারী এবং সাধারণ জনগণ উভয়ের জন্যই উপলব্ধ।,KYC ডকুমেন্ট সহ নিকটতম পয়েন্ট অফ প্রেজেন্স ব্যাঙ্কে বা enps.nsdl.com-এ অনলাইনে NPS অ্যাকাউন্ট খুলুন।,"আধার কার্ড, প্যান কার্ড, ব্যাঙ্ক অ্যাকাউন্ট, পাসপোর্ট সাইজের ছবি, বাতিল চেক",PFRDA द्वारे नियमन केलेली ऐच्छिक दीर्घकालीन सेवानिवृत्ती बचत योजना कर लाभ आणि गुंतवणूक पर्यायांच्या निवडीसह प्रदान करते.,18 ते 70 वयोगटातील भारतीय नागरिक. सरकारी कर्मचारी आणि सामान्य लोक दोघांसाठी उपलब्ध.,जवळच्या पॉइंट ऑफ प्रेझेन्स बँकेवर NPS खाते उघडा किंवा केवायसी कागदपत्रांसह enps.nsdl.com वर ऑनलाइन उघडा.,"आधार कार्ड, पॅन कार्ड, बँक खाते, पासपोर्ट आकाराचा फोटो, रद्द केलेला चेक",પીએફઆરડીએ દ્વારા નિયમન કરાયેલ સ્વૈચ્છિક લાંબા ગાળાની નિવૃત્તિ બચત યોજના કર લાભો અને રોકાણ વિકલ્પોની પસંદગી સાથે પ્રદાન કરે છે.,18 થી 70 વર્ષની વચ્ચેના ભારતીય નાગરિકો. સરકારી કર્મચારીઓ અને સામાન્ય જનતા બંને માટે ઉપલબ્ધ.,કેવાયસી દસ્તાવેજો સાથે નજીકના પોઈન્ટ ઓફ પ્રેઝન્સ બેંક પર અથવા enps.nsdl.com પર ઑનલાઇન NPS ખાતું ખોલો.,"આધાર કાર્ડ, પાન કાર્ડ, બેંક એકાઉન્ટ, પાસપોર્ટ સાઈઝ ફોટો, કેન્સલ થયેલ ચેક",ತೆರಿಗೆ ಪ್ರಯೋಜನಗಳು ಮತ್ತು ಹೂಡಿಕೆ ಆಯ್ಕೆಗಳ ಆಯ್ಕೆಯೊಂದಿಗೆ PFRDA ನಿಂದ ನಿಯಂತ್ರಿಸಲ್ಪಡುವ ಸ್ವಯಂಪ್ರೇರಿತ ದೀರ್ಘಾವಧಿಯ ನಿವೃತ್ತಿ ಉಳಿತಾಯ ಯೋಜನೆಯನ್ನು ಒದಗಿಸುತ್ತದೆ.,18 ಮತ್ತು 70 ವರ್ಷಗಳ ನಡುವಿನ ಭಾರತೀಯ ನಾಗರಿಕರು. ಸರ್ಕಾರಿ ನೌಕರರಿಗೆ ಮತ್ತು ಸಾರ್ವಜನಿಕರಿಗೆ ಲಭ್ಯವಿದೆ.,NPS ಖಾತೆಯನ್ನು ಹತ್ತಿರದ ಪಾಯಿಂಟ್ ಆಫ್ ಪ್ರೆಸೆನ್ಸ್ ಬ್ಯಾಂಕ್‌ನಲ್ಲಿ ಅಥವಾ ಆನ್‌ಲೈನ್‌ನಲ್ಲಿ enps.nsdl.com ನಲ್ಲಿ KYC ದಾಖಲೆಗಳೊಂದಿಗೆ ತೆರೆಯಿರಿ.,"ಆಧಾರ್ ಕಾರ್ಡ್, ಪ್ಯಾನ್ ಕಾರ್ಡ್, ಬ್ಯಾಂಕ್ ಖಾತೆ, ಪಾಸ್‌ಪೋರ್ಟ್ ಅಳತೆಯ ಫೋಟೋ, ರದ್ದಾದ ಚೆಕ್",നികുതി ആനുകൂല്യങ്ങളും നിക്ഷേപ ഓപ്ഷനുകളുടെ തിരഞ്ഞെടുപ്പും സഹിതം പിഎഫ്ആർഡിഎ നിയന്ത്രിക്കുന്ന സ്വമേധയായുള്ള ദീർഘകാല റിട്ടയർമെൻ്റ് സേവിംഗ്സ് സ്കീം നൽകുന്നു.,18 നും 70 നും ഇടയിൽ പ്രായമുള്ള ഇന്ത്യൻ പൗരന്മാർ. സർക്കാർ ജീവനക്കാർക്കും പൊതുജനങ്ങൾക്കും ലഭ്യമാണ്.,അടുത്തുള്ള പോയിൻ്റ് ഓഫ് പ്രെസൻസ് ബാങ്കിൽ NPS അക്കൗണ്ട് തുറക്കുക അല്ലെങ്കിൽ KYC ഡോക്യുമെൻ്റുകൾക്കൊപ്പം enps.nsdl.com എന്നതിൽ ഓൺലൈനായി തുറക്കുക.,"ആധാർ കാർഡ്, പാൻ കാർഡ്, ബാങ്ക് അക്കൗണ്ട്, പാസ്‌പോർട്ട് സൈസ് ഫോട്ടോ, റദ്ദാക്കിയ ചെക്ക്"
73,PM Garib Kalyan Yojana,Ministry of Finance,Finance,Provides free food grains cash transfers and insurance cover to poor and vulnerable population during economic hardships.,NFSA beneficiaries with ration card. Prioritised households identified under Antyodaya Anna Yojana and Priority Household categories.,Automatic benefit for NFSA ration card holders. Collect free grains at nearest Fair Price Shop with ration card.,"Ration card, Aadhaar card",https://dfpd.gov.in,आर्थिक कठिनाइयों के दौरान गरीब और कमजोर आबादी को मुफ्त खाद्यान्न नकद हस्तांतरण और बीमा कवर प्रदान करता है।,राशन कार्ड वाले एनएफएसए लाभार्थी। अंत्योदय अन्न योजना और प्राथमिकता घरेलू श्रेणियों के तहत प्राथमिकता वाले परिवारों की पहचान की गई।,एनएफएसए राशन कार्ड धारकों के लिए स्वचालित लाभ। राशन कार्ड के साथ निकटतम उचित मूल्य की दुकान से निःशुल्क अनाज प्राप्त करें।,"राशन कार्ड, आधार कार्ड",பொருளாதார நெருக்கடியின் போது ஏழை மற்றும் பாதிக்கப்படக்கூடிய மக்களுக்கு இலவச உணவு தானியங்கள் பண பரிமாற்றம் மற்றும் காப்பீடு வழங்குகிறது.,ரேஷன் கார்டுடன் NFSA பயனாளிகள். அந்த்யோதயா அன்ன யோஜனா மற்றும் முன்னுரிமை குடும்ப வகைகளின் கீழ் அடையாளம் காணப்பட்ட முன்னுரிமை குடும்பங்கள்.,NFSA ரேஷன் கார்டு வைத்திருப்பவர்களுக்கு தானியங்கி பயன். ரேஷன் கார்டுடன் அருகிலுள்ள நியாய விலைக் கடையில் இலவச தானியங்களை சேகரிக்கவும்.,"ரேஷன் கார்டு, ஆதார் கார்டு",ఆర్థిక కష్టాల సమయంలో పేద మరియు బలహీన ప్రజలకు ఉచిత ఆహార ధాన్యాల నగదు బదిలీలు మరియు బీమా రక్షణను అందిస్తుంది.,రేషన్ కార్డుతో NFSA లబ్ధిదారులు. అంత్యోదయ అన్న యోజన మరియు ప్రాధాన్య గృహాల కేటగిరీల కింద గుర్తించబడిన ప్రాధాన్య గృహాలు.,NFSA రేషన్ కార్డ్ హోల్డర్‌లకు ఆటోమేటిక్ ప్రయోజనం. రేషన్ కార్డుతో సమీపంలోని సరసమైన ధర దుకాణంలో ఉచిత ధాన్యాలు సేకరించండి.,"రేషన్ కార్డు, ఆధార్ కార్డు",অর্থনৈতিক সংকটের সময় দরিদ্র এবং দুর্বল জনগোষ্ঠীকে বিনামূল্যে খাদ্যশস্য নগদ স্থানান্তর এবং বীমা কভার প্রদান করে।,রেশন কার্ড সহ NFSA সুবিধাভোগী। অন্ত্যোদয় অন্ন যোজনা এবং অগ্রাধিকারপ্রাপ্ত পরিবার বিভাগগুলির অধীনে চিহ্নিত পরিবারগুলিকে অগ্রাধিকার দেওয়া হয়েছে৷,NFSA রেশন কার্ডধারীদের জন্য স্বয়ংক্রিয় সুবিধা। রেশন কার্ড সহ নিকটস্থ ন্যায্যমূল্যের দোকানে বিনামূল্যে শস্য সংগ্রহ করুন।,"রেশন কার্ড, আধার কার্ড",आर्थिक अडचणीत गरीब आणि असुरक्षित लोकसंख्येला मोफत अन्नधान्य रोख हस्तांतरण आणि विमा संरक्षण प्रदान करते.,शिधापत्रिका असलेले NFSA लाभार्थी. अंत्योदय अन्न योजना आणि प्राधान्य कुटुंब श्रेणी अंतर्गत ओळखण्यात आलेली प्राधान्यकृत कुटुंबे.,NFSA शिधापत्रिकाधारकांसाठी स्वयंचलित लाभ. रेशनकार्डसह जवळच्या रास्त भाव दुकानातून मोफत धान्य गोळा करा.,"रेशन कार्ड, आधार कार्ड",આર્થિક મુશ્કેલીઓ દરમિયાન ગરીબ અને સંવેદનશીલ વસ્તીને મફત અનાજ રોકડ ટ્રાન્સફર અને વીમા કવચ પ્રદાન કરે છે.,રાશન કાર્ડ સાથે NFSA લાભાર્થીઓ. અંત્યોદય અન્ના યોજના અને અગ્રતા ઘરગથ્થુ શ્રેણીઓ હેઠળ ઓળખવામાં આવેલ પ્રાથમિકતાવાળા પરિવારો.,NFSA રેશનકાર્ડ ધારકો માટે આપોઆપ લાભ. રેશનકાર્ડ સાથે નજીકની વાજબી કિંમતની દુકાન પરથી મફત અનાજ એકત્રિત કરો.,"રેશન કાર્ડ, આધાર કાર્ડ",ಆರ್ಥಿಕ ಸಂಕಷ್ಟದ ಸಮಯದಲ್ಲಿ ಬಡ ಮತ್ತು ದುರ್ಬಲ ಜನರಿಗೆ ಉಚಿತ ಆಹಾರ ಧಾನ್ಯಗಳ ನಗದು ವರ್ಗಾವಣೆ ಮತ್ತು ವಿಮಾ ರಕ್ಷಣೆಯನ್ನು ಒದಗಿಸುತ್ತದೆ.,ಪಡಿತರ ಚೀಟಿ ಹೊಂದಿರುವ NFSA ಫಲಾನುಭವಿಗಳು. ಅಂತ್ಯೋದಯ ಅನ್ನ ಯೋಜನೆ ಮತ್ತು ಆದ್ಯತಾ ಕುಟುಂಬ ವರ್ಗಗಳ ಅಡಿಯಲ್ಲಿ ಗುರುತಿಸಲಾದ ಆದ್ಯತೆಯ ಕುಟುಂಬಗಳು.,NFSA ಪಡಿತರ ಚೀಟಿ ಹೊಂದಿರುವವರಿಗೆ ಸ್ವಯಂಚಾಲಿತ ಪ್ರಯೋಜನ. ಪಡಿತರ ಚೀಟಿಯೊಂದಿಗೆ ಹತ್ತಿರದ ನ್ಯಾಯಬೆಲೆ ಅಂಗಡಿಯಲ್ಲಿ ಉಚಿತ ಧಾನ್ಯಗಳನ್ನು ಸಂಗ್ರಹಿಸಿ.,"ಪಡಿತರ ಚೀಟಿ, ಆಧಾರ್ ಕಾರ್ಡ್",സാമ്പത്തിക ഞെരുക്കങ്ങളിൽ ദരിദ്രരും ദുർബലരുമായ ജനങ്ങൾക്ക് സൗജന്യ ഭക്ഷ്യധാന്യ പണ കൈമാറ്റവും ഇൻഷുറൻസ് പരിരക്ഷയും നൽകുന്നു.,"റേഷൻ കാർഡുള്ള NFSA ഗുണഭോക്താക്കൾ. അന്ത്യോദയ അന്ന യോജന, മുൻഗണനാ കുടുംബ വിഭാഗങ്ങൾ എന്നിവയ്ക്ക് കീഴിൽ മുൻഗണനയുള്ള കുടുംബങ്ങളെ തിരിച്ചറിഞ്ഞു.",NFSA റേഷൻ കാർഡ് ഉടമകൾക്ക് സ്വയമേവയുള്ള ആനുകൂല്യം. റേഷൻ കാർഡ് ഉപയോഗിച്ച് അടുത്തുള്ള ന്യായവില കടയിൽ സൗജന്യ ധാന്യങ്ങൾ ശേഖരിക്കുക.,"റേഷൻ കാർഡ്, ആധാർ കാർഡ്"
74,Aam Aadmi Bima Yojana,Ministry of Finance,Finance,Provides life and disability insurance coverage to rural landless households head of family or earning member.,Rural landless households between 18 and 59 years. Member should be head of family or earning member.,Apply through state nodal agency or LIC branch with age and landless status proof.,"Age proof, BPL certificate or landless proof, Aadhaar card, bank account, passport size photo",https://licindia.in,ग्रामीण भूमिहीन परिवारों के परिवार के मुखिया या कमाने वाले सदस्य को जीवन और विकलांगता बीमा कवरेज प्रदान करता है।,18 से 59 वर्ष के बीच के ग्रामीण भूमिहीन परिवार। सदस्य परिवार का मुखिया या कमाऊ सदस्य होना चाहिए।,आयु और भूमिहीन स्थिति प्रमाण के साथ राज्य नोडल एजेंसी या एलआईसी शाखा के माध्यम से आवेदन करें।,"आयु प्रमाण पत्र, बीपीएल प्रमाण पत्र या भूमिहीन प्रमाण पत्र, आधार कार्ड, बैंक खाता, पासपोर्ट साइज फोटो",கிராமப்புற நிலமற்ற குடும்பங்களின் குடும்பத் தலைவர் அல்லது சம்பாதிக்கும் உறுப்பினருக்கு ஆயுள் மற்றும் ஊனமுற்றோர் காப்பீட்டுத் தொகையை வழங்குகிறது.,18 முதல் 59 வயதுக்குட்பட்ட கிராமப்புற நிலமற்ற குடும்பங்கள். உறுப்பினர் குடும்பத்தின் தலைவராக அல்லது சம்பாதிக்கும் உறுப்பினராக இருக்க வேண்டும்.,வயது மற்றும் நிலமற்ற நிலை சான்றுடன் மாநில நோடல் ஏஜென்சி அல்லது எல்ஐசி கிளை மூலம் விண்ணப்பிக்கவும்.,"வயதுச் சான்று, பிபிஎல் சான்றிதழ் அல்லது நிலமற்ற சான்று, ஆதார் அட்டை, வங்கிக் கணக்கு, பாஸ்போர்ட் அளவு புகைப்படம்",గ్రామీణ భూమి లేని కుటుంబాలకు కుటుంబ పెద్ద లేదా సంపాదించే సభ్యునికి జీవిత మరియు వైకల్య బీమా కవరేజీని అందిస్తుంది.,18 మరియు 59 సంవత్సరాల మధ్య ఉన్న గ్రామీణ భూమి లేని కుటుంబాలు. సభ్యుడు కుటుంబానికి అధిపతి లేదా సంపాదిస్తున్న సభ్యుడు అయి ఉండాలి.,వయస్సు మరియు భూమిలేని స్థితి రుజువుతో రాష్ట్ర నోడల్ ఏజెన్సీ లేదా LIC బ్రాంచ్ ద్వారా దరఖాస్తు చేసుకోండి.,"వయస్సు రుజువు, బిపిఎల్ సర్టిఫికేట్ లేదా భూమి లేని రుజువు, ఆధార్ కార్డ్, బ్యాంక్ ఖాతా, పాస్‌పోర్ట్ సైజ్ ఫోటో",গ্রামীণ ভূমিহীন পরিবারের পরিবারের প্রধান বা উপার্জনকারী সদস্যদের জীবন ও অক্ষমতা বীমা কভারেজ প্রদান করে।,18 থেকে 59 বছরের মধ্যে গ্রামীণ ভূমিহীন পরিবার। সদস্য হতে হবে পরিবারের প্রধান বা উপার্জনকারী সদস্য।,বয়স এবং ভূমিহীন অবস্থা প্রমাণ সহ রাজ্য নোডাল সংস্থা বা এলআইসি শাখার মাধ্যমে আবেদন করুন।,"বয়স প্রমাণ, বিপিএল সার্টিফিকেট বা ভূমিহীন প্রমাণ, আধার কার্ড, ব্যাঙ্ক অ্যাকাউন্ট, পাসপোর্ট সাইজ ছবি",ग्रामीण भूमिहीन कुटुंब प्रमुख किंवा कमावत्या सदस्यांना जीवन आणि अपंगत्व विमा संरक्षण प्रदान करते.,18 ते 59 वयोगटातील ग्रामीण भूमिहीन कुटुंबे. सदस्य कुटुंबाचा प्रमुख किंवा कमावता सदस्य असावा.,वय आणि भूमिहीन स्थितीच्या पुराव्यासह राज्य नोडल एजन्सी किंवा एलआयसी शाखेद्वारे अर्ज करा.,"वयाचा पुरावा, बीपीएल प्रमाणपत्र किंवा भूमिहीन पुरावा, आधार कार्ड, बँक खाते, पासपोर्ट आकाराचा फोटो",ગ્રામીણ ભૂમિહીન પરિવારોના કુટુંબના વડા અથવા કમાતા સભ્યને જીવન અને અપંગતા વીમા કવરેજ પ્રદાન કરે છે.,18 થી 59 વર્ષની વચ્ચેના ગ્રામીણ ભૂમિહીન પરિવારો. સભ્ય કુટુંબના વડા અથવા કમાઉ સભ્ય હોવો જોઈએ.,રાજ્ય નોડલ એજન્સી અથવા એલઆઈસી શાખા દ્વારા વય અને ભૂમિહીન સ્થિતિના પુરાવા સાથે અરજી કરો.,"ઉંમરનો પુરાવો, BPL સર્ટિફિકેટ અથવા જમીન વગરનો પુરાવો, આધાર કાર્ડ, બેંક ખાતું, પાસપોર્ટ સાઇઝનો ફોટો",ಗ್ರಾಮೀಣ ಭೂರಹಿತ ಕುಟುಂಬಗಳ ಕುಟುಂಬದ ಮುಖ್ಯಸ್ಥ ಅಥವಾ ಗಳಿಸುವ ಸದಸ್ಯರಿಗೆ ಜೀವ ಮತ್ತು ಅಂಗವೈಕಲ್ಯ ವಿಮಾ ರಕ್ಷಣೆಯನ್ನು ಒದಗಿಸುತ್ತದೆ.,18 ರಿಂದ 59 ವರ್ಷದೊಳಗಿನ ಗ್ರಾಮೀಣ ಭೂರಹಿತ ಕುಟುಂಬಗಳು. ಸದಸ್ಯರು ಕುಟುಂಬದ ಮುಖ್ಯಸ್ಥರಾಗಿರಬೇಕು ಅಥವಾ ಗಳಿಸುವ ಸದಸ್ಯರಾಗಿರಬೇಕು.,ವಯಸ್ಸು ಮತ್ತು ಭೂರಹಿತ ಸ್ಥಿತಿ ಪುರಾವೆಯೊಂದಿಗೆ ರಾಜ್ಯ ನೋಡಲ್ ಏಜೆನ್ಸಿ ಅಥವಾ LIC ಶಾಖೆಯ ಮೂಲಕ ಅನ್ವಯಿಸಿ.,"ವಯಸ್ಸಿನ ಪುರಾವೆ, ಬಿಪಿಎಲ್ ಪ್ರಮಾಣಪತ್ರ ಅಥವಾ ಭೂರಹಿತ ಪುರಾವೆ, ಆಧಾರ್ ಕಾರ್ಡ್, ಬ್ಯಾಂಕ್ ಖಾತೆ, ಪಾಸ್‌ಪೋರ್ಟ್ ಅಳತೆಯ ಫೋಟೋ","ഗ്രാമീണ ഭൂരഹിത കുടുംബങ്ങളുടെ കുടുംബനാഥനോ വരുമാനമുള്ള അംഗത്തിനോ ലൈഫ്, വൈകല്യ ഇൻഷുറൻസ് പരിരക്ഷ നൽകുന്നു.",18 നും 59 നും ഇടയിൽ പ്രായമുള്ള ഗ്രാമീണ ഭൂരഹിത കുടുംബങ്ങൾ. അംഗം കുടുംബനാഥനോ വരുമാനമുള്ള അംഗമോ ആയിരിക്കണം.,സംസ്ഥാന നോഡൽ ഏജൻസി മുഖേനയോ എൽഐസി ബ്രാഞ്ച് മുഖേനയോ പ്രായവും ഭൂരഹിത സ്റ്റാറ്റസ് പ്രൂഫും സഹിതം അപേക്ഷിക്കുക.,"വയസ്സ് തെളിയിക്കുന്ന രേഖ, ബിപിഎൽ സർട്ടിഫിക്കറ്റ് അല്ലെങ്കിൽ ഭൂരഹിത രേഖ, ആധാർ കാർഡ്, ബാങ്ക് അക്കൗണ്ട്, പാസ്പോർട്ട് സൈസ് ഫോട്ടോ"
75,Pradhan Mantri Vaya Vandana Yojana Senior Citizen Savings,Ministry of Finance,Finance,Provides senior citizens above 60 years a safe investment option with guaranteed quarterly interest income and capital protection.,Senior citizens above 60 years of age. Investment limit up to Rs 30 lakh per individual.,Open account at nearest post office or authorized bank with age proof and investment amount.,"Age proof, Aadhaar card, PAN card, address proof, bank account",https://www.indiapost.gov.in,60 वर्ष से अधिक उम्र के वरिष्ठ नागरिकों को गारंटीशुदा तिमाही ब्याज आय और पूंजी सुरक्षा के साथ एक सुरक्षित निवेश विकल्प प्रदान करता है।,60 वर्ष से अधिक आयु के वरिष्ठ नागरिक। प्रति व्यक्ति निवेश सीमा 30 लाख रुपये तक।,आयु प्रमाण पत्र और निवेश राशि के साथ निकटतम डाकघर या अधिकृत बैंक में खाता खोलें।,"आयु प्रमाण पत्र, आधार कार्ड, पैन कार्ड, पता प्रमाण, बैंक खाता",60 வயதுக்கு மேற்பட்ட மூத்த குடிமக்களுக்கு உத்தரவாதமான காலாண்டு வட்டி வருமானம் மற்றும் மூலதனப் பாதுகாப்புடன் பாதுகாப்பான முதலீட்டு விருப்பத்தை வழங்குகிறது.,60 வயதுக்கு மேற்பட்ட மூத்த குடிமக்கள். ஒரு தனிநபருக்கு ரூ.30 லட்சம் வரை முதலீட்டு வரம்பு.,வயதுச் சான்று மற்றும் முதலீட்டுத் தொகையுடன் அருகிலுள்ள தபால் அலுவலகம் அல்லது அங்கீகரிக்கப்பட்ட வங்கியில் கணக்கைத் திறக்கவும்.,"வயதுச் சான்று, ஆதார் அட்டை, பான் கார்டு, முகவரிச் சான்று, வங்கிக் கணக்கு",60 ఏళ్లు పైబడిన సీనియర్ సిటిజన్‌లకు గ్యారెంటీ త్రైమాసిక వడ్డీ ఆదాయం మరియు మూలధన రక్షణతో సురక్షితమైన పెట్టుబడి ఎంపికను అందిస్తుంది.,60 ఏళ్లు పైబడిన సీనియర్ సిటిజన్లు. ఒక్కో వ్యక్తికి రూ. 30 లక్షల వరకు పెట్టుబడి పరిమితి.,వయస్సు రుజువు మరియు పెట్టుబడి మొత్తంతో సమీపంలోని పోస్టాఫీసు లేదా అధీకృత బ్యాంకులో ఖాతాను తెరవండి.,"వయస్సు రుజువు, ఆధార్ కార్డ్, పాన్ కార్డ్, చిరునామా రుజువు, బ్యాంక్ ఖాతా",60 বছরের বেশি বয়সী প্রবীণ নাগরিকদের নিশ্চিত ত্রৈমাসিক সুদের আয় এবং মূলধন সুরক্ষা সহ একটি নিরাপদ বিনিয়োগের বিকল্প প্রদান করে।,60 বছরের বেশি বয়সী প্রবীণ নাগরিক। ব্যক্তি প্রতি 30 লক্ষ টাকা পর্যন্ত বিনিয়োগের সীমা।,বয়স প্রমাণ এবং বিনিয়োগের পরিমাণ সহ নিকটস্থ পোস্ট অফিস বা অনুমোদিত ব্যাঙ্কে অ্যাকাউন্ট খুলুন।,"বয়স প্রমাণ, আধার কার্ড, প্যান কার্ড, ঠিকানা প্রমাণ, ব্যাঙ্ক অ্যাকাউন্ট",60 वर्षांवरील ज्येष्ठ नागरिकांना हमी त्रैमासिक व्याज उत्पन्न आणि भांडवली संरक्षणासह सुरक्षित गुंतवणूक पर्याय प्रदान करते.,60 वर्षांवरील ज्येष्ठ नागरिक. प्रति व्यक्ती 30 लाख रुपयांपर्यंत गुंतवणूक मर्यादा.,वयाच्या पुराव्यासह आणि गुंतवणुकीच्या रकमेसह जवळच्या पोस्ट ऑफिस किंवा अधिकृत बँकेत खाते उघडा.,"वयाचा पुरावा, आधार कार्ड, पॅन कार्ड, पत्ता पुरावा, बँक खाते",60 વર્ષથી ઉપરના વરિષ્ઠ નાગરિકોને બાંયધરીકૃત ત્રિમાસિક વ્યાજની આવક અને મૂડી સુરક્ષા સાથે સલામત રોકાણ વિકલ્પ પૂરો પાડે છે.,60 વર્ષથી ઉપરના વરિષ્ઠ નાગરિકો. વ્યક્તિ દીઠ રૂ. 30 લાખ સુધીની રોકાણ મર્યાદા.,ઉંમરના પુરાવા અને રોકાણની રકમ સાથે નજીકની પોસ્ટ ઓફિસ અથવા અધિકૃત બેંકમાં ખાતું ખોલો.,"ઉંમરનો પુરાવો, આધાર કાર્ડ, પાન કાર્ડ, સરનામાનો પુરાવો, બેંક ખાતું",60 ವರ್ಷ ಮೇಲ್ಪಟ್ಟ ಹಿರಿಯ ನಾಗರಿಕರಿಗೆ ಖಾತರಿಯ ತ್ರೈಮಾಸಿಕ ಬಡ್ಡಿ ಆದಾಯ ಮತ್ತು ಬಂಡವಾಳ ರಕ್ಷಣೆಯೊಂದಿಗೆ ಸುರಕ್ಷಿತ ಹೂಡಿಕೆಯ ಆಯ್ಕೆಯನ್ನು ಒದಗಿಸುತ್ತದೆ.,60 ವರ್ಷ ಮೇಲ್ಪಟ್ಟ ಹಿರಿಯ ನಾಗರಿಕರು. ಹೂಡಿಕೆ ಮಿತಿ ಪ್ರತಿ ವ್ಯಕ್ತಿಗೆ 30 ಲಕ್ಷ ರೂ.,ವಯಸ್ಸಿನ ಪುರಾವೆ ಮತ್ತು ಹೂಡಿಕೆ ಮೊತ್ತದೊಂದಿಗೆ ಹತ್ತಿರದ ಅಂಚೆ ಕಚೇರಿ ಅಥವಾ ಅಧಿಕೃತ ಬ್ಯಾಂಕ್‌ನಲ್ಲಿ ಖಾತೆ ತೆರೆಯಿರಿ.,"ವಯಸ್ಸಿನ ಪುರಾವೆ, ಆಧಾರ್ ಕಾರ್ಡ್, ಪ್ಯಾನ್ ಕಾರ್ಡ್, ವಿಳಾಸ ಪುರಾವೆ, ಬ್ಯಾಂಕ್ ಖಾತೆ",60 വയസ്സിന് മുകളിലുള്ള മുതിർന്ന പൗരന്മാർക്ക് ഉറപ്പുള്ള ത്രൈമാസ പലിശ വരുമാനവും മൂലധന പരിരക്ഷയും ഉള്ള സുരക്ഷിത നിക്ഷേപ ഓപ്ഷൻ നൽകുന്നു.,60 വയസ്സിനു മുകളിലുള്ള മുതിർന്ന പൗരന്മാർ. ഒരു വ്യക്തിക്ക് 30 ലക്ഷം രൂപ വരെയാണ് നിക്ഷേപ പരിധി.,പ്രായം തെളിയിക്കുന്ന രേഖയും നിക്ഷേപ തുകയും സഹിതം അടുത്തുള്ള പോസ്റ്റ് ഓഫീസിലോ അംഗീകൃത ബാങ്കിലോ അക്കൗണ്ട് തുറക്കുക.,"പ്രായ തെളിവ്, ആധാർ കാർഡ്, പാൻ കാർഡ്, അഡ്രസ് പ്രൂഫ്, ബാങ്ക് അക്കൗണ്ട്"
76,PM Awas Yojana Gramin,Ministry of Rural Development,Housing,Provides financial assistance to rural households to construct pucca houses with basic amenities replacing kutcha and dilapidated houses.,Homeless families and those living in kutcha or dilapidated houses identified in SECC 2011 data in rural areas.,Eligible beneficiaries are identified by Gram Panchayat. Contact Block Development Officer or Gram Panchayat.,"Aadhaar card, bank account, MGNREGA job card, land documents",https://pmayg.nic.in,कच्चे और जीर्ण-शीर्ण घरों के स्थान पर बुनियादी सुविधाओं वाले पक्के घर बनाने के लिए ग्रामीण परिवारों को वित्तीय सहायता प्रदान करता है।,ग्रामीण क्षेत्रों में SECC 2011 के आंकड़ों में बेघर परिवारों और कच्चे या जीर्ण-शीर्ण घरों में रहने वाले लोगों की पहचान की गई है।,पात्र लाभार्थियों की पहचान ग्राम पंचायत द्वारा की जाती है। खंड विकास अधिकारी या ग्राम पंचायत से संपर्क करें।,"आधार कार्ड, बैंक खाता, मनरेगा जॉब कार्ड, भूमि दस्तावेज",குட்சா மற்றும் பாழடைந்த வீடுகளுக்கு பதிலாக அடிப்படை வசதிகளுடன் கூடிய பக்கா வீடுகளை கட்ட கிராமப்புற குடும்பங்களுக்கு நிதி உதவி வழங்குகிறது.,வீடற்ற குடும்பங்கள் மற்றும் குட்சா அல்லது பாழடைந்த வீடுகளில் வசிப்பவர்கள் கிராமப்புறங்களில் SECC 2011 தரவுகளில் அடையாளம் காணப்பட்டுள்ளனர்.,தகுதியான பயனாளிகள் கிராம பஞ்சாயத்தால் அடையாளம் காணப்படுகிறார்கள். தொகுதி வளர்ச்சி அலுவலர் அல்லது கிராம பஞ்சாயத்தை தொடர்பு கொள்ளவும்.,"ஆதார் அட்டை, வங்கி கணக்கு, MGNREGA வேலை அட்டை, நில ஆவணங்கள்",కచ్చా మరియు శిథిలావస్థలో ఉన్న ఇళ్ల స్థానంలో ప్రాథమిక సౌకర్యాలతో పక్కా గృహాలను నిర్మించేందుకు గ్రామీణ కుటుంబాలకు ఆర్థిక సహాయం అందిస్తుంది.,నిరాశ్రయులైన కుటుంబాలు మరియు గ్రామీణ ప్రాంతాల్లోని SECC 2011 డేటాలో గుర్తించబడిన కచ్చా లేదా శిథిలమైన ఇళ్లలో నివసిస్తున్నవారు.,అర్హులైన లబ్ధిదారులను గ్రామపంచాయతీ ద్వారా గుర్తిస్తారు. బ్లాక్ డెవలప్‌మెంట్ ఆఫీసర్ లేదా గ్రామ పంచాయతీని సంప్రదించండి.,"ఆధార్ కార్డ్, బ్యాంక్ ఖాతా, MGNREGA జాబ్ కార్డ్, భూమి పత్రాలు",কচ্ছা এবং জরাজীর্ণ বাড়ির পরিবর্তে মৌলিক সুবিধা সহ পাকা ঘর নির্মাণের জন্য গ্রামীণ পরিবারগুলিকে আর্থিক সহায়তা প্রদান করে।,গৃহহীন পরিবার এবং গ্রামীণ এলাকায় SECC 2011 ডেটাতে চিহ্নিত কচ্ছা বা জরাজীর্ণ বাড়িতে বসবাসকারী।,যোগ্য সুবিধাভোগী গ্রাম পঞ্চায়েত দ্বারা চিহ্নিত করা হয়। ব্লক ডেভেলপমেন্ট অফিসার বা গ্রাম পঞ্চায়েতের সাথে যোগাযোগ করুন।,"আধার কার্ড, ব্যাঙ্ক অ্যাকাউন্ট, MGNREGA জব কার্ড, জমির নথি",कच्चा आणि मोडकळीस आलेल्या घरांच्या जागी मूलभूत सुविधांसह पक्की घरे बांधण्यासाठी ग्रामीण कुटुंबांना आर्थिक मदत करते.,बेघर कुटुंबे आणि ग्रामीण भागात SECC 2011 डेटामध्ये ओळखल्या गेलेल्या कच्छ किंवा जीर्ण घरांमध्ये राहणारे.,पात्र लाभार्थी ग्रामपंचायतीद्वारे ओळखले जातात. गट विकास अधिकारी किंवा ग्रामपंचायत यांच्याशी संपर्क साधा.,"आधार कार्ड, बँक खाते, मनरेगा जॉब कार्ड, जमिनीची कागदपत्रे",કચ્છી અને જર્જરિત મકાનોને બદલે પાયાની સુવિધાઓ સાથે પાકાં મકાનો બાંધવા માટે ગ્રામીણ પરિવારોને નાણાકીય સહાય પૂરી પાડે છે.,બેઘર પરિવારો અને ગ્રામીણ વિસ્તારોમાં SECC 2011 ડેટામાં ઓળખાયેલ કચ્છ અથવા જર્જરિત મકાનોમાં રહેતા લોકો.,ગ્રામ પંચાયત દ્વારા લાયક લાભાર્થીઓને ઓળખવામાં આવે છે. બ્લોક ડેવલપમેન્ટ ઓફિસર અથવા ગ્રામ પંચાયતનો સંપર્ક કરો.,"આધાર કાર્ડ, બેંક ખાતું, મનરેગા જોબ કાર્ડ, જમીનના દસ્તાવેજો",ಕಚ್ಚೆ ಮತ್ತು ಪಾಳುಬಿದ್ದ ಮನೆಗಳ ಬದಲಿಗೆ ಮೂಲಭೂತ ಸೌಕರ್ಯಗಳೊಂದಿಗೆ ಪಕ್ಕಾ ಮನೆಗಳನ್ನು ನಿರ್ಮಿಸಲು ಗ್ರಾಮೀಣ ಕುಟುಂಬಗಳಿಗೆ ಆರ್ಥಿಕ ನೆರವು ನೀಡುತ್ತದೆ.,ಮನೆಯಿಲ್ಲದ ಕುಟುಂಬಗಳು ಮತ್ತು ಗ್ರಾಮೀಣ ಪ್ರದೇಶಗಳಲ್ಲಿ SECC 2011 ಡೇಟಾದಲ್ಲಿ ಗುರುತಿಸಲಾದ ಕಚ್ಚ ಅಥವಾ ಶಿಥಿಲವಾದ ಮನೆಗಳಲ್ಲಿ ವಾಸಿಸುವವರು.,ಅರ್ಹ ಫಲಾನುಭವಿಗಳನ್ನು ಗ್ರಾಮ ಪಂಚಾಯಿತಿ ಗುರುತಿಸುತ್ತದೆ. ಬ್ಲಾಕ್ ಅಭಿವೃದ್ಧಿ ಅಧಿಕಾರಿ ಅಥವಾ ಗ್ರಾಮ ಪಂಚಾಯಿತಿಯನ್ನು ಸಂಪರ್ಕಿಸಿ.,"ಆಧಾರ್ ಕಾರ್ಡ್, ಬ್ಯಾಂಕ್ ಖಾತೆ, MGNREGA ಜಾಬ್ ಕಾರ್ಡ್, ಭೂಮಿ ದಾಖಲೆಗಳು",കച്ചയും ജീർണിച്ച വീടും മാറ്റി അടിസ്ഥാന സൗകര്യങ്ങളോടെയുള്ള പക്കാ വീടുകൾ നിർമ്മിക്കുന്നതിന് ഗ്രാമീണ കുടുംബങ്ങൾക്ക് സാമ്പത്തിക സഹായം നൽകുന്നു.,ഭവനരഹിതരായ കുടുംബങ്ങളും കച്ചയിലോ ജീർണിച്ച വീടുകളിലോ താമസിക്കുന്നവരും ഗ്രാമപ്രദേശങ്ങളിലെ SECC 2011 ഡാറ്റയിൽ കണ്ടെത്തി.,അർഹരായ ഗുണഭോക്താക്കളെ ഗ്രാമപഞ്ചായത്ത് കണ്ടെത്തി. ബ്ലോക്ക് ഡെവലപ്‌മെൻ്റ് ഓഫീസറുമായോ ഗ്രാമപഞ്ചായത്തുമായോ ബന്ധപ്പെടുക.,"ആധാർ കാർഡ്, ബാങ്ക് അക്കൗണ്ട്, MGNREGA ജോബ് കാർഡ്, ഭൂമി രേഖകൾ"
77,PM Awas Yojana Urban,Ministry of Housing and Urban Affairs,Housing,Provides affordable housing to urban poor including slum dwellers through credit linked subsidy affordable housing in partnership and beneficiary led construction.,Urban households with annual income up to Rs 18 lakh who do not own a pucca house anywhere in India.,Apply online at pmaymis.gov.in or visit nearest Common Service Centre or Urban Local Body office.,"Aadhaar card, income proof, bank account, property documents, affidavit of not owning house",https://pmaymis.gov.in,साझेदारी और लाभार्थी के नेतृत्व वाले निर्माण में क्रेडिट लिंक्ड सब्सिडी किफायती आवास के माध्यम से झुग्गीवासियों सहित शहरी गरीबों को किफायती आवास प्रदान करता है।,18 लाख रुपये तक की वार्षिक आय वाले शहरी परिवार जिनके पास भारत में कहीं भी पक्का मकान नहीं है।,pmaymis.gov.in पर ऑनलाइन आवेदन करें या निकटतम कॉमन सर्विस सेंटर या शहरी स्थानीय निकाय कार्यालय पर जाएं।,"आधार कार्ड, आय प्रमाण, बैंक खाता, संपत्ति के दस्तावेज, घर न होने का शपथ पत्र",குடிசைவாசிகள் உட்பட நகர்ப்புற ஏழைகளுக்கு மலிவு விலையில் வீடுகளை கடன் இணைக்கப்பட்ட மானியம் மூலம் கூட்டாண்மை மற்றும் பயனாளிகள் தலைமையிலான கட்டுமானம் மூலம் வழங்குகிறது.,"இந்தியாவில் எங்கும் சொந்தமாக ஒரு பக்கா வீடு இல்லாத, 18 லட்சம் ரூபாய் வரை ஆண்டு வருமானம் உள்ள நகர்ப்புற குடும்பங்கள்.",pmaymis.gov.in இல் ஆன்லைனில் விண்ணப்பிக்கவும் அல்லது அருகிலுள்ள பொது சேவை மையம் அல்லது நகர்ப்புற உள்ளாட்சி அலுவலகத்திற்குச் செல்லவும்.,"ஆதார் அட்டை, வருமானச் சான்று, வங்கிக் கணக்கு, சொத்து ஆவணங்கள், சொந்த வீடு இல்லை என்பதற்கான உறுதிமொழி",భాగస్వామ్య మరియు లబ్ధిదారుల నేతృత్వంలోని నిర్మాణంలో క్రెడిట్ లింక్డ్ సబ్సిడీ సరసమైన గృహాల ద్వారా మురికివాడల నివాసులతో సహా పట్టణ పేదలకు సరసమైన గృహాలను అందిస్తుంది.,భారతదేశంలో ఎక్కడా పక్కా ఇల్లు లేని రూ.18 లక్షల వరకు వార్షిక ఆదాయం కలిగిన పట్టణ కుటుంబాలు.,pmaymis.gov.inలో ఆన్‌లైన్‌లో దరఖాస్తు చేసుకోండి లేదా సమీపంలోని సాధారణ సేవా కేంద్రం లేదా పట్టణ స్థానిక సంస్థ కార్యాలయాన్ని సందర్శించండి.,"ఆధార్ కార్డు, ఆదాయ రుజువు, బ్యాంకు ఖాతా, ఆస్తి పత్రాలు, సొంత ఇల్లు లేదని అఫిడవిట్",অংশীদারিত্ব এবং সুবিধাভোগী নেতৃত্বাধীন নির্মাণে ক্রেডিট লিঙ্ক ভর্তুকি সাশ্রয়ী মূল্যের আবাসনের মাধ্যমে বস্তিবাসী সহ শহুরে দরিদ্রদের সাশ্রয়ী মূল্যের আবাসন প্রদান করে।,18 লক্ষ টাকা পর্যন্ত বার্ষিক আয় সহ শহুরে পরিবার যারা ভারতের কোথাও পাকা বাড়ির মালিক নয়।,pmaymis.gov.in-এ অনলাইনে আবেদন করুন বা নিকটস্থ কমন সার্ভিস সেন্টার বা আরবান লোকাল বডি অফিসে যান।,"আধার কার্ড, আয়ের প্রমাণ, ব্যাঙ্ক অ্যাকাউন্ট, সম্পত্তির নথি, বাড়ি না থাকার হলফনামা",झोपडपट्टीतील रहिवाशांसह शहरी गरिबांना परवडणारी घरे क्रेडीट लिंक सबसिडीद्वारे भागीदारीमध्ये परवडणारी घरे आणि लाभार्थींच्या नेतृत्वाखालील बांधकाम प्रदान करते.,18 लाखांपर्यंत वार्षिक उत्पन्न असलेली शहरी कुटुंबे ज्यांच्याकडे भारतात कुठेही पक्के घर नाही.,pmaymis.gov.in वर ऑनलाइन अर्ज करा किंवा जवळच्या कॉमन सर्व्हिस सेंटर किंवा अर्बन लोकल बॉडी ऑफिसला भेट द्या.,"आधारकार्ड, उत्पन्नाचा दाखला, बँक खाते, मालमत्तेची कागदपत्रे, घर नसल्याचं प्रतिज्ञापत्र",ભાગીદારી અને લાભાર્થીઓની આગેવાની હેઠળના બાંધકામમાં ક્રેડિટ લિંક સબસિડી દ્વારા પોસાય તેવા આવાસો દ્વારા ઝૂંપડપટ્ટીના રહેવાસીઓ સહિત શહેરી ગરીબોને પરવડે તેવા આવાસ પૂરા પાડે છે.,18 લાખ રૂપિયા સુધીની વાર્ષિક આવક ધરાવતા શહેરી પરિવારો કે જેઓ ભારતમાં ક્યાંય પણ પાકું મકાન ધરાવતા નથી.,pmaymis.gov.in પર ઓનલાઈન અરજી કરો અથવા નજીકના કોમન સર્વિસ સેન્ટર અથવા અર્બન લોકલ બોડી ઓફિસની મુલાકાત લો.,"આધાર કાર્ડ, આવકનો દાખલો, બેંક ખાતું, મિલકતના દસ્તાવેજો, મકાન ન હોવાનું સોગંદનામું",ಸಹಭಾಗಿತ್ವದಲ್ಲಿ ಮತ್ತು ಫಲಾನುಭವಿಗಳ ನೇತೃತ್ವದ ನಿರ್ಮಾಣದಲ್ಲಿ ಕ್ರೆಡಿಟ್ ಲಿಂಕ್ಡ್ ಸಬ್ಸಿಡಿ ಕೈಗೆಟುಕುವ ವಸತಿ ಮೂಲಕ ಕೊಳೆಗೇರಿ ನಿವಾಸಿಗಳು ಸೇರಿದಂತೆ ನಗರ ಬಡವರಿಗೆ ಕೈಗೆಟುಕುವ ವಸತಿಗಳನ್ನು ಒದಗಿಸುತ್ತದೆ.,ಭಾರತದಲ್ಲಿ ಎಲ್ಲಿಯೂ ಪಕ್ಕಾ ಮನೆ ಹೊಂದಿರದ 18 ಲಕ್ಷ ರೂ.ವರೆಗಿನ ವಾರ್ಷಿಕ ಆದಾಯ ಹೊಂದಿರುವ ನಗರ ಪ್ರದೇಶದ ಕುಟುಂಬಗಳು.,pmaymis.gov.in ನಲ್ಲಿ ಆನ್‌ಲೈನ್‌ನಲ್ಲಿ ಅರ್ಜಿ ಸಲ್ಲಿಸಿ ಅಥವಾ ಹತ್ತಿರದ ಸಾಮಾನ್ಯ ಸೇವಾ ಕೇಂದ್ರ ಅಥವಾ ನಗರ ಸ್ಥಳೀಯ ಸಂಸ್ಥೆ ಕಚೇರಿಗೆ ಭೇಟಿ ನೀಡಿ.,"ಆಧಾರ್ ಕಾರ್ಡ್, ಆದಾಯ ಪುರಾವೆ, ಬ್ಯಾಂಕ್ ಖಾತೆ, ಆಸ್ತಿ ದಾಖಲೆಗಳು, ಸ್ವಂತ ಮನೆ ಇಲ್ಲ ಎಂಬ ಅಫಿಡವಿಟ್",ചേരി നിവാസികൾ ഉൾപ്പെടെയുള്ള നഗരങ്ങളിലെ ദരിദ്രർക്ക് താങ്ങാനാവുന്ന ഭവനങ്ങൾ ക്രെഡിറ്റ് ലിങ്ക്ഡ് സബ്‌സിഡി വഴി പങ്കാളിത്തത്തിലും ഗുണഭോക്താക്കൾ നയിക്കുന്ന നിർമ്മാണത്തിലും താങ്ങാനാവുന്ന ഭവനങ്ങൾ നൽകുന്നു.,"18 ലക്ഷം രൂപ വരെ വാർഷിക വരുമാനമുള്ള നഗര കുടുംബങ്ങൾ, ഇന്ത്യയിൽ എവിടെയും സ്വന്തമായി ഒരു പക്കാ വീടില്ല.",pmaymis.gov.in എന്ന വെബ്‌സൈറ്റിൽ ഓൺലൈനായി അപേക്ഷിക്കുക അല്ലെങ്കിൽ അടുത്തുള്ള പൊതു സേവന കേന്ദ്രം അല്ലെങ്കിൽ അർബൻ ലോക്കൽ ബോഡി ഓഫീസ് സന്ദർശിക്കുക.,"ആധാർ കാർഡ്, വരുമാന തെളിവ്, ബാങ്ക് അക്കൗണ്ട്, സ്വത്ത് രേഖകൾ, സ്വന്തമായി വീടില്ല എന്ന സത്യവാങ്മൂലം"
78,Credit Linked Subsidy Scheme,Ministry of Housing and Urban Affairs,Housing,Provides interest subsidy on home loans to economically weaker sections and low income groups for purchase construction or enhancement of houses.,EWS families with annual income up to Rs 3 lakh and LIG families with income up to Rs 6 lakh.,Apply through any Primary Lending Institution like banks or housing finance companies empanelled under PMAY.,"Income proof, Aadhaar card, property documents, bank statements",https://pmaymis.gov.in,"आर्थिक रूप से कमजोर वर्गों और निम्न आय समूहों को घरों की खरीद, निर्माण या वृद्धि के लिए गृह ऋण पर ब्याज सब्सिडी प्रदान करता है।",3 लाख रुपये तक की वार्षिक आय वाले ईडब्ल्यूएस परिवार और 6 लाख रुपये तक की आय वाले एलआईजी परिवार।,पीएमएवाई के तहत सूचीबद्ध किसी भी प्राथमिक ऋण संस्थान जैसे बैंक या आवास वित्त कंपनियों के माध्यम से आवेदन करें।,"आय प्रमाण, आधार कार्ड, संपत्ति दस्तावेज, बैंक विवरण",பொருளாதாரத்தில் நலிவடைந்த பிரிவினர் மற்றும் குறைந்த வருமானம் கொண்ட பிரிவினருக்கு வீட்டுக் கடனுக்கான வட்டி மானியத்தை வழங்குகிறது.,EWS குடும்பங்கள் ஆண்டு வருமானம் ரூ 3 லட்சம் வரை மற்றும் LIG குடும்பங்கள் ரூ 6 லட்சம் வரை வருமானம்.,PMAY இன் கீழ் இணைக்கப்பட்ட வங்கிகள் அல்லது வீட்டு நிதி நிறுவனங்கள் போன்ற ஏதேனும் முதன்மை கடன் வழங்கும் நிறுவனம் மூலமாக விண்ணப்பிக்கவும்.,"வருமானச் சான்று, ஆதார் அட்டை, சொத்து ஆவணங்கள், வங்கி அறிக்கைகள்",ఆర్థికంగా బలహీన వర్గాలు మరియు తక్కువ ఆదాయ వర్గాలకు గృహ రుణాలపై వడ్డీ రాయితీని అందజేస్తుంది.,వార్షికాదాయం రూ. 3 లక్షల వరకు ఉన్న EWS కుటుంబాలు మరియు రూ. 6 లక్షల వరకు ఆదాయం ఉన్న LIG కుటుంబాలు.,PMAY కింద ఎంప్యానెల్ చేయబడిన బ్యాంకులు లేదా హౌసింగ్ ఫైనాన్స్ కంపెనీలు వంటి ఏదైనా ప్రాథమిక రుణ సంస్థ ద్వారా దరఖాస్తు చేసుకోండి.,"ఆదాయ రుజువు, ఆధార్ కార్డు, ఆస్తి పత్రాలు, బ్యాంక్ స్టేట్‌మెంట్‌లు",অর্থনৈতিকভাবে দুর্বল অংশ এবং নিম্ন আয়ের গোষ্ঠীগুলিকে গৃহ নির্মাণ বা গৃহ নির্মাণের জন্য সুদ ভর্তুকি প্রদান করে।,EWS পরিবার যাদের বার্ষিক আয় ৩ লাখ টাকা পর্যন্ত এবং এলআইজি পরিবার যাদের আয় ৬ লাখ টাকা পর্যন্ত।,PMAY-এর অধীনে তালিকাভুক্ত ব্যাঙ্ক বা হাউজিং ফাইন্যান্স কোম্পানির মতো প্রাথমিক ঋণদানকারী প্রতিষ্ঠানের মাধ্যমে আবেদন করুন।,"আয়ের প্রমাণ, আধার কার্ড, সম্পত্তির নথি, ব্যাঙ্ক স্টেটমেন্ট",आर्थिकदृष्ट्या दुर्बल घटक आणि कमी उत्पन्न गटांना घरे खरेदी करण्यासाठी किंवा वाढविण्यासाठी गृहकर्जावर व्याज अनुदान देते.,3 लाखांपर्यंत वार्षिक उत्पन्न असलेली EWS कुटुंबे आणि 6 लाखांपर्यंत उत्पन्न असलेली LIG कुटुंबे.,PMAY अंतर्गत पॅनेल केलेल्या बँका किंवा गृहनिर्माण वित्त कंपन्यांसारख्या कोणत्याही प्राथमिक कर्ज देणाऱ्या संस्थेमार्फत अर्ज करा.,"उत्पन्नाचा पुरावा, आधार कार्ड, मालमत्तेची कागदपत्रे, बँक स्टेटमेंट",આર્થિક રીતે નબળા વર્ગો અને ઓછી આવક ધરાવતા જૂથોને મકાનો ખરીદવા અથવા મકાનોની વૃદ્ધિ માટે હોમ લોન પર વ્યાજ સબસિડી આપે છે.,3 લાખ રૂપિયા સુધીની વાર્ષિક આવક ધરાવતા EWS પરિવારો અને રૂપિયા 6 લાખ સુધીની આવક ધરાવતા LIG પરિવારો.,કોઈપણ પ્રાથમિક ધિરાણ સંસ્થા દ્વારા અરજી કરો જેમ કે બેંકો અથવા હાઉસિંગ ફાઇનાન્સ કંપનીઓ PMAY હેઠળ સૂચિબદ્ધ.,"આવકનો પુરાવો, આધાર કાર્ડ, મિલકતના દસ્તાવેજો, બેંક સ્ટેટમેન્ટ",ಆರ್ಥಿಕವಾಗಿ ದುರ್ಬಲ ವರ್ಗಗಳು ಮತ್ತು ಕಡಿಮೆ ಆದಾಯದ ಗುಂಪುಗಳಿಗೆ ಮನೆಗಳ ನಿರ್ಮಾಣ ಅಥವಾ ವರ್ಧನೆಗಾಗಿ ಗೃಹ ಸಾಲಗಳ ಮೇಲಿನ ಬಡ್ಡಿ ಸಬ್ಸಿಡಿಯನ್ನು ಒದಗಿಸುತ್ತದೆ.,ವಾರ್ಷಿಕ ಆದಾಯವು ರೂ 3 ಲಕ್ಷದವರೆಗಿನ EWS ಕುಟುಂಬಗಳು ಮತ್ತು ರೂ 6 ಲಕ್ಷದವರೆಗಿನ ಆದಾಯ ಹೊಂದಿರುವ LIG ಕುಟುಂಬಗಳು.,PMAY ಅಡಿಯಲ್ಲಿ ಎಂಪನೇಲ್ ಮಾಡಲಾದ ಬ್ಯಾಂಕುಗಳು ಅಥವಾ ವಸತಿ ಹಣಕಾಸು ಕಂಪನಿಗಳಂತಹ ಯಾವುದೇ ಪ್ರಾಥಮಿಕ ಸಾಲ ನೀಡುವ ಸಂಸ್ಥೆಗಳ ಮೂಲಕ ಅನ್ವಯಿಸಿ.,"ಆದಾಯ ಪುರಾವೆ, ಆಧಾರ್ ಕಾರ್ಡ್, ಆಸ್ತಿ ದಾಖಲೆಗಳು, ಬ್ಯಾಂಕ್ ಹೇಳಿಕೆಗಳು",സാമ്പത്തികമായി പിന്നാക്കം നിൽക്കുന്ന വിഭാഗങ്ങൾക്കും താഴ്ന്ന വരുമാനക്കാർക്കും വീടുകളുടെ നിർമ്മാണത്തിനോ വർദ്ധനയ്‌ക്കോ വേണ്ടിയുള്ള ഭവന വായ്പകൾക്ക് പലിശ സബ്‌സിഡി നൽകുന്നു.,3 ലക്ഷം രൂപ വരെ വാർഷിക വരുമാനമുള്ള EWS കുടുംബങ്ങളും 6 ലക്ഷം രൂപ വരെ വരുമാനമുള്ള LIG കുടുംബങ്ങളും.,പിഎംഎവൈ പ്രകാരം എംപാനൽ ചെയ്തിട്ടുള്ള ബാങ്കുകൾ അല്ലെങ്കിൽ ഹൗസിംഗ് ഫിനാൻസ് കമ്പനികൾ പോലുള്ള ഏതെങ്കിലും പ്രാഥമിക വായ്പാ സ്ഥാപനം വഴി അപേക്ഷിക്കുക.,"വരുമാന തെളിവ്, ആധാർ കാർഡ്, സ്വത്ത് രേഖകൾ, ബാങ്ക് സ്റ്റേറ്റ്‌മെൻ്റുകൾ"
79,Rajiv Awas Yojana,Ministry of Housing and Urban Affairs,Housing,Provides slum free cities by upgrading slums providing housing to slum dwellers and creating affordable housing for urban poor.,Slum dwellers and urban poor in cities implementing the scheme under state government approval.,Contact Urban Local Body or city municipality for registration under slum rehabilitation and affordable housing project.,"Proof of slum residence, Aadhaar card, income proof, bank account",https://mhupa.gov.in,मलिन बस्तियों को उन्नत करके झुग्गीवासियों को आवास प्रदान करके और शहरी गरीबों के लिए किफायती आवास बनाकर स्लम मुक्त शहर प्रदान करता है।,राज्य सरकार की मंजूरी के तहत इस योजना को लागू करने वाले शहरों में झुग्गी-झोपड़ी में रहने वाले और शहरी गरीब।,स्लम पुनर्वास और किफायती आवास परियोजना के तहत पंजीकरण के लिए शहरी स्थानीय निकाय या शहर नगर पालिका से संपर्क करें।,"झुग्गी बस्ती में निवास का प्रमाण, आधार कार्ड, आय प्रमाण, बैंक खाता",குடிசைப்பகுதிகளை மேம்படுத்துவதன் மூலம் குடிசைவாசிகள் இல்லாத நகரங்களை வழங்குகிறது.,நகரங்களில் உள்ள குடிசைவாசிகள் மற்றும் நகர்ப்புற ஏழைகள் மாநில அரசின் ஒப்புதலின் கீழ் இத்திட்டத்தை செயல்படுத்துகின்றனர்.,குடிசை மறுவாழ்வு மற்றும் மலிவு விலை வீட்டுத் திட்டத்தின் கீழ் பதிவு செய்ய நகர்ப்புற உள்ளாட்சி அமைப்பு அல்லது நகர முனிசிபாலிட்டியைத் தொடர்பு கொள்ளவும்.,"குடிசை குடியிருப்புக்கான சான்று, ஆதார் அட்டை, வருமானச் சான்று, வங்கிக் கணக்கு","మురికివాడలను అప్‌గ్రేడ్ చేయడం ద్వారా స్లమ్ రహిత నగరాలను అందిస్తుంది, మురికివాడల నివాసితులకు గృహాలను అందిస్తుంది మరియు పట్టణ పేదలకు సరసమైన గృహాలను సృష్టిస్తుంది.",నగరాల్లోని మురికివాడలు మరియు పట్టణ పేదలు రాష్ట్ర ప్రభుత్వ అనుమతితో ఈ పథకాన్ని అమలు చేస్తున్నారు.,మురికివాడల పునరావాసం మరియు సరసమైన గృహ ప్రాజెక్ట్ కింద నమోదు కోసం పట్టణ స్థానిక సంస్థ లేదా నగర మునిసిపాలిటీని సంప్రదించండి.,"మురికివాడల నివాస రుజువు, ఆధార్ కార్డు, ఆదాయ రుజువు, బ్యాంకు ఖాతా",বস্তিবাসীদের আবাসন প্রদান এবং শহুরে দরিদ্রদের জন্য সাশ্রয়ী মূল্যের আবাসন তৈরি করে বস্তিগুলিকে উন্নত করে বস্তি মুক্ত শহর প্রদান করে।,শহরের বস্তিবাসী এবং শহুরে দরিদ্ররা রাজ্য সরকারের অনুমোদনের অধীনে প্রকল্পটি বাস্তবায়ন করছে।,বস্তি পুনর্বাসন এবং সাশ্রয়ী মূল্যের আবাসন প্রকল্পের অধীনে নিবন্ধনের জন্য নগর স্থানীয় সংস্থা বা শহরের পৌরসভার সাথে যোগাযোগ করুন।,"বস্তির বসবাসের প্রমাণ, আধার কার্ড, আয়ের প্রমাণ, ব্যাঙ্ক অ্যাকাউন্ট",झोपडपट्ट्यांमध्ये सुधारणा करून झोपडपट्टीतील रहिवाशांना घरे उपलब्ध करून आणि शहरी गरिबांसाठी परवडणारी घरे निर्माण करून झोपडपट्टी मुक्त शहरे प्रदान करते.,राज्य सरकारच्या मान्यतेखाली ही योजना राबवत असलेल्या शहरांमधील झोपडपट्टीवासीय आणि शहरी गरीब.,झोपडपट्टी पुनर्वसन आणि परवडणाऱ्या गृहनिर्माण प्रकल्पांतर्गत नोंदणीसाठी शहरी स्थानिक स्वराज्य संस्था किंवा नगरपालिकेशी संपर्क साधा.,"झोपडपट्टीच्या वास्तव्याचा पुरावा, आधार कार्ड, उत्पन्नाचा पुरावा, बँक खाते",ઝૂંપડપટ્ટીના રહેવાસીઓને આવાસ પ્રદાન કરીને અને શહેરી ગરીબો માટે પોસાય તેવા આવાસનું નિર્માણ કરીને ઝૂંપડપટ્ટીને અપગ્રેડ કરીને ઝૂંપડપટ્ટી મુક્ત શહેરો પ્રદાન કરે છે.,ઝૂંપડપટ્ટીના રહેવાસીઓ અને શહેરી ગરીબો રાજ્ય સરકારની મંજૂરી હેઠળ યોજનાનો અમલ કરી રહ્યા છે.,ઝૂંપડપટ્ટી પુનર્વસન અને પરવડે તેવા આવાસ પ્રોજેક્ટ હેઠળ નોંધણી માટે શહેરી સ્થાનિક સંસ્થા અથવા શહેર નગરપાલિકાનો સંપર્ક કરો.,"ઝૂંપડપટ્ટીના રહેઠાણનો પુરાવો, આધાર કાર્ડ, આવકનો દાખલો, બેંક ખાતું",ಸ್ಲಂ ನಿವಾಸಿಗಳಿಗೆ ವಸತಿ ಒದಗಿಸುವ ಮತ್ತು ನಗರ ಬಡವರಿಗೆ ಕೈಗೆಟುಕುವ ವಸತಿಗಳನ್ನು ಸೃಷ್ಟಿಸುವ ಮೂಲಕ ಕೊಳೆಗೇರಿಗಳನ್ನು ನವೀಕರಿಸುವ ಮೂಲಕ ಸ್ಲಂ ಮುಕ್ತ ನಗರಗಳನ್ನು ಒದಗಿಸುತ್ತದೆ.,ಸ್ಲಂ ನಿವಾಸಿಗಳು ಮತ್ತು ನಗರಗಳಲ್ಲಿನ ಬಡವರು ರಾಜ್ಯ ಸರ್ಕಾರದ ಅನುಮೋದನೆಯಡಿಯಲ್ಲಿ ಯೋಜನೆಯನ್ನು ಜಾರಿಗೊಳಿಸುತ್ತಿದ್ದಾರೆ.,ಕೊಳೆಗೇರಿ ಪುನರ್ವಸತಿ ಮತ್ತು ಕೈಗೆಟುಕುವ ವಸತಿ ಯೋಜನೆಯಡಿ ನೋಂದಣಿಗಾಗಿ ನಗರ ಸ್ಥಳೀಯ ಸಂಸ್ಥೆ ಅಥವಾ ನಗರ ಪುರಸಭೆಯನ್ನು ಸಂಪರ್ಕಿಸಿ.,"ಕೊಳೆಗೇರಿ ನಿವಾಸದ ಪುರಾವೆ, ಆಧಾರ್ ಕಾರ್ಡ್, ಆದಾಯ ಪುರಾವೆ, ಬ್ಯಾಂಕ್ ಖಾತೆ",ചേരി നിവാസികൾക്ക് പാർപ്പിടം പ്രദാനം ചെയ്യുന്നതിലൂടെയും നഗരങ്ങളിലെ ദരിദ്രർക്ക് താങ്ങാനാവുന്ന ഭവനങ്ങൾ സൃഷ്ടിക്കുന്നതിലൂടെയും ചേരികൾ നവീകരിക്കുന്നതിലൂടെ ചേരിരഹിത നഗരങ്ങൾ പ്രദാനം ചെയ്യുന്നു.,നഗരങ്ങളിലെ ചേരി നിവാസികളും നഗരങ്ങളിലെ ദരിദ്രരും സംസ്ഥാന സർക്കാരിൻ്റെ അംഗീകാരത്തോടെ പദ്ധതി നടപ്പിലാക്കുന്നു.,ചേരി പുനരധിവാസത്തിനും താങ്ങാനാവുന്ന ഭവന പദ്ധതിക്കും കീഴിലുള്ള രജിസ്ട്രേഷനായി അർബൻ ലോക്കൽ ബോഡിയുമായോ നഗര മുനിസിപ്പാലിറ്റിയുമായോ ബന്ധപ്പെടുക.,"ചേരിയിലെ താമസ രേഖ, ആധാർ കാർഡ്, വരുമാന തെളിവ്, ബാങ്ക് അക്കൗണ്ട്"
80,National Urban Livelihood Mission Housing,Ministry of Housing and Urban Affairs,Housing,Provides shelter homes with basic amenities for urban homeless persons as part of National Urban Livelihood Mission.,Urban homeless persons identified by Urban Local Bodies.,Contact nearest Urban Local Body or city shelter home for accommodation and support services.,Any available identity proof,https://nulm.gov.in,राष्ट्रीय शहरी आजीविका मिशन के हिस्से के रूप में शहरी बेघर व्यक्तियों के लिए बुनियादी सुविधाओं के साथ आश्रय गृह प्रदान करता है।,शहरी स्थानीय निकायों द्वारा चिन्हित शहरी बेघर व्यक्ति।,आवास और सहायता सेवाओं के लिए निकटतम शहरी स्थानीय निकाय या शहर आश्रय गृह से संपर्क करें।,कोई भी उपलब्ध पहचान प्रमाण,தேசிய நகர்ப்புற வாழ்வாதார இயக்கத்தின் ஒரு பகுதியாக நகர்ப்புற வீடற்ற நபர்களுக்கு அடிப்படை வசதிகளுடன் கூடிய தங்குமிடங்களை வழங்குகிறது.,நகர்ப்புற உள்ளாட்சி அமைப்புகளால் அடையாளம் காணப்பட்ட நகர்ப்புற வீடற்ற நபர்கள்.,தங்குமிடம் மற்றும் ஆதரவு சேவைகளுக்கு அருகிலுள்ள நகர்ப்புற உள்ளாட்சி அமைப்பு அல்லது நகர தங்குமிடத்தை தொடர்பு கொள்ளவும்.,கிடைக்கக்கூடிய ஏதேனும் அடையாளச் சான்று,జాతీయ పట్టణ జీవనోపాధి మిషన్‌లో భాగంగా పట్టణ నిరాశ్రయులైన వ్యక్తులకు ప్రాథమిక సౌకర్యాలతో షెల్టర్ హోమ్‌లను అందిస్తుంది.,పట్టణ స్థానిక సంస్థలచే గుర్తించబడిన పట్టణ నిరాశ్రయులైన వ్యక్తులు.,వసతి మరియు సహాయక సేవల కోసం సమీపంలోని పట్టణ స్థానిక సంస్థ లేదా సిటీ షెల్టర్ హోమ్‌ను సంప్రదించండి.,ఏదైనా అందుబాటులో ఉన్న గుర్తింపు రుజువు,ন্যাশনাল আরবান লিভলিহুড মিশনের অংশ হিসেবে শহুরে গৃহহীন ব্যক্তিদের জন্য মৌলিক সুযোগ-সুবিধা সহ আশ্রয় কেন্দ্র প্রদান করে।,শহুরে স্থানীয় সংস্থা দ্বারা চিহ্নিত শহুরে গৃহহীন ব্যক্তি।,আবাসন এবং সহায়তা পরিষেবার জন্য নিকটস্থ আরবান লোকাল বডি বা শহরের আশ্রয় কেন্দ্রের সাথে যোগাযোগ করুন।,যেকোন উপলব্ধ পরিচয় প্রমাণ,राष्ट्रीय शहरी उपजीविका अभियानाचा भाग म्हणून शहरी बेघर व्यक्तींसाठी मूलभूत सुविधांसह निवारा गृहे प्रदान करते.,शहरी स्थानिक स्वराज्य संस्थांद्वारे ओळखल्या जाणाऱ्या शहरी बेघर व्यक्ती.,निवास आणि समर्थन सेवांसाठी जवळच्या शहरी स्थानिक संस्था किंवा शहर निवारा गृहाशी संपर्क साधा.,कोणताही उपलब्ध ओळखीचा पुरावा,રાષ્ટ્રીય શહેરી આજીવિકા મિશનના ભાગરૂપે શહેરી બેઘર વ્યક્તિઓ માટે પાયાની સુવિધાઓ સાથે આશ્રય ગૃહો પ્રદાન કરે છે.,શહેરી સ્થાનિક સંસ્થાઓ દ્વારા ઓળખાયેલ શહેરી ઘરવિહોણા વ્યક્તિઓ.,આવાસ અને સહાયક સેવાઓ માટે નજીકની અર્બન લોકલ બોડી અથવા સિટી શેલ્ટર હોમનો સંપર્ક કરો.,કોઈપણ ઉપલબ્ધ ઓળખ પુરાવો,ರಾಷ್ಟ್ರೀಯ ನಗರ ಜೀವನೋಪಾಯ ಮಿಷನ್‌ನ ಭಾಗವಾಗಿ ನಗರದ ನಿರಾಶ್ರಿತ ವ್ಯಕ್ತಿಗಳಿಗೆ ಮೂಲ ಸೌಕರ್ಯಗಳೊಂದಿಗೆ ಆಶ್ರಯ ಮನೆಗಳನ್ನು ಒದಗಿಸುತ್ತದೆ.,ನಗರ ಸ್ಥಳೀಯ ಸಂಸ್ಥೆಗಳಿಂದ ಗುರುತಿಸಲ್ಪಟ್ಟ ನಗರ ವಸತಿರಹಿತ ವ್ಯಕ್ತಿಗಳು.,ವಸತಿ ಮತ್ತು ಬೆಂಬಲ ಸೇವೆಗಳಿಗಾಗಿ ಹತ್ತಿರದ ನಗರ ಸ್ಥಳೀಯ ಸಂಸ್ಥೆ ಅಥವಾ ನಗರ ಆಶ್ರಯ ಮನೆಯನ್ನು ಸಂಪರ್ಕಿಸಿ.,ಲಭ್ಯವಿರುವ ಯಾವುದೇ ಗುರುತಿನ ಪುರಾವೆ,ദേശീയ നഗര ഉപജീവന ദൗത്യത്തിൻ്റെ ഭാഗമായി നഗര ഭവനരഹിതർക്ക് അടിസ്ഥാന സൗകര്യങ്ങളോടുകൂടിയ ഷെൽട്ടർ ഹോമുകൾ നൽകുന്നു.,നഗര തദ്ദേശ സ്ഥാപനങ്ങൾ തിരിച്ചറിഞ്ഞ നഗര ഭവനരഹിതരെ.,താമസത്തിനും സഹായ സേവനങ്ങൾക്കുമായി അടുത്തുള്ള അർബൻ ലോക്കൽ ബോഡിയുമായോ സിറ്റി ഷെൽട്ടർ ഹോമുമായോ ബന്ധപ്പെടുക.,ലഭ്യമായ ഏതെങ്കിലും ഐഡൻ്റിറ്റി പ്രൂഫ്
81,Indira Awas Yojana,Ministry of Rural Development,Housing,Provides financial assistance for construction of houses to below poverty line rural households especially SC ST minorities and freed bonded labourers.,BPL rural households especially SC ST freed bonded labourers widows and next of kin of defence personnel killed in action.,Contact Gram Panchayat or Block Development Office for registration and selection under IAY beneficiary list.,"BPL card, Aadhaar card, caste certificate if applicable, bank account",https://rhreporting.nic.in,"गरीबी रेखा से नीचे के ग्रामीण परिवारों, विशेष रूप से एससी एसटी अल्पसंख्यकों और मुक्त बंधुआ मजदूरों को घर के निर्माण के लिए वित्तीय सहायता प्रदान करता है।","बीपीएल ग्रामीण परिवार, विशेषकर एससी, एसटी, मुक्त कराए गए बंधुआ मजदूरों की विधवाएं और कार्रवाई में मारे गए रक्षा कर्मियों के निकटतम परिजन।",IAY लाभार्थी सूची के तहत पंजीकरण और चयन के लिए ग्राम पंचायत या खंड विकास कार्यालय से संपर्क करें।,"बीपीएल कार्ड, आधार कार्ड, जाति प्रमाण पत्र यदि लागू हो, बैंक खाता",வறுமைக் கோட்டிற்கு கீழ் உள்ள கிராமப்புற குடும்பங்களுக்கு குறிப்பாக SC ST சிறுபான்மையினர் மற்றும் விடுவிக்கப்பட்ட கொத்தடிமைத் தொழிலாளர்களுக்கு வீடுகள் கட்ட நிதி உதவி வழங்குகிறது.,BPL கிராமப்புற குடும்பங்கள் குறிப்பாக SC ST விடுவிக்கப்பட்ட கொத்தடிமைத் தொழிலாளர்கள் விதவைகள் மற்றும் நடவடிக்கையில் கொல்லப்பட்ட பாதுகாப்புப் பணியாளர்களின் அடுத்த உறவினர்கள்.,IAY பயனாளிகள் பட்டியலின் கீழ் பதிவு செய்து தேர்வு செய்ய கிராம பஞ்சாயத்து அல்லது தொகுதி மேம்பாட்டு அலுவலகத்தை தொடர்பு கொள்ளவும்.,"பிபிஎல் கார்டு, ஆதார் அட்டை, ஜாதி சான்றிதழ் இருந்தால், வங்கி கணக்கு",దారిద్య్ర రేఖకు దిగువన ఉన్న గ్రామీణ కుటుంబాలకు ప్రత్యేకించి SC ST మైనారిటీలు మరియు విముక్తి పొందిన బందిపోటు కార్మికులకు గృహాల నిర్మాణానికి ఆర్థిక సహాయం అందిస్తుంది.,BPL గ్రామీణ కుటుంబాలు ముఖ్యంగా SC ST విముక్తి పొందిన బంధిత కార్మికులు వితంతువులు మరియు చర్యలో మరణించిన రక్షణ సిబ్బంది యొక్క తదుపరి బంధువులు.,IAY లబ్ధిదారుల జాబితా కింద నమోదు మరియు ఎంపిక కోసం గ్రామ పంచాయతీ లేదా బ్లాక్ డెవలప్‌మెంట్ కార్యాలయాన్ని సంప్రదించండి.,"బీపీఎల్ కార్డు, ఆధార్ కార్డు, కుల ధ్రువీకరణ పత్రం ఉంటే, బ్యాంకు ఖాతా",দারিদ্র্যসীমার নীচের গ্রামীণ পরিবারগুলি বিশেষ করে এসসি এসটি সংখ্যালঘু এবং মুক্ত বন্ড শ্রমিকদের ঘর নির্মাণের জন্য আর্থিক সহায়তা প্রদান করে।,বিপিএল গ্রামীণ পরিবারগুলি বিশেষ করে এসসি এসটি বন্ধন শ্রমিক বিধবা এবং কর্মে নিহত প্রতিরক্ষা কর্মীদের আত্মীয়দের মুক্তি দিয়েছে।,IAY সুবিধাভোগী তালিকার অধীনে নিবন্ধন এবং নির্বাচনের জন্য গ্রাম পঞ্চায়েত বা ব্লক উন্নয়ন অফিসে যোগাযোগ করুন।,"বিপিএল কার্ড, আধার কার্ড, প্রযোজ্য হলে জাত শংসাপত্র, ব্যাঙ্ক অ্যাকাউন্ট",दारिद्र्यरेषेखालील ग्रामीण कुटुंबांना विशेषत: एससी एसटी अल्पसंख्याक आणि बंधपत्रित मजुरांना घरे बांधण्यासाठी आर्थिक सहाय्य प्रदान करते.,बीपीएल ग्रामीण कुटुंबे विशेषतः एससी एसटीने बंधपत्रित मजुरांच्या विधवा आणि कारवाईत मारले गेलेल्या संरक्षण कर्मचाऱ्यांच्या नातेवाईकांची सुटका केली.,IAY लाभार्थी यादी अंतर्गत नोंदणी आणि निवडीसाठी ग्रामपंचायत किंवा ब्लॉक विकास कार्यालयाशी संपर्क साधा.,"बीपीएल कार्ड, आधार कार्ड, लागू असल्यास जात प्रमाणपत्र, बँक खाते",ગરીબી રેખા હેઠળના ગ્રામીણ પરિવારો ખાસ કરીને SC ST લઘુમતી અને મુક્ત બંધાયેલા મજૂરોને મકાનો બાંધવા માટે નાણાકીય સહાય પૂરી પાડે છે.,બીપીએલ ગ્રામીણ પરિવારો ખાસ કરીને એસસી એસટીએ બંધાયેલા મજૂરોની વિધવાઓ અને કાર્યવાહીમાં માર્યા ગયેલા સંરક્ષણ કર્મચારીઓના નજીકના સગાઓને મુક્ત કર્યા.,IAY લાભાર્થીની યાદી હેઠળ નોંધણી અને પસંદગી માટે ગ્રામ પંચાયત અથવા બ્લોક વિકાસ કચેરીનો સંપર્ક કરો.,"બીપીએલ કાર્ડ, આધાર કાર્ડ, જો લાગુ હોય તો જાતિ પ્રમાણપત્ર, બેંક ખાતું",ಬಡತನ ರೇಖೆಗಿಂತ ಕೆಳಗಿರುವ ಗ್ರಾಮೀಣ ಕುಟುಂಬಗಳಿಗೆ ವಿಶೇಷವಾಗಿ ಎಸ್‌ಸಿ ಎಸ್‌ಟಿ ಅಲ್ಪಸಂಖ್ಯಾತರು ಮತ್ತು ವಿಮುಕ್ತ ಬಂಧಿತ ಕಾರ್ಮಿಕರಿಗೆ ಮನೆಗಳನ್ನು ನಿರ್ಮಿಸಲು ಹಣಕಾಸಿನ ನೆರವು ನೀಡುತ್ತದೆ.,BPL ಗ್ರಾಮೀಣ ಕುಟುಂಬಗಳು ಅದರಲ್ಲೂ ವಿಶೇಷವಾಗಿ SC ST ಬಂಧಿತ ಕಾರ್ಮಿಕರು ವಿಧವೆಯರು ಮತ್ತು ಕ್ರಿಯೆಯಲ್ಲಿ ಕೊಲ್ಲಲ್ಪಟ್ಟ ರಕ್ಷಣಾ ಸಿಬ್ಬಂದಿಯ ಮುಂದಿನ ಸಂಬಂಧಿಕರನ್ನು ಮುಕ್ತಗೊಳಿಸಿದರು.,IAY ಫಲಾನುಭವಿ ಪಟ್ಟಿಯಡಿ ನೋಂದಣಿ ಮತ್ತು ಆಯ್ಕೆಗಾಗಿ ಗ್ರಾಮ ಪಂಚಾಯತ್ ಅಥವಾ ಬ್ಲಾಕ್ ಡೆವಲಪ್ಮೆಂಟ್ ಆಫೀಸ್ ಅನ್ನು ಸಂಪರ್ಕಿಸಿ.,"ಬಿಪಿಎಲ್ ಕಾರ್ಡ್, ಆಧಾರ್ ಕಾರ್ಡ್, ಜಾತಿ ಪ್ರಮಾಣ ಪತ್ರ ಅನ್ವಯಿಸಿದರೆ, ಬ್ಯಾಂಕ್ ಖಾತೆ",ദാരിദ്ര്യരേഖയ്ക്ക് താഴെയുള്ള ഗ്രാമീണ കുടുംബങ്ങൾക്ക് പ്രത്യേകിച്ച് പട്ടികജാതി പട്ടികവർഗ ന്യൂനപക്ഷങ്ങൾക്കും സ്വതന്ത്രരായ തൊഴിലാളികൾക്കും വീടുകൾ നിർമ്മിക്കുന്നതിന് സാമ്പത്തിക സഹായം നൽകുന്നു.,"ബിപിഎൽ ഗ്രാമീണ കുടുംബങ്ങൾ, പ്രത്യേകിച്ച് എസ്‌സി എസ്ടി ബന്ധിത തൊഴിലാളികളെ മോചിപ്പിച്ച വിധവകൾ, യുദ്ധത്തിൽ കൊല്ലപ്പെട്ട പ്രതിരോധ ഉദ്യോഗസ്ഥരുടെ അടുത്ത ബന്ധുക്കൾ.",ഐഎവൈ ഗുണഭോക്താക്കളുടെ പട്ടികയിൽ രജിസ്റ്റർ ചെയ്യുന്നതിനും തിരഞ്ഞെടുക്കുന്നതിനും ഗ്രാമപഞ്ചായത്തുമായോ ബ്ലോക്ക് വികസന ഓഫീസുമായോ ബന്ധപ്പെടുക.,"ബിപിഎൽ കാർഡ്, ആധാർ കാർഡ്, ജാതി സർട്ടിഫിക്കറ്റ് ഉണ്ടെങ്കിൽ, ബാങ്ക് അക്കൗണ്ട്"
82,PM Awas Yojana Urban Light House Projects,Ministry of Housing and Urban Affairs,Housing,Demonstrates alternate innovative construction technologies for affordable housing through light house projects in six cities.,Urban poor and EWS families in six selected cities where Light House Projects are being constructed.,Apply through city level implementing agency in the six selected cities for Light House Project housing.,"Income proof, Aadhaar card, domicile certificate, bank account",https://pmaymis.gov.in,छह शहरों में लाइट हाउस परियोजनाओं के माध्यम से किफायती आवास के लिए वैकल्पिक नवीन निर्माण प्रौद्योगिकियों का प्रदर्शन करता है।,छह चयनित शहरों में शहरी गरीब और ईडब्ल्यूएस परिवार जहां लाइट हाउस प्रोजेक्ट का निर्माण किया जा रहा है।,लाइट हाउस प्रोजेक्ट आवास के लिए चयनित छह शहरों में शहर स्तरीय कार्यान्वयन एजेंसी के माध्यम से आवेदन करें।,"आय प्रमाण, आधार कार्ड, निवास प्रमाण पत्र, बैंक खाता",ஆறு நகரங்களில் லைட் ஹவுஸ் திட்டங்கள் மூலம் மலிவு விலை வீடுகளுக்கான மாற்று புதுமையான கட்டுமான தொழில்நுட்பங்களை விளக்குகிறது.,லைட் ஹவுஸ் திட்டங்கள் கட்டப்படும் தேர்ந்தெடுக்கப்பட்ட ஆறு நகரங்களில் நகர்ப்புற ஏழைகள் மற்றும் EWS குடும்பங்கள்.,லைட் ஹவுஸ் திட்ட வீடுகளுக்கு தேர்ந்தெடுக்கப்பட்ட ஆறு நகரங்களில் நகர அளவிலான செயல்படுத்தும் முகமை மூலம் விண்ணப்பிக்கவும்.,"வருமானச் சான்று, ஆதார் அட்டை, இருப்பிடச் சான்றிதழ், வங்கிக் கணக்கு",ఆరు నగరాల్లో లైట్ హౌస్ ప్రాజెక్ట్‌ల ద్వారా సరసమైన గృహాల కోసం ప్రత్యామ్నాయ వినూత్న నిర్మాణ సాంకేతికతలను ప్రదర్శిస్తుంది.,లైట్ హౌస్ ప్రాజెక్ట్‌లు నిర్మిస్తున్న ఆరు ఎంపిక చేసిన నగరాల్లో పట్టణ పేదలు మరియు EWS కుటుంబాలు.,లైట్ హౌస్ ప్రాజెక్ట్ హౌసింగ్ కోసం ఎంచుకున్న ఆరు నగరాల్లో నగర స్థాయి అమలు చేసే ఏజెన్సీ ద్వారా దరఖాస్తు చేసుకోండి.,"ఆదాయ రుజువు, ఆధార్ కార్డు, నివాస ధృవీకరణ పత్రం, బ్యాంకు ఖాతా",ছয়টি শহরে লাইট হাউস প্রকল্পের মাধ্যমে সাশ্রয়ী মূল্যের আবাসনের জন্য বিকল্প উদ্ভাবনী নির্মাণ প্রযুক্তি প্রদর্শন করে।,শহুরে দরিদ্র এবং EWS পরিবার ছয়টি নির্বাচিত শহরে যেখানে লাইট হাউস প্রকল্প নির্মাণ করা হচ্ছে।,লাইট হাউস প্রকল্প আবাসনের জন্য নির্বাচিত ছয়টি শহরে শহর পর্যায়ে বাস্তবায়নকারী সংস্থার মাধ্যমে আবেদন করুন।,"আয়ের প্রমাণ, আধার কার্ড, আবাসিক শংসাপত্র, ব্যাঙ্ক অ্যাকাউন্ট",सहा शहरांमध्ये लाईट हाऊस प्रकल्पांद्वारे परवडणाऱ्या घरांसाठी पर्यायी नाविन्यपूर्ण बांधकाम तंत्रज्ञानाचे प्रात्यक्षिक.,शहरी गरीब आणि EWS कुटुंबे सहा निवडक शहरांमध्ये जेथे लाइट हाऊस प्रकल्प बांधले जात आहेत.,लाइट हाऊस प्रकल्प गृहनिर्माणासाठी निवडलेल्या सहा शहरांमध्ये शहरस्तरीय अंमलबजावणी एजन्सीद्वारे अर्ज करा.,"उत्पन्नाचा पुरावा, आधार कार्ड, अधिवास प्रमाणपत्र, बँक खाते",છ શહેરોમાં લાઇટ હાઉસ પ્રોજેક્ટ્સ દ્વારા પોસાય તેવા આવાસ માટે વૈકલ્પિક નવીન બાંધકામ તકનીકોનું નિદર્શન કરે છે.,શહેરી ગરીબ અને EWS પરિવારો છ પસંદ કરેલા શહેરોમાં જ્યાં લાઇટ હાઉસ પ્રોજેક્ટ્સ બનાવવામાં આવી રહ્યા છે.,લાઇટ હાઉસ પ્રોજેક્ટ હાઉસિંગ માટે પસંદગીના છ શહેરોમાં શહેર સ્તરની અમલીકરણ એજન્સી દ્વારા અરજી કરો.,"આવકનો દાખલો, આધાર કાર્ડ, ડોમિસાઇલ પ્રમાણપત્ર, બેંક ખાતું",ಆರು ನಗರಗಳಲ್ಲಿ ಲೈಟ್ ಹೌಸ್ ಯೋಜನೆಗಳ ಮೂಲಕ ಕೈಗೆಟುಕುವ ವಸತಿಗಾಗಿ ಪರ್ಯಾಯ ನವೀನ ನಿರ್ಮಾಣ ತಂತ್ರಜ್ಞಾನಗಳನ್ನು ಪ್ರದರ್ಶಿಸುತ್ತದೆ.,ಲೈಟ್ ಹೌಸ್ ಪ್ರಾಜೆಕ್ಟ್‌ಗಳನ್ನು ನಿರ್ಮಿಸುತ್ತಿರುವ ಆರು ಆಯ್ದ ನಗರಗಳಲ್ಲಿ ನಗರ ಬಡವರು ಮತ್ತು EWS ಕುಟುಂಬಗಳು.,ಲೈಟ್ ಹೌಸ್ ಪ್ರಾಜೆಕ್ಟ್ ವಸತಿಗಾಗಿ ಆಯ್ದ ಆರು ನಗರಗಳಲ್ಲಿ ನಗರ ಮಟ್ಟದ ಅನುಷ್ಠಾನ ಸಂಸ್ಥೆ ಮೂಲಕ ಅರ್ಜಿ ಸಲ್ಲಿಸಿ.,"ಆದಾಯ ಪುರಾವೆ, ಆಧಾರ್ ಕಾರ್ಡ್, ನಿವಾಸ ಪ್ರಮಾಣಪತ್ರ, ಬ್ಯಾಂಕ್ ಖಾತೆ",ആറ് നഗരങ്ങളിലെ ലൈറ്റ് ഹൗസ് പ്രോജക്ടുകളിലൂടെ താങ്ങാനാവുന്ന ഭവനങ്ങൾക്കായുള്ള ഇതര നൂതന നിർമ്മാണ സാങ്കേതികവിദ്യകൾ പ്രദർശിപ്പിക്കുന്നു.,ലൈറ്റ് ഹൗസ് പ്രോജക്ടുകൾ നിർമ്മിക്കുന്ന തിരഞ്ഞെടുത്ത ആറ് നഗരങ്ങളിലെ നഗര ദരിദ്രരും EWS കുടുംബങ്ങളും.,ലൈറ്റ് ഹൗസ് പ്രോജക്ട് ഭവനനിർമ്മാണത്തിനായി തിരഞ്ഞെടുത്ത ആറ് നഗരങ്ങളിലെ സിറ്റി ലെവൽ ഇംപ്ലിമെൻ്റിംഗ് ഏജൻസി മുഖേന അപേക്ഷിക്കുക.,"വരുമാന തെളിവ്, ആധാർ കാർഡ്, താമസ സർട്ടിഫിക്കറ്റ്, ബാങ്ക് അക്കൗണ്ട്"
83,Housing for All Mission Rural,Ministry of Rural Development,Housing,Aims to provide pucca house with basic amenities to all homeless and houseless rural families by providing financial and technical assistance.,Rural families without a pucca house or living in dilapidated housing identified through SECC data and Awaas Plus survey.,Gram Panchayat identifies and recommends eligible beneficiaries. Contact local panchayat or BDO office.,"Aadhaar card, bank account, land documents, MGNREGA job card",https://pmayg.nic.in,इसका उद्देश्य सभी बेघर एवं आवासहीन ग्रामीण परिवारों को वित्तीय एवं तकनीकी सहायता प्रदान कर बुनियादी सुविधाओं से युक्त पक्का मकान उपलब्ध कराना है।,एसईसीसी डेटा और आवास प्लस सर्वेक्षण के माध्यम से बिना पक्के घर वाले या जीर्ण-शीर्ण आवास में रहने वाले ग्रामीण परिवारों की पहचान की गई।,ग्राम पंचायत पात्र लाभार्थियों की पहचान और अनुशंसा करती है। स्थानीय पंचायत या बीडीओ कार्यालय से संपर्क करें।,"आधार कार्ड, बैंक खाता, भूमि दस्तावेज, मनरेगा जॉब कार्ड",நிதி மற்றும் தொழில்நுட்ப உதவிகளை வழங்குவதன் மூலம் வீடற்ற மற்றும் வீடற்ற அனைத்து கிராமப்புற குடும்பங்களுக்கும் அடிப்படை வசதிகளுடன் கூடிய பக்கா வீட்டை வழங்குவதை நோக்கமாகக் கொண்டுள்ளது.,SECC தரவு மற்றும் ஆவாஸ் பிளஸ் கணக்கெடுப்பு மூலம் அடையாளம் காணப்பட்ட பக்கா வீடு அல்லது பாழடைந்த வீடுகளில் வசிக்கும் கிராமப்புற குடும்பங்கள்.,கிராம பஞ்சாயத்து தகுதியான பயனாளிகளை கண்டறிந்து பரிந்துரைக்கிறது. உள்ளூர் பஞ்சாயத்து அல்லது BDO அலுவலகத்தை தொடர்பு கொள்ளவும்.,"ஆதார் அட்டை, வங்கிக் கணக்கு, நில ஆவணங்கள், MGNREGA வேலை அட்டை",ఆర్థిక మరియు సాంకేతిక సహాయాన్ని అందించడం ద్వారా నిరాశ్రయులైన మరియు ఇళ్లు లేని గ్రామీణ కుటుంబాలందరికీ ప్రాథమిక సౌకర్యాలతో పక్కా ఇల్లు అందించాలని లక్ష్యంగా పెట్టుకుంది.,SECC డేటా మరియు ఆవాస్ ప్లస్ సర్వే ద్వారా గుర్తించబడిన పక్కా ఇల్లు లేదా శిథిలావస్థలో నివసిస్తున్న గృహాలు లేని గ్రామీణ కుటుంబాలు.,గ్రామ పంచాయతీ అర్హులైన లబ్ధిదారులను గుర్తించి సిఫార్సు చేస్తుంది. స్థానిక పంచాయతీ లేదా BDO కార్యాలయాన్ని సంప్రదించండి.,"ఆధార్ కార్డ్, బ్యాంక్ ఖాతా, భూమి పత్రాలు, MGNREGA జాబ్ కార్డ్",আর্থিক ও প্রযুক্তিগত সহায়তা প্রদানের মাধ্যমে সমস্ত গৃহহীন এবং গৃহহীন গ্রামীণ পরিবারকে মৌলিক সুবিধা সহ পাকা ঘর প্রদানের লক্ষ্য।,SECC ডেটা এবং আবাস প্লাস সমীক্ষার মাধ্যমে শনাক্ত করা গ্রামীণ পরিবারগুলির একটি পাকা বাড়ি নেই বা জরাজীর্ণ আবাসনে বসবাস করছে৷,গ্রাম পঞ্চায়েত যোগ্য সুবিধাভোগীদের চিহ্নিত করে এবং সুপারিশ করে। স্থানীয় পঞ্চায়েত বা BDO অফিসে যোগাযোগ করুন।,"আধার কার্ড, ব্যাঙ্ক অ্যাকাউন্ট, জমির নথি, MGNREGA জব কার্ড",आर्थिक आणि तांत्रिक सहाय्य देऊन सर्व बेघर आणि बेघर ग्रामीण कुटुंबांना मूलभूत सुविधांसह पक्के घर उपलब्ध करून देण्याचा उद्देश आहे.,पक्के घर नसलेली किंवा जीर्ण घरांमध्ये राहणारी ग्रामीण कुटुंबे SECC डेटा आणि आवास प्लस सर्वेक्षणाद्वारे ओळखली जातात.,ग्रामपंचायत पात्र लाभार्थी ओळखते आणि शिफारस करते. स्थानिक पंचायत किंवा बीडीओ कार्यालयाशी संपर्क साधा.,"आधार कार्ड, बँक खाते, जमिनीची कागदपत्रे, मनरेगा जॉब कार्ड",આર્થિક અને ટેકનિકલ સહાય પૂરી પાડીને તમામ બેઘર અને ઘરવિહોણા ગ્રામીણ પરિવારોને પાયાની સુવિધાઓ સાથે પાકું ઘર પૂરું પાડવાનો હેતુ છે.,SECC ડેટા અને આવાસ પ્લસ સર્વે દ્વારા ઓળખવામાં આવેલા ગ્રામીણ પરિવારો કે જ્યાં પાકું મકાન નથી અથવા જર્જરિત આવાસમાં રહે છે.,ગ્રામ પંચાયત લાયક લાભાર્થીઓને ઓળખે છે અને ભલામણ કરે છે. સ્થાનિક પંચાયત અથવા BDO ઓફિસનો સંપર્ક કરો.,"આધાર કાર્ડ, બેંક ખાતું, જમીનના દસ્તાવેજો, મનરેગા જોબ કાર્ડ",ಆರ್ಥಿಕ ಮತ್ತು ತಾಂತ್ರಿಕ ನೆರವು ನೀಡುವ ಮೂಲಕ ಎಲ್ಲಾ ವಸತಿ ರಹಿತ ಮತ್ತು ವಸತಿ ರಹಿತ ಗ್ರಾಮೀಣ ಕುಟುಂಬಗಳಿಗೆ ಮೂಲಭೂತ ಸೌಕರ್ಯಗಳೊಂದಿಗೆ ಪಕ್ಕಾ ಮನೆಯನ್ನು ಒದಗಿಸುವ ಗುರಿಯನ್ನು ಹೊಂದಿದೆ.,SECC ಡೇಟಾ ಮತ್ತು ಆವಾಸ್ ಪ್ಲಸ್ ಸಮೀಕ್ಷೆಯ ಮೂಲಕ ಗುರುತಿಸಲಾದ ಪಕ್ಕಾ ಮನೆ ಇಲ್ಲದ ಅಥವಾ ಪಾಳುಬಿದ್ದ ವಸತಿಗಳಲ್ಲಿ ವಾಸಿಸುವ ಗ್ರಾಮೀಣ ಕುಟುಂಬಗಳು.,ಗ್ರಾಮ ಪಂಚಾಯಿತಿ ಅರ್ಹ ಫಲಾನುಭವಿಗಳನ್ನು ಗುರುತಿಸಿ ಶಿಫಾರಸು ಮಾಡುತ್ತದೆ. ಸ್ಥಳೀಯ ಪಂಚಾಯತ್ ಅಥವಾ ಬಿಡಿಒ ಕಚೇರಿಯನ್ನು ಸಂಪರ್ಕಿಸಿ.,"ಆಧಾರ್ ಕಾರ್ಡ್, ಬ್ಯಾಂಕ್ ಖಾತೆ, ಭೂಮಿ ದಾಖಲೆಗಳು, MGNREGA ಜಾಬ್ ಕಾರ್ಡ್",ഭവനരഹിതരും ഭവനരഹിതരുമായ എല്ലാ ഗ്രാമീണ കുടുംബങ്ങൾക്കും സാമ്പത്തികവും സാങ്കേതികവുമായ സഹായം നൽകിക്കൊണ്ട് അടിസ്ഥാന സൗകര്യങ്ങളോടുകൂടിയ ഒരു പക്കാ വീട് നൽകുക എന്നതാണ് ലക്ഷ്യം.,SECC ഡാറ്റയിലൂടെയും ആവാസ് പ്ലസ് സർവേയിലൂടെയും തിരിച്ചറിഞ്ഞ ഒരു പക്ക വീടില്ലാത്ത അല്ലെങ്കിൽ ജീർണിച്ച ഭവനങ്ങളിൽ താമസിക്കുന്ന ഗ്രാമീണ കുടുംബങ്ങൾ.,അർഹരായ ഗുണഭോക്താക്കളെ ഗ്രാമപഞ്ചായത്ത് കണ്ടെത്തി ശുപാർശ ചെയ്യുന്നു. പ്രാദേശിക പഞ്ചായത്തുമായോ BDO ഓഫീസുമായോ ബന്ധപ്പെടുക.,"ആധാർ കാർഡ്, ബാങ്ക് അക്കൗണ്ട്, ഭൂമി രേഖകൾ, MGNREGA ജോബ് കാർഡ്"
84,Affordable Rental Housing Complexes,Ministry of Housing and Urban Affairs,Housing,Provides affordable rental housing to urban migrants and poor near their workplace in industrial clusters and urban areas.,Urban migrants workers from EWS and LIG categories seeking affordable rental accommodation near workplace.,Apply through implementing agency or urban local body in cities where ARHC scheme is operational.,"Identity proof, income proof, Aadhaar card, employment proof",https://mohua.gov.in,शहरी प्रवासियों और गरीबों को औद्योगिक समूहों और शहरी क्षेत्रों में उनके कार्यस्थल के पास किफायती किराये के आवास प्रदान करता है।,ईडब्ल्यूएस और एलआईजी श्रेणियों के शहरी प्रवासी श्रमिक कार्यस्थल के पास किफायती किराये के आवास की तलाश में हैं।,उन शहरों में कार्यान्वयन एजेंसी या शहरी स्थानीय निकाय के माध्यम से आवेदन करें जहां एआरएचसी योजना चालू है।,"पहचान प्रमाण, आय प्रमाण, आधार कार्ड, रोजगार प्रमाण",நகர்ப்புற புலம்பெயர்ந்தோர் மற்றும் ஏழைகளுக்கு தொழில்துறை கூட்டங்கள் மற்றும் நகர்ப்புறங்களில் அவர்களின் பணியிடத்திற்கு அருகில் மலிவு வாடகை வீடுகளை வழங்குகிறது.,EWS மற்றும் LIG வகைகளைச் சேர்ந்த நகர்ப்புற புலம்பெயர்ந்த தொழிலாளர்கள் பணியிடத்திற்கு அருகில் மலிவு வாடகை தங்குமிடத்தை நாடுகின்றனர்.,ARHC திட்டம் செயல்படும் நகரங்களில் செயல்படுத்தும் நிறுவனம் அல்லது நகர்ப்புற உள்ளாட்சி அமைப்பு மூலம் விண்ணப்பிக்கவும்.,"அடையாளச் சான்று, வருமானச் சான்று, ஆதார் அட்டை, வேலைவாய்ப்புச் சான்று",పారిశ్రామిక సమూహాలు మరియు పట్టణ ప్రాంతాలలో వారి కార్యాలయానికి సమీపంలో ఉన్న పట్టణ వలసదారులు మరియు పేదలకు సరసమైన అద్దె గృహాలను అందిస్తుంది.,EWS మరియు LIG వర్గాలకు చెందిన పట్టణ వలస కార్మికులు కార్యాలయానికి సమీపంలో సరసమైన అద్దె వసతి కోరుతున్నారు.,ARHC పథకం అమలులో ఉన్న నగరాల్లో అమలు చేసే ఏజెన్సీ లేదా పట్టణ స్థానిక సంస్థ ద్వారా దరఖాస్తు చేసుకోండి.,"గుర్తింపు రుజువు, ఆదాయ రుజువు, ఆధార్ కార్డు, ఉపాధి రుజువు",শিল্প ক্লাস্টার এবং শহুরে এলাকায় তাদের কর্মক্ষেত্রের কাছাকাছি শহুরে অভিবাসী এবং দরিদ্রদের সাশ্রয়ী মূল্যের ভাড়া আবাসন প্রদান করে।,EWS এবং LIG ক্যাটাগরির শহুরে অভিবাসী কর্মীরা কর্মক্ষেত্রের কাছে সাশ্রয়ী ভাড়ার বাসস্থান খুঁজছেন।,যেসব শহরে ARHC স্কিম চালু আছে সেখানে বাস্তবায়নকারী সংস্থা বা নগর স্থানীয় সংস্থার মাধ্যমে আবেদন করুন।,"পরিচয় প্রমাণ, আয়ের প্রমাণ, আধার কার্ড, চাকরির প্রমাণ",शहरी स्थलांतरितांना आणि औद्योगिक समूह आणि शहरी भागात त्यांच्या कामाच्या ठिकाणाजवळील गरीबांना परवडणारी भाड्याची घरे प्रदान करते.,EWS आणि LIG श्रेणीतील शहरी स्थलांतरित कामगार कामाच्या ठिकाणाजवळ परवडणाऱ्या भाड्याने निवास शोधत आहेत.,ARHC योजना कार्यान्वित असलेल्या शहरांमध्ये अंमलबजावणी करणाऱ्या एजन्सी किंवा शहरी स्थानिक संस्थेमार्फत अर्ज करा.,"ओळखीचा पुरावा, उत्पन्नाचा पुरावा, आधार कार्ड, रोजगाराचा पुरावा",ઔદ્યોગિક ક્લસ્ટરો અને શહેરી વિસ્તારોમાં તેમના કાર્યસ્થળની નજીક શહેરી સ્થળાંતર કરનારાઓ અને ગરીબોને સસ્તું ભાડાના મકાનો પ્રદાન કરે છે.,EWS અને LIG કેટેગરીના શહેરી સ્થળાંતર કામદારો કાર્યસ્થળની નજીક સસ્તું ભાડાના આવાસની શોધ કરે છે.,ARHC યોજના કાર્યરત છે તેવા શહેરોમાં અમલીકરણ એજન્સી અથવા શહેરી સ્થાનિક સંસ્થા દ્વારા અરજી કરો.,"ઓળખનો પુરાવો, આવકનો પુરાવો, આધાર કાર્ડ, રોજગારનો પુરાવો",ಕೈಗಾರಿಕಾ ಕ್ಲಸ್ಟರ್‌ಗಳು ಮತ್ತು ನಗರ ಪ್ರದೇಶಗಳಲ್ಲಿನ ಅವರ ಕೆಲಸದ ಸ್ಥಳದ ಬಳಿ ನಗರ ವಲಸಿಗರು ಮತ್ತು ಬಡವರಿಗೆ ಕೈಗೆಟುಕುವ ಬಾಡಿಗೆ ವಸತಿಗಳನ್ನು ಒದಗಿಸುತ್ತದೆ.,EWS ಮತ್ತು LIG ವರ್ಗಗಳ ನಗರ ವಲಸೆ ಕಾರ್ಮಿಕರು ಕೆಲಸದ ಸ್ಥಳದ ಬಳಿ ಕೈಗೆಟುಕುವ ಬಾಡಿಗೆ ವಸತಿಗಳನ್ನು ಬಯಸುತ್ತಾರೆ.,ARHC ಯೋಜನೆಯು ಕಾರ್ಯನಿರ್ವಹಿಸುತ್ತಿರುವ ನಗರಗಳಲ್ಲಿ ಅನುಷ್ಠಾನ ಸಂಸ್ಥೆ ಅಥವಾ ನಗರ ಸ್ಥಳೀಯ ಸಂಸ್ಥೆಯ ಮೂಲಕ ಅನ್ವಯಿಸಿ.,"ಗುರುತಿನ ಪುರಾವೆ, ಆದಾಯ ಪುರಾವೆ, ಆಧಾರ್ ಕಾರ್ಡ್, ಉದ್ಯೋಗ ಪುರಾವೆ",വ്യാവസായിക ക്ലസ്റ്ററുകളിലും നഗരപ്രദേശങ്ങളിലും അവരുടെ ജോലിസ്ഥലത്തിനടുത്തുള്ള നഗര കുടിയേറ്റക്കാർക്കും ദരിദ്രർക്കും താങ്ങാനാവുന്ന വാടക ഭവനം നൽകുന്നു.,"EWS, LIG ​​വിഭാഗങ്ങളിൽ നിന്നുള്ള നഗര കുടിയേറ്റ തൊഴിലാളികൾ ജോലിസ്ഥലത്തിന് സമീപം താങ്ങാനാവുന്ന വാടകയ്ക്ക് താമസം തേടുന്നു.",ARHC സ്കീം പ്രവർത്തിക്കുന്ന നഗരങ്ങളിൽ നടപ്പിലാക്കുന്ന ഏജൻസി വഴിയോ നഗര തദ്ദേശ സ്ഥാപനം വഴിയോ അപേക്ഷിക്കുക.,"ഐഡൻ്റിറ്റി പ്രൂഫ്, വരുമാന തെളിവ്, ആധാർ കാർഡ്, തൊഴിൽ തെളിവ്"
85,National Rurban Mission,Ministry of Rural Development,Housing,Develops rural clusters with urban amenities including housing roads water supply sanitation and economic opportunities.,Residents of selected rural clusters under Rurban Mission in states implementing the scheme.,Benefit flows automatically through development of selected clusters. Contact District Rural Development Agency for details.,"Aadhaar card, address proof in the Rurban cluster",https://rurban.gov.in,"आवास, सड़क, जल आपूर्ति, स्वच्छता और आर्थिक अवसरों सहित शहरी सुविधाओं के साथ ग्रामीण समूहों का विकास करता है।",योजना लागू करने वाले राज्यों में रूर्बन मिशन के तहत चयनित ग्रामीण समूहों के निवासी।,चयनित समूहों के विकास से लाभ स्वचालित रूप से प्रवाहित होता है। विवरण के लिए जिला ग्रामीण विकास एजेंसी से संपर्क करें।,"रुर्बन क्लस्टर में आधार कार्ड, पते का प्रमाण",வீட்டுச் சாலைகள் நீர் வழங்கல் சுகாதாரம் மற்றும் பொருளாதார வாய்ப்புகள் உள்ளிட்ட நகர்ப்புற வசதிகளுடன் கிராமப்புற கிளஸ்டர்களை உருவாக்குகிறது.,இத்திட்டத்தை செயல்படுத்தும் மாநிலங்களில் ரூர்பன் மிஷன் கீழ் தேர்ந்தெடுக்கப்பட்ட கிராமப்புற கிளஸ்டர்களில் வசிப்பவர்கள்.,தேர்ந்தெடுக்கப்பட்ட க்ளஸ்டர்களை உருவாக்குவதன் மூலம் பயன் தானாகவே பாய்கிறது. விவரங்களுக்கு மாவட்ட ஊரக வளர்ச்சி முகமையைத் தொடர்பு கொள்ளவும்.,"ஆதார் அட்டை, ரூர்பன் கிளஸ்டரில் முகவரி சான்று",గృహ రోడ్లు నీటి సరఫరా పారిశుధ్యం మరియు ఆర్థిక అవకాశాలతో సహా పట్టణ సౌకర్యాలతో గ్రామీణ సమూహాలను అభివృద్ధి చేస్తుంది.,పథకాన్ని అమలు చేస్తున్న రాష్ట్రాల్లో రూర్బన్ మిషన్ కింద ఎంపిక చేసిన గ్రామీణ క్లస్టర్ల నివాసితులు.,ఎంచుకున్న క్లస్టర్‌ల అభివృద్ధి ద్వారా ప్రయోజనం స్వయంచాలకంగా ప్రవహిస్తుంది. వివరాలకు జిల్లా గ్రామీణాభివృద్ధి సంస్థను సంప్రదించండి.,"రూర్బన్ క్లస్టర్‌లో ఆధార్ కార్డు, చిరునామా రుజువు",আবাসন রাস্তা জল সরবরাহ স্যানিটেশন এবং অর্থনৈতিক সুযোগ সহ শহুরে সুবিধা সহ গ্রামীণ ক্লাস্টার বিকাশ করে।,প্রকল্পটি বাস্তবায়নকারী রাজ্যগুলিতে Rurban মিশনের অধীনে নির্বাচিত গ্রামীণ ক্লাস্টারের বাসিন্দারা।,নির্বাচিত ক্লাস্টারগুলির বিকাশের মাধ্যমে সুবিধা স্বয়ংক্রিয়ভাবে প্রবাহিত হয়। বিস্তারিত জানার জন্য জেলা পল্লী উন্নয়ন সংস্থার সাথে যোগাযোগ করুন।,"Rurban ক্লাস্টারে আধার কার্ড, ঠিকানার প্রমাণ",गृहनिर्माण रस्ते पाणीपुरवठा स्वच्छता आणि आर्थिक संधींसह शहरी सुविधांसह ग्रामीण क्लस्टर विकसित करते.,योजनेची अंमलबजावणी करणाऱ्या राज्यांमध्ये रुर्बन मिशन अंतर्गत निवडलेल्या ग्रामीण समूहातील रहिवासी.,निवडक क्लस्टर्सच्या विकासाद्वारे लाभ आपोआप वाहतो. तपशीलासाठी जिल्हा ग्रामीण विकास यंत्रणेशी संपर्क साधा.,"रुर्बन क्लस्टरमध्ये आधार कार्ड, पत्त्याचा पुरावा",હાઉસિંગ રોડ પાણી પુરવઠાની સ્વચ્છતા અને આર્થિક તકો સહિત શહેરી સુવિધાઓ સાથે ગ્રામીણ ક્લસ્ટરો વિકસાવે છે.,યોજના અમલમાં મૂકતા રાજ્યોમાં રૂર્બન મિશન હેઠળ પસંદ કરેલ ગ્રામીણ ક્લસ્ટરોના રહેવાસીઓ.,પસંદ કરેલા ક્લસ્ટરોના વિકાસ દ્વારા લાભ આપમેળે વહે છે. વિગતો માટે જિલ્લા ગ્રામ વિકાસ એજન્સીનો સંપર્ક કરો.,"રૂર્બન ક્લસ્ટરમાં આધાર કાર્ડ, સરનામાનો પુરાવો",ವಸತಿ ರಸ್ತೆಗಳು ನೀರು ಸರಬರಾಜು ನೈರ್ಮಲ್ಯ ಮತ್ತು ಆರ್ಥಿಕ ಅವಕಾಶಗಳು ಸೇರಿದಂತೆ ನಗರ ಸೌಕರ್ಯಗಳೊಂದಿಗೆ ಗ್ರಾಮೀಣ ಕ್ಲಸ್ಟರ್‌ಗಳನ್ನು ಅಭಿವೃದ್ಧಿಪಡಿಸುತ್ತದೆ.,ಯೋಜನೆಯನ್ನು ಜಾರಿಗೊಳಿಸುತ್ತಿರುವ ರಾಜ್ಯಗಳಲ್ಲಿ ರೂರ್ಬನ್ ಮಿಷನ್ ಅಡಿಯಲ್ಲಿ ಆಯ್ದ ಗ್ರಾಮೀಣ ಕ್ಲಸ್ಟರ್‌ಗಳ ನಿವಾಸಿಗಳು.,ಆಯ್ದ ಕ್ಲಸ್ಟರ್‌ಗಳ ಅಭಿವೃದ್ಧಿಯ ಮೂಲಕ ಪ್ರಯೋಜನವು ಸ್ವಯಂಚಾಲಿತವಾಗಿ ಹರಿಯುತ್ತದೆ. ವಿವರಗಳಿಗಾಗಿ ಜಿಲ್ಲಾ ಗ್ರಾಮೀಣಾಭಿವೃದ್ಧಿ ಏಜೆನ್ಸಿಯನ್ನು ಸಂಪರ್ಕಿಸಿ.,"ಆಧಾರ್ ಕಾರ್ಡ್, ರೂರ್ಬನ್ ಕ್ಲಸ್ಟರ್‌ನಲ್ಲಿ ವಿಳಾಸ ಪುರಾವೆ",ഭവന റോഡുകൾ ജലവിതരണ ശുചിത്വവും സാമ്പത്തിക അവസരങ്ങളും ഉൾപ്പെടെയുള്ള നഗര സൗകര്യങ്ങളുള്ള ഗ്രാമീണ ക്ലസ്റ്ററുകൾ വികസിപ്പിക്കുന്നു.,പദ്ധതി നടപ്പാക്കുന്ന സംസ്ഥാനങ്ങളിലെ റൂർബൻ മിഷൻ്റെ കീഴിലുള്ള തിരഞ്ഞെടുത്ത ഗ്രാമീണ ക്ലസ്റ്ററുകളിലെ താമസക്കാർ.,തിരഞ്ഞെടുത്ത ക്ലസ്റ്ററുകളുടെ വികസനത്തിലൂടെ പ്രയോജനം സ്വയമേവ ഒഴുകുന്നു. വിശദവിവരങ്ങൾക്ക് ജില്ലാ ഗ്രാമവികസന ഏജൻസിയുമായി ബന്ധപ്പെടുക.,"ആധാർ കാർഡ്, റൂർബൻ ക്ലസ്റ്ററിലെ വിലാസ തെളിവ്"
86,Aadhaar Card,Ministry of Electronics and IT,Identity,Provides a unique 12 digit identity number to every resident of India based on biometric and demographic data for identity verification.,All residents of India including children and infants regardless of age or citizenship status.,Book appointment at nearest Aadhaar Seva Kendra or Common Service Centre at uidai.gov.in.,"Proof of identity, proof of address, proof of date of birth",https://uidai.gov.in,पहचान सत्यापन के लिए बायोमेट्रिक और जनसांख्यिकीय डेटा के आधार पर भारत के प्रत्येक निवासी को एक अद्वितीय 12 अंकों की पहचान संख्या प्रदान करता है।,उम्र या नागरिकता की स्थिति की परवाह किए बिना बच्चों और शिशुओं सहित भारत के सभी निवासी।,नजदीकी आधार सेवा केंद्र या कॉमन सर्विस सेंटर uidai.gov.in पर अपॉइंटमेंट बुक करें।,"पहचान का प्रमाण, पते का प्रमाण, जन्म तिथि का प्रमाण",அடையாள சரிபார்ப்பிற்காக பயோமெட்ரிக் மற்றும் மக்கள்தொகை தரவுகளின் அடிப்படையில் இந்தியாவில் வசிக்கும் ஒவ்வொருவருக்கும் தனித்துவமான 12 இலக்க அடையாள எண்ணை வழங்குகிறது.,வயது அல்லது குடியுரிமை நிலையைப் பொருட்படுத்தாமல் குழந்தைகள் மற்றும் கைக்குழந்தைகள் உட்பட இந்தியாவில் வசிப்பவர்கள் அனைவரும்.,அருகிலுள்ள ஆதார் சேவா கேந்திரா அல்லது uidai.gov.in இல் பொது சேவை மையத்தில் முன்பதிவு செய்யுங்கள்.,"அடையாளச் சான்று, முகவரிச் சான்று, பிறந்த தேதிச் சான்று",గుర్తింపు ధృవీకరణ కోసం బయోమెట్రిక్ మరియు డెమోగ్రాఫిక్ డేటా ఆధారంగా భారతదేశంలోని ప్రతి నివాసికి ప్రత్యేకమైన 12 అంకెల గుర్తింపు సంఖ్యను అందిస్తుంది.,వయస్సు లేదా పౌరసత్వ స్థితితో సంబంధం లేకుండా పిల్లలు మరియు శిశువులతో సహా భారతదేశంలోని నివాసితులు అందరూ.,uidai.gov.inలో సమీపంలోని ఆధార్ సేవా కేంద్రం లేదా కామన్ సర్వీస్ సెంటర్‌లో అపాయింట్‌మెంట్ బుక్ చేసుకోండి.,"గుర్తింపు రుజువు, చిరునామా రుజువు, పుట్టిన తేదీ రుజువు",পরিচয় যাচাইয়ের জন্য বায়োমেট্রিক এবং ডেমোগ্রাফিক ডেটার উপর ভিত্তি করে ভারতের প্রতিটি বাসিন্দাকে একটি অনন্য 12 সংখ্যার পরিচয় নম্বর প্রদান করে।,বয়স বা নাগরিকত্বের অবস্থা নির্বিশেষে শিশু এবং শিশু সহ ভারতের সকল বাসিন্দা।,নিকটস্থ আধার সেবা কেন্দ্র বা uidai.gov.in-এ কমন সার্ভিস সেন্টারে অ্যাপয়েন্টমেন্ট বুক করুন।,"পরিচয়ের প্রমাণ, ঠিকানার প্রমাণ, জন্ম তারিখের প্রমাণ",ओळख पडताळणीसाठी बायोमेट्रिक आणि डेमोग्राफिक डेटावर आधारित भारतातील प्रत्येक रहिवाशांना एक अद्वितीय 12 अंकी ओळख क्रमांक प्रदान करते.,वय किंवा नागरिकत्वाची स्थिती विचारात न घेता मुले आणि लहान मुलांसह भारतातील सर्व रहिवासी.,जवळच्या आधार सेवा केंद्रावर किंवा uidai.gov.in येथे कॉमन सर्व्हिस सेंटरवर अपॉइंटमेंट बुक करा.,"ओळखीचा पुरावा, पत्त्याचा पुरावा, जन्मतारखेचा पुरावा",ઓળખની ચકાસણી માટે બાયોમેટ્રિક અને ડેમોગ્રાફિક ડેટાના આધારે ભારતના દરેક રહેવાસીને 12 અંકનો અનન્ય ઓળખ નંબર પૂરો પાડે છે.,બાળકો અને શિશુઓ સહિત ભારતના તમામ રહેવાસીઓ વય અથવા નાગરિકત્વની સ્થિતિને ધ્યાનમાં લીધા વગર.,નજીકના આધાર સેવા કેન્દ્ર અથવા uidai.gov.in પર કોમન સર્વિસ સેન્ટર પર એપોઇન્ટમેન્ટ બુક કરો.,"ઓળખનો પુરાવો, સરનામાનો પુરાવો, જન્મ તારીખનો પુરાવો",ಗುರುತಿನ ಪರಿಶೀಲನೆಗಾಗಿ ಬಯೋಮೆಟ್ರಿಕ್ ಮತ್ತು ಜನಸಂಖ್ಯಾ ಡೇಟಾವನ್ನು ಆಧರಿಸಿ ಭಾರತದ ಪ್ರತಿಯೊಬ್ಬ ನಿವಾಸಿಗೆ ಅನನ್ಯ 12 ಅಂಕಿಗಳ ಗುರುತಿನ ಸಂಖ್ಯೆಯನ್ನು ಒದಗಿಸುತ್ತದೆ.,ವಯಸ್ಸು ಅಥವಾ ಪೌರತ್ವ ಸ್ಥಿತಿಯನ್ನು ಲೆಕ್ಕಿಸದೆ ಮಕ್ಕಳು ಮತ್ತು ಶಿಶುಗಳು ಸೇರಿದಂತೆ ಭಾರತದ ಎಲ್ಲಾ ನಿವಾಸಿಗಳು.,ಹತ್ತಿರದ ಆಧಾರ್ ಸೇವಾ ಕೇಂದ್ರ ಅಥವಾ uidai.gov.in ನಲ್ಲಿ ಸಾಮಾನ್ಯ ಸೇವಾ ಕೇಂದ್ರದಲ್ಲಿ ಅಪಾಯಿಂಟ್‌ಮೆಂಟ್ ಬುಕ್ ಮಾಡಿ.,"ಗುರುತಿನ ಪುರಾವೆ, ವಿಳಾಸದ ಪುರಾವೆ, ಜನ್ಮ ದಿನಾಂಕದ ಪುರಾವೆ","ഐഡൻ്റിറ്റി വെരിഫിക്കേഷനായി ബയോമെട്രിക്, ഡെമോഗ്രാഫിക് ഡാറ്റയെ അടിസ്ഥാനമാക്കി ഇന്ത്യയിലെ ഓരോ താമസക്കാർക്കും തനതായ 12 അക്ക ഐഡൻ്റിറ്റി നമ്പർ നൽകുന്നു.",പ്രായമോ പൗരത്വ നിലയോ പരിഗണിക്കാതെ കുട്ടികളും ശിശുക്കളും ഉൾപ്പെടെ ഇന്ത്യയിലെ എല്ലാ താമസക്കാരും.,അടുത്തുള്ള ആധാർ സേവാ കേന്ദ്രത്തിലോ uidai.gov.in-ലെ പൊതു സേവന കേന്ദ്രത്തിലോ അപ്പോയിൻ്റ്മെൻ്റ് ബുക്ക് ചെയ്യുക.,"തിരിച്ചറിയൽ രേഖ, വിലാസം തെളിയിക്കുന്ന രേഖ, ജനനത്തീയതി തെളിയിക്കുന്ന രേഖ"
87,PAN Card,Ministry of Finance,Identity,Provides permanent account number for tracking financial transactions and filing income tax returns to Indian citizens and entities.,All Indian citizens foreign citizens companies firms and other entities conducting financial transactions in India.,Apply online at incometax.gov.in or NSDL or UTIITSL portals or visit nearest PAN centre.,"Aadhaar card, proof of identity, proof of address, proof of date of birth, passport size photo",https://www.incometax.gov.in,भारतीय नागरिकों और संस्थाओं को वित्तीय लेनदेन पर नज़र रखने और आयकर रिटर्न दाखिल करने के लिए स्थायी खाता संख्या प्रदान करता है।,"भारत में वित्तीय लेनदेन करने वाले सभी भारतीय नागरिक, विदेशी नागरिक, कंपनियां, फर्म और अन्य संस्थाएं।",इनकमटैक्स.जीओवी.इन या एनएसडीएल या यूटीआईआईटीएसएल पोर्टल पर ऑनलाइन आवेदन करें या निकटतम पैन केंद्र पर जाएं।,"आधार कार्ड, पहचान का प्रमाण, पते का प्रमाण, जन्म तिथि का प्रमाण, पासपोर्ट आकार का फोटो",இந்திய குடிமக்கள் மற்றும் நிறுவனங்களுக்கு நிதி பரிவர்த்தனைகளைக் கண்காணிப்பதற்கும் வருமான வரிக் கணக்கை தாக்கல் செய்வதற்கும் நிரந்தர கணக்கு எண்ணை வழங்குகிறது.,அனைத்து இந்திய குடிமக்கள் வெளிநாட்டு குடிமக்கள் நிறுவனங்கள் நிறுவனங்கள் மற்றும் இந்தியாவில் நிதி பரிவர்த்தனைகளை நடத்தும் பிற நிறுவனங்கள்.,incometax.gov.in அல்லது NSDL அல்லது UTIITSL போர்ட்டல்களில் ஆன்லைனில் விண்ணப்பிக்கவும் அல்லது அருகிலுள்ள PAN மையத்தைப் பார்வையிடவும்.,"ஆதார் அட்டை, அடையாளச் சான்று, முகவரிச் சான்று, பிறந்த தேதிக்கான சான்று, பாஸ்போர்ட் அளவு புகைப்படம்",భారతీయ పౌరులు మరియు సంస్థలకు ఆర్థిక లావాదేవీలను ట్రాక్ చేయడానికి మరియు ఆదాయపు పన్ను రిటర్న్‌లను ఫైల్ చేయడానికి శాశ్వత ఖాతా నంబర్‌ను అందిస్తుంది.,భారతీయ పౌరులందరూ విదేశీ పౌరుల కంపెనీలు సంస్థలు మరియు భారతదేశంలో ఆర్థిక లావాదేవీలు నిర్వహిస్తున్న ఇతర సంస్థలు.,incometax.gov.in లేదా NSDL లేదా UTIITSL పోర్టల్‌లలో ఆన్‌లైన్‌లో దరఖాస్తు చేసుకోండి లేదా సమీపంలోని PAN కేంద్రాన్ని సందర్శించండి.,"ఆధార్ కార్డ్, గుర్తింపు రుజువు, చిరునామా రుజువు, పుట్టిన తేదీ రుజువు, పాస్‌పోర్ట్ సైజు ఫోటో",আর্থিক লেনদেন ট্র্যাক করার জন্য এবং ভারতীয় নাগরিক এবং সত্তাদের আয়কর রিটার্ন দাখিল করার জন্য স্থায়ী অ্যাকাউন্ট নম্বর প্রদান করে।,সমস্ত ভারতীয় নাগরিক বিদেশী নাগরিক কোম্পানী সংস্থাগুলি এবং অন্যান্য সংস্থাগুলি ভারতে আর্থিক লেনদেন পরিচালনা করে।,Incometax.gov.in বা NSDL বা UTIITSL পোর্টালে অনলাইনে আবেদন করুন বা নিকটস্থ PAN কেন্দ্রে যান।,"আধার কার্ড, পরিচয়ের প্রমাণ, ঠিকানার প্রমাণ, জন্ম তারিখের প্রমাণ, পাসপোর্ট সাইজের ছবি",आर्थिक व्यवहारांचा मागोवा घेण्यासाठी आणि भारतीय नागरिक आणि संस्थांना आयकर रिटर्न भरण्यासाठी कायमस्वरूपी खाते क्रमांक प्रदान करते.,सर्व भारतीय नागरिक परदेशी नागरिक कंपन्या कंपन्या आणि भारतात आर्थिक व्यवहार करणाऱ्या इतर संस्था.,Incometax.gov.in किंवा NSDL किंवा UTIITSL पोर्टलवर ऑनलाइन अर्ज करा किंवा जवळच्या पॅन केंद्राला भेट द्या.,"आधार कार्ड, ओळखीचा पुरावा, पत्त्याचा पुरावा, जन्मतारखेचा पुरावा, पासपोर्ट आकाराचा फोटो",ભારતીય નાગરિકો અને સંસ્થાઓને નાણાકીય વ્યવહારોને ટ્રેક કરવા અને આવકવેરા રિટર્ન ફાઇલ કરવા માટે કાયમી એકાઉન્ટ નંબર પ્રદાન કરે છે.,તમામ ભારતીય નાગરિકો વિદેશી નાગરિક કંપનીઓ કંપનીઓ અને ભારતમાં નાણાકીય વ્યવહારો કરતી અન્ય સંસ્થાઓ.,Incometax.gov.in અથવા NSDL અથવા UTIITSL પોર્ટલ પર ઑનલાઇન અરજી કરો અથવા નજીકના PAN કેન્દ્રની મુલાકાત લો.,"આધાર કાર્ડ, ઓળખનો પુરાવો, સરનામાનો પુરાવો, જન્મ તારીખનો પુરાવો, પાસપોર્ટ સાઇઝનો ફોટો",ಹಣಕಾಸಿನ ವಹಿವಾಟುಗಳನ್ನು ಟ್ರ್ಯಾಕ್ ಮಾಡಲು ಮತ್ತು ಭಾರತೀಯ ನಾಗರಿಕರು ಮತ್ತು ಘಟಕಗಳಿಗೆ ಆದಾಯ ತೆರಿಗೆ ರಿಟರ್ನ್ಸ್ ಸಲ್ಲಿಸಲು ಶಾಶ್ವತ ಖಾತೆ ಸಂಖ್ಯೆಯನ್ನು ಒದಗಿಸುತ್ತದೆ.,ಎಲ್ಲಾ ಭಾರತೀಯ ನಾಗರಿಕರು ವಿದೇಶಿ ಪ್ರಜೆಗಳ ಕಂಪನಿಗಳು ಮತ್ತು ಭಾರತದಲ್ಲಿ ಹಣಕಾಸಿನ ವಹಿವಾಟು ನಡೆಸುವ ಇತರ ಘಟಕಗಳು.,incometax.gov.in ಅಥವಾ NSDL ಅಥವಾ UTIITSL ಪೋರ್ಟಲ್‌ಗಳಲ್ಲಿ ಆನ್‌ಲೈನ್‌ನಲ್ಲಿ ಅನ್ವಯಿಸಿ ಅಥವಾ ಹತ್ತಿರದ PAN ಕೇಂದ್ರಕ್ಕೆ ಭೇಟಿ ನೀಡಿ.,"ಆಧಾರ್ ಕಾರ್ಡ್, ಗುರುತಿನ ಪುರಾವೆ, ವಿಳಾಸದ ಪುರಾವೆ, ಜನ್ಮ ದಿನಾಂಕದ ಪುರಾವೆ, ಪಾಸ್‌ಪೋರ್ಟ್ ಗಾತ್ರದ ಫೋಟೋ",ഇന്ത്യൻ പൗരന്മാർക്കും സ്ഥാപനങ്ങൾക്കും സാമ്പത്തിക ഇടപാടുകൾ ട്രാക്ക് ചെയ്യുന്നതിനും ആദായനികുതി റിട്ടേണുകൾ ഫയൽ ചെയ്യുന്നതിനും സ്ഥിരമായ അക്കൗണ്ട് നമ്പർ നൽകുന്നു.,എല്ലാ ഇന്ത്യൻ പൗരന്മാരും വിദേശ പൗരന്മാരുടെ കമ്പനികളും ഇന്ത്യയിൽ സാമ്പത്തിക ഇടപാടുകൾ നടത്തുന്ന മറ്റ് സ്ഥാപനങ്ങളും.,incometax.gov.in അല്ലെങ്കിൽ NSDL അല്ലെങ്കിൽ UTIITSL പോർട്ടലുകളിൽ ഓൺലൈനായി അപേക്ഷിക്കുക അല്ലെങ്കിൽ അടുത്തുള്ള PAN കേന്ദ്രം സന്ദർശിക്കുക.,"ആധാർ കാർഡ്, തിരിച്ചറിയൽ രേഖ, വിലാസം തെളിയിക്കുന്ന രേഖ, ജനനത്തീയതിയുടെ തെളിവ്, പാസ്‌പോർട്ട് സൈസ് ഫോട്ടോ"
88,Passport Services,Ministry of External Affairs,Identity,Issues travel document to Indian citizens enabling them to travel internationally and serving as proof of citizenship.,All Indian citizens. Minor children can get passport with parents as applicants.,Apply online at passportindia.gov.in book appointment at nearest Passport Seva Kendra and attend with documents.,"Aadhaar card, proof of address, proof of date of birth, old passport if renewal",https://passportindia.gov.in,भारतीय नागरिकों को यात्रा दस्तावेज़ जारी करता है जो उन्हें अंतरराष्ट्रीय स्तर पर यात्रा करने में सक्षम बनाता है और नागरिकता के प्रमाण के रूप में कार्य करता है।,सभी भारतीय नागरिक. नाबालिग बच्चे आवेदक के रूप में माता-पिता के साथ पासपोर्ट प्राप्त कर सकते हैं।,पासपोर्टइंडिया.जीओवी.इन पर ऑनलाइन आवेदन करें और नजदीकी पासपोर्ट सेवा केंद्र पर अपॉइंटमेंट बुक करें और दस्तावेजों के साथ उपस्थित हों।,"आधार कार्ड, पते का प्रमाण, जन्म तिथि का प्रमाण, नवीनीकरण होने पर पुराना पासपोर्ट",இந்திய குடிமக்களுக்கு சர்வதேச பயணத்தை மேற்கொள்ளவும் குடியுரிமைக்கான சான்றாக சேவை செய்யவும் பயண ஆவணங்களை வழங்குகிறது.,இந்திய குடிமக்கள் அனைவரும். மைனர் குழந்தைகள் விண்ணப்பதாரர்களாக பெற்றோருடன் பாஸ்போர்ட் பெறலாம்.,"அருகில் உள்ள பாஸ்போர்ட் சேவா கேந்திராவில், passportindia.gov.in என்ற இணையதளத்தில் பதிவு செய்து, ஆவணங்களுடன் கலந்துகொள்ளவும்.","ஆதார் அட்டை, முகவரிச் சான்று, பிறந்த தேதிக்கான சான்று, புதுப்பித்தால் பழைய பாஸ்போர்ட்",భారతీయ పౌరులకు అంతర్జాతీయంగా ప్రయాణించడానికి వీలు కల్పించే ప్రయాణ పత్రాన్ని జారీ చేస్తుంది మరియు పౌరసత్వానికి రుజువుగా పనిచేస్తుంది.,భారతీయ పౌరులందరూ. మైనర్ పిల్లలు దరఖాస్తుదారులుగా తల్లిదండ్రులతో పాస్పోర్ట్ పొందవచ్చు.,ఆన్‌లైన్‌లో passportindia.gov.in దగ్గర్లోని పాస్‌పోర్ట్ సేవా కేంద్రంలో బుక్ అపాయింట్‌మెంట్‌లో దరఖాస్తు చేసుకోండి మరియు పత్రాలతో హాజరు కావాలి.,"ఆధార్ కార్డు, చిరునామా రుజువు, పుట్టిన తేదీ రుజువు, రెన్యూవల్ అయితే పాత పాస్‌పోర్ట్",ভারতীয় নাগরিকদের ভ্রমণ নথি ইস্যু করে যাতে তারা আন্তর্জাতিকভাবে ভ্রমণ করতে সক্ষম হয় এবং নাগরিকত্বের প্রমাণ হিসাবে পরিবেশন করে।,সমস্ত ভারতীয় নাগরিক। অপ্রাপ্তবয়স্ক শিশুরা আবেদনকারী হিসাবে পিতামাতার কাছে পাসপোর্ট পেতে পারে।,নিকটতম পাসপোর্ট সেবা কেন্দ্রে passportindia.gov.in বুক অ্যাপয়েন্টমেন্টে অনলাইনে আবেদন করুন এবং নথিপত্র সহ উপস্থিত হন।,"আধার কার্ড, ঠিকানার প্রমাণ, জন্ম তারিখের প্রমাণ, নবায়ন হলে পুরনো পাসপোর্ট",भारतीय नागरिकांना प्रवास दस्तऐवज जारी करते जे त्यांना आंतरराष्ट्रीय प्रवास करण्यास सक्षम करते आणि नागरिकत्वाचा पुरावा म्हणून काम करते.,सर्व भारतीय नागरिक. अल्पवयीन मुले अर्जदार म्हणून पालकांसह पासपोर्ट मिळवू शकतात.,जवळच्या पासपोर्ट सेवा केंद्रावर passportindia.gov.in बुक अपॉइंटमेंटवर ऑनलाइन अर्ज करा आणि कागदपत्रांसह उपस्थित रहा.,"आधार कार्ड, पत्त्याचा पुरावा, जन्मतारखेचा पुरावा, नूतनीकरण झाल्यास जुना पासपोर्ट",ભારતીય નાગરિકોને પ્રવાસ દસ્તાવેજ જારી કરે છે જે તેમને આંતરરાષ્ટ્રીય સ્તરે મુસાફરી કરવા સક્ષમ બનાવે છે અને નાગરિકતાના પુરાવા તરીકે સેવા આપે છે.,તમામ ભારતીય નાગરિકો. સગીર બાળકો અરજદાર તરીકે માતાપિતા સાથે પાસપોર્ટ મેળવી શકે છે.,નજીકના પાસપોર્ટ સેવા કેન્દ્ર ખાતે passportindia.gov.in બુક એપોઇન્ટમેન્ટ પર ઓનલાઈન અરજી કરો અને દસ્તાવેજો સાથે હાજર રહો.,"આધાર કાર્ડ, સરનામાનો પુરાવો, જન્મતારીખનો પુરાવો, જૂનો પાસપોર્ટ જો રિન્યુ",ಭಾರತೀಯ ನಾಗರಿಕರಿಗೆ ಪ್ರಯಾಣದ ದಾಖಲೆಯನ್ನು ನೀಡುವುದು ಅವರಿಗೆ ಅಂತರಾಷ್ಟ್ರೀಯವಾಗಿ ಪ್ರಯಾಣಿಸಲು ಅನುವು ಮಾಡಿಕೊಡುತ್ತದೆ ಮತ್ತು ಪೌರತ್ವದ ಪುರಾವೆಯಾಗಿ ಕಾರ್ಯನಿರ್ವಹಿಸುತ್ತದೆ.,ಎಲ್ಲಾ ಭಾರತೀಯ ಪ್ರಜೆಗಳು. ಅಪ್ರಾಪ್ತ ಮಕ್ಕಳು ಅರ್ಜಿದಾರರಾಗಿ ಪೋಷಕರೊಂದಿಗೆ ಪಾಸ್‌ಪೋರ್ಟ್ ಪಡೆಯಬಹುದು.,ಹತ್ತಿರದ ಪಾಸ್‌ಪೋರ್ಟ್ ಸೇವಾ ಕೇಂದ್ರದಲ್ಲಿ passportindia.gov.in ಬುಕ್ ಅಪಾಯಿಂಟ್‌ಮೆಂಟ್‌ನಲ್ಲಿ ಆನ್‌ಲೈನ್‌ನಲ್ಲಿ ಅರ್ಜಿ ಸಲ್ಲಿಸಿ ಮತ್ತು ದಾಖಲೆಗಳೊಂದಿಗೆ ಹಾಜರಾಗಿ.,"ನವೀಕರಣ ವೇಳೆ ಆಧಾರ್ ಕಾರ್ಡ್, ವಿಳಾಸದ ಪುರಾವೆ, ಜನ್ಮ ದಿನಾಂಕದ ಪುರಾವೆ, ಹಳೆಯ ಪಾಸ್‌ಪೋರ್ಟ್",ഇന്ത്യൻ പൗരന്മാർക്ക് അന്തർദേശീയമായി യാത്ര ചെയ്യാനും പൗരത്വത്തിൻ്റെ തെളിവായി സേവിക്കാനും അവരെ പ്രാപ്തരാക്കുന്ന യാത്രാ രേഖകൾ നൽകുന്നു.,എല്ലാ ഇന്ത്യൻ പൗരന്മാരും. പ്രായപൂർത്തിയാകാത്ത കുട്ടികൾക്ക് മാതാപിതാക്കളോടൊപ്പം അപേക്ഷകരായി പാസ്പോർട്ട് ലഭിക്കും.,"passportindia.gov.in എന്ന വെബ്‌സൈറ്റിൽ ഓൺലൈനായി അപേക്ഷിക്കുക, അടുത്തുള്ള പാസ്‌പോർട്ട് സേവാ കേന്ദ്രത്തിൽ അപ്പോയിൻ്റ്മെൻ്റ് ബുക്ക് ചെയ്യുകയും രേഖകളുമായി ഹാജരാകുകയും ചെയ്യുക.","ആധാർ കാർഡ്, വിലാസം തെളിയിക്കുന്ന രേഖ, ജനനത്തീയതി തെളിയിക്കുന്ന രേഖ, പുതുക്കിയാൽ പഴയ പാസ്പോർട്ട്"
89,Voter ID Card,Election Commission of India,Identity,Provides electoral photo identity card to eligible voters for participating in elections and as a general purpose identity document.,Indian citizens above 18 years of age who are ordinarily resident in India.,Apply online at voters.eci.gov.in or visit nearest Electoral Registration Officer office.,"Aadhaar card, proof of age, proof of address, passport size photo",https://voters.eci.gov.in,चुनाव में भाग लेने के लिए और सामान्य प्रयोजन पहचान दस्तावेज के रूप में पात्र मतदाताओं को चुनावी फोटो पहचान पत्र प्रदान करता है।,18 वर्ष से अधिक आयु के भारतीय नागरिक जो सामान्यतः भारत के निवासी हैं।,मतदाता.eci.gov.in पर ऑनलाइन आवेदन करें या निकटतम निर्वाचन पंजीकरण अधिकारी कार्यालय पर जाएँ।,"आधार कार्ड, उम्र का प्रमाण, पते का प्रमाण, पासपोर्ट साइज फोटो","தேர்தலில் பங்கேற்பதற்காகவும், பொது நோக்கத்திற்கான அடையாள ஆவணமாகவும் தகுதியான வாக்காளர்களுக்கு தேர்தல் புகைப்பட அடையாள அட்டையை வழங்குகிறது.",இந்தியாவில் சாதாரணமாக வசிக்கும் 18 வயதுக்கு மேற்பட்ட இந்திய குடிமக்கள்.,voters.eci.gov.in என்ற இணையதளத்தில் ஆன்லைனில் விண்ணப்பிக்கவும் அல்லது அருகில் உள்ள தேர்தல் பதிவு அதிகாரி அலுவலகத்திற்குச் செல்லவும்.,"ஆதார் அட்டை, வயதுச் சான்று, முகவரிச் சான்று, பாஸ்போர்ட் அளவு புகைப்படம்",ఎన్నికల్లో పాల్గొనడానికి మరియు సాధారణ ప్రయోజన గుర్తింపు పత్రంగా అర్హులైన ఓటర్లకు ఎలక్టోరల్ ఫోటో గుర్తింపు కార్డును అందిస్తుంది.,సాధారణంగా భారతదేశంలో నివసిస్తున్న 18 సంవత్సరాల కంటే ఎక్కువ వయస్సు ఉన్న భారతీయ పౌరులు.,ఆన్‌లైన్‌లో voters.eci.gov.inలో దరఖాస్తు చేసుకోండి లేదా సమీపంలోని ఎలక్టోరల్ రిజిస్ట్రేషన్ ఆఫీసర్ కార్యాలయాన్ని సందర్శించండి.,"ఆధార్ కార్డు, వయస్సు ధృవీకరణ పత్రం, చిరునామా రుజువు, పాస్‌పోర్ట్ సైజు ఫోటో",নির্বাচনে অংশগ্রহণের জন্য যোগ্য ভোটারদের নির্বাচনী ফটো পরিচয়পত্র প্রদান করে এবং একটি সাধারণ উদ্দেশ্য পরিচয় নথি হিসেবে।,18 বছরের বেশি বয়সী ভারতীয় নাগরিক যারা সাধারণত ভারতে বসবাস করেন।,Voters.eci.gov.in-এ অনলাইনে আবেদন করুন বা নিকটস্থ নির্বাচনী নিবন্ধন কর্মকর্তার অফিসে যান।,"আধার কার্ড, বয়সের প্রমাণ, ঠিকানার প্রমাণ, পাসপোর্ট সাইজের ছবি",पात्र मतदारांना निवडणुकीत सहभागी होण्यासाठी आणि सामान्य उद्देश ओळख दस्तऐवज म्हणून निवडणूक फोटो ओळखपत्र प्रदान करते.,18 वर्षांपेक्षा जास्त वयाचे भारतीय नागरिक जे सामान्यतः भारतात राहतात.,Voters.eci.gov.in वर ऑनलाइन अर्ज करा किंवा जवळच्या निवडणूक नोंदणी अधिकारी कार्यालयाला भेट द्या.,"आधार कार्ड, वयाचा पुरावा, पत्त्याचा पुरावा, पासपोर्ट आकाराचा फोटो",ચૂંટણીમાં ભાગ લેવા માટે અને સામાન્ય હેતુ ઓળખ દસ્તાવેજ તરીકે લાયક મતદારોને ચૂંટણી ફોટો ઓળખ કાર્ડ પ્રદાન કરે છે.,18 વર્ષથી વધુ ઉંમરના ભારતીય નાગરિકો જે સામાન્ય રીતે ભારતમાં રહે છે.,voters.eci.gov.in પર ઓનલાઈન અરજી કરો અથવા નજીકના મતદાર નોંધણી અધિકારીની ઓફિસની મુલાકાત લો.,"આધાર કાર્ડ, ઉંમરનો પુરાવો, સરનામાનો પુરાવો, પાસપોર્ટ સાઇઝનો ફોટો",ಚುನಾವಣೆಯಲ್ಲಿ ಭಾಗವಹಿಸಲು ಮತ್ತು ಸಾಮಾನ್ಯ ಉದ್ದೇಶದ ಗುರುತಿನ ದಾಖಲೆಯಾಗಿ ಅರ್ಹ ಮತದಾರರಿಗೆ ಚುನಾವಣಾ ಫೋಟೋ ಗುರುತಿನ ಚೀಟಿಯನ್ನು ಒದಗಿಸುತ್ತದೆ.,ಭಾರತದಲ್ಲಿ ಸಾಮಾನ್ಯವಾಗಿ ವಾಸಿಸುವ 18 ವರ್ಷಕ್ಕಿಂತ ಮೇಲ್ಪಟ್ಟ ಭಾರತೀಯ ನಾಗರಿಕರು.,voters.eci.gov.in ನಲ್ಲಿ ಆನ್‌ಲೈನ್‌ನಲ್ಲಿ ಅರ್ಜಿ ಸಲ್ಲಿಸಿ ಅಥವಾ ಹತ್ತಿರದ ಚುನಾವಣಾ ನೋಂದಣಿ ಅಧಿಕಾರಿ ಕಚೇರಿಗೆ ಭೇಟಿ ನೀಡಿ.,"ಆಧಾರ್ ಕಾರ್ಡ್, ವಯಸ್ಸಿನ ಪುರಾವೆ, ವಿಳಾಸದ ಪುರಾವೆ, ಪಾಸ್‌ಪೋರ್ಟ್ ಅಳತೆಯ ಫೋಟೋ",യോഗ്യരായ വോട്ടർമാർക്ക് തിരഞ്ഞെടുപ്പിൽ പങ്കെടുക്കുന്നതിനും പൊതു ഉദ്ദേശ്യ തിരിച്ചറിയൽ രേഖയായും ഇലക്ടറൽ ഫോട്ടോ ഐഡൻ്റിറ്റി കാർഡ് നൽകുന്നു.,സാധാരണയായി ഇന്ത്യയിൽ താമസിക്കുന്ന 18 വയസ്സിന് മുകളിലുള്ള ഇന്ത്യൻ പൗരന്മാർ.,voters.eci.gov.in എന്ന വെബ്സൈറ്റിൽ ഓൺലൈനായി അപേക്ഷിക്കുക അല്ലെങ്കിൽ അടുത്തുള്ള ഇലക്ടറൽ രജിസ്ട്രേഷൻ ഓഫീസർ ഓഫീസ് സന്ദർശിക്കുക.,"ആധാർ കാർഡ്, വയസ്സ് തെളിയിക്കുന്ന രേഖ, വിലാസം തെളിയിക്കുന്ന രേഖ, പാസ്പോർട്ട് സൈസ് ഫോട്ടോ"
90,Driving Licence,Ministry of Road Transport and Highways,Identity,Provides official authorization to drive motor vehicles on Indian roads after passing driving test and medical fitness examination.,Citizens above 16 years for gearless vehicles and above 18 years for other vehicles with valid learner licence.,Apply online at parivahan.gov.in book slot for driving test and visit RTO on appointment date.,"Aadhaar card, proof of age, proof of address, learner licence, passport size photos, medical certificate",https://parivahan.gov.in,ड्राइविंग टेस्ट और मेडिकल फिटनेस परीक्षा उत्तीर्ण करने के बाद भारतीय सड़कों पर मोटर वाहन चलाने के लिए आधिकारिक प्राधिकरण प्रदान करता है।,गियरलेस वाहनों के लिए 16 वर्ष से अधिक आयु के नागरिक और अन्य वाहनों के लिए 18 वर्ष से अधिक आयु के नागरिक जिनके पास वैध लर्नर लाइसेंस है।,ड्राइविंग टेस्ट के लिए parivahan.gov.in बुक स्लॉट पर ऑनलाइन आवेदन करें और नियुक्ति तिथि पर आरटीओ पर जाएँ।,"आधार कार्ड, उम्र का प्रमाण, पते का प्रमाण, लर्नर लाइसेंस, पासपोर्ट साइज फोटो, मेडिकल सर्टिफिकेट",ஓட்டுநர் தேர்வு மற்றும் மருத்துவ உடற்தகுதி தேர்வில் தேர்ச்சி பெற்ற பிறகு இந்திய சாலைகளில் மோட்டார் வாகனங்களை ஓட்ட அதிகாரப்பூர்வ அங்கீகாரம் வழங்குகிறது.,கியர் இல்லாத வாகனங்களுக்கு 16 வயதுக்கு மேற்பட்ட குடிமக்கள் மற்றும் செல்லுபடியாகும் கற்றல் உரிமம் கொண்ட பிற வாகனங்களுக்கு 18 வயதுக்கு மேற்பட்டவர்கள்.,parivahan.gov.in என்ற இணையதளத்தில் ஓட்டுநர் தேர்வுக்கான புத்தக ஸ்லாட்டில் ஆன்லைனில் விண்ணப்பிக்கவும் மற்றும் சந்திப்பு தேதியில் RTO ஐப் பார்வையிடவும்.,"ஆதார் அட்டை, வயதுச் சான்று, முகவரிச் சான்று, கற்றல் உரிமம், பாஸ்போர்ட் அளவு புகைப்படங்கள், மருத்துவச் சான்றிதழ்",డ్రైవింగ్ టెస్ట్ మరియు మెడికల్ ఫిట్‌నెస్ పరీక్షలో ఉత్తీర్ణత సాధించిన తర్వాత భారతీయ రోడ్లపై మోటారు వాహనాలను నడపడానికి అధికారిక అధికారాన్ని అందిస్తుంది.,గేర్‌లెస్ వాహనాలకు 16 ఏళ్లు పైబడిన పౌరులు మరియు చెల్లుబాటు అయ్యే లెర్నర్ లైసెన్స్ ఉన్న ఇతర వాహనాలకు 18 ఏళ్లు పైబడిన పౌరులు.,డ్రైవింగ్ పరీక్ష కోసం parivahan.gov.in బుక్ స్లాట్‌లో ఆన్‌లైన్‌లో దరఖాస్తు చేసుకోండి మరియు అపాయింట్‌మెంట్ తేదీలో RTO ని సందర్శించండి.,"ఆధార్ కార్డ్, వయస్సు రుజువు, చిరునామా రుజువు, లెర్నర్ లైసెన్స్, పాస్‌పోర్ట్ సైజ్ ఫోటోలు, మెడికల్ సర్టిఫికేట్",ড্রাইভিং পরীক্ষা এবং মেডিকেল ফিটনেস পরীক্ষা পাস করার পরে ভারতীয় রাস্তায় মোটর গাড়ি চালানোর জন্য সরকারী অনুমোদন প্রদান করে।,গিয়ারলেস যানবাহনের জন্য 16 বছরের বেশি বয়সী নাগরিক এবং বৈধ লার্নার লাইসেন্স সহ অন্যান্য যানবাহনের জন্য 18 বছরের বেশি।,ড্রাইভিং পরীক্ষার জন্য parivahan.gov.in বুক স্লটে অনলাইনে আবেদন করুন এবং অ্যাপয়েন্টমেন্টের তারিখে RTO-এ যান।,"আধার কার্ড, বয়সের প্রমাণ, ঠিকানার প্রমাণ, লার্নার লাইসেন্স, পাসপোর্ট সাইজের ছবি, মেডিকেল সার্টিফিকেট",ड्रायव्हिंग चाचणी आणि वैद्यकीय फिटनेस परीक्षा उत्तीर्ण झाल्यानंतर भारतीय रस्त्यावर मोटार वाहने चालविण्यास अधिकृत अधिकृतता प्रदान करते.,गियरलेस वाहनांसाठी 16 वर्षांवरील नागरिक आणि वैध शिकाऊ परवाना असलेल्या इतर वाहनांसाठी 18 वर्षांवरील नागरिक.,ड्रायव्हिंग चाचणीसाठी parivahan.gov.in बुक स्लॉटवर ऑनलाइन अर्ज करा आणि भेटीच्या तारखेला RTO ला भेट द्या.,"आधार कार्ड, वयाचा पुरावा, पत्त्याचा पुरावा, शिकाऊ परवाना, पासपोर्ट आकाराचे फोटो, वैद्यकीय प्रमाणपत्र",ડ્રાઇવિંગ ટેસ્ટ અને મેડિકલ ફિટનેસ પરીક્ષા પાસ કર્યા પછી ભારતીય રસ્તાઓ પર મોટર વાહનો ચલાવવા માટે સત્તાવાર અધિકૃતતા પ્રદાન કરે છે.,ગિયરલેસ વાહનો માટે 16 વર્ષથી ઉપરના નાગરિકો અને માન્ય શીખનાર લાઇસન્સ ધરાવતા અન્ય વાહનો માટે 18 વર્ષથી વધુ ઉંમરના નાગરિકો.,ડ્રાઇવિંગ ટેસ્ટ માટે parivahan.gov.in બુક સ્લોટ પર ઑનલાઇન અરજી કરો અને એપોઇન્ટમેન્ટ તારીખે RTOની મુલાકાત લો.,"આધાર કાર્ડ, ઉંમરનો પુરાવો, સરનામાનો પુરાવો, લર્નર લાઇસન્સ, પાસપોર્ટ સાઇઝના ફોટા, તબીબી પ્રમાણપત્ર",ಡ್ರೈವಿಂಗ್ ಟೆಸ್ಟ್ ಮತ್ತು ವೈದ್ಯಕೀಯ ಫಿಟ್ನೆಸ್ ಪರೀಕ್ಷೆಯಲ್ಲಿ ಉತ್ತೀರ್ಣರಾದ ನಂತರ ಭಾರತೀಯ ರಸ್ತೆಗಳಲ್ಲಿ ಮೋಟಾರು ವಾಹನಗಳನ್ನು ಓಡಿಸಲು ಅಧಿಕೃತ ಅಧಿಕಾರವನ್ನು ಒದಗಿಸುತ್ತದೆ.,ಗೇರ್ ರಹಿತ ವಾಹನಗಳಿಗೆ 16 ವರ್ಷ ಮೇಲ್ಪಟ್ಟ ನಾಗರಿಕರು ಮತ್ತು ಮಾನ್ಯ ಕಲಿಕಾ ಪರವಾನಗಿ ಹೊಂದಿರುವ ಇತರ ವಾಹನಗಳಿಗೆ 18 ವರ್ಷ ಮೇಲ್ಪಟ್ಟವರು.,ಡ್ರೈವಿಂಗ್ ಪರೀಕ್ಷೆಗಾಗಿ parivahan.gov.in ಬುಕ್ ಸ್ಲಾಟ್‌ನಲ್ಲಿ ಆನ್‌ಲೈನ್‌ನಲ್ಲಿ ಅರ್ಜಿ ಸಲ್ಲಿಸಿ ಮತ್ತು ಅಪಾಯಿಂಟ್‌ಮೆಂಟ್ ದಿನಾಂಕದಂದು RTO ಗೆ ಭೇಟಿ ನೀಡಿ.,"ಆಧಾರ್ ಕಾರ್ಡ್, ವಯಸ್ಸಿನ ಪುರಾವೆ, ವಿಳಾಸದ ಪುರಾವೆ, ಕಲಿಕಾ ಪರವಾನಗಿ, ಪಾಸ್‌ಪೋರ್ಟ್ ಗಾತ್ರದ ಫೋಟೋಗಳು, ವೈದ್ಯಕೀಯ ಪ್ರಮಾಣಪತ್ರ",ഡ്രൈവിംഗ് ടെസ്റ്റും മെഡിക്കൽ ഫിറ്റ്നസ് പരീക്ഷയും വിജയിച്ചതിന് ശേഷം ഇന്ത്യൻ റോഡുകളിൽ മോട്ടോർ വാഹനങ്ങൾ ഓടിക്കാൻ ഔദ്യോഗിക അംഗീകാരം നൽകുന്നു.,ഗിയർലെസ് വാഹനങ്ങൾക്ക് 16 വയസ്സിന് മുകളിലുള്ള പൗരന്മാർക്കും സാധുവായ ലേണർ ലൈസൻസുള്ള മറ്റ് വാഹനങ്ങൾക്ക് 18 വർഷത്തിന് മുകളിലും.,ഡ്രൈവിംഗ് ടെസ്റ്റിനായി parivahan.gov.in ബുക്ക് സ്ലോട്ടിൽ ഓൺലൈനായി അപേക്ഷിക്കുകയും അപ്പോയിൻ്റ്മെൻ്റ് തീയതിയിൽ RTO സന്ദർശിക്കുകയും ചെയ്യുക.,"ആധാർ കാർഡ്, വയസ്സ് തെളിയിക്കുന്ന രേഖ, വിലാസം തെളിയിക്കുന്ന രേഖ, ലേണർ ലൈസൻസ്, പാസ്പോർട്ട് സൈസ് ഫോട്ടോകൾ, മെഡിക്കൽ സർട്ടിഫിക്കറ്റ്"
91,Birth Certificate,Ministry of Home Affairs,Identity,Provides official record of birth registered with government authorities serving as primary proof of age and citizenship.,All births occurring in India must be registered within 21 days. Late registration also possible with affidavit.,Register birth at nearest municipal corporation office or gram panchayat within 21 days of birth.,"Hospital discharge summary, parents Aadhaar card, marriage certificate of parents",https://crsorgi.gov.in,आयु और नागरिकता के प्राथमिक प्रमाण के रूप में कार्य करने वाले सरकारी अधिकारियों के साथ पंजीकृत जन्म का आधिकारिक रिकॉर्ड प्रदान करता है।,भारत में होने वाले सभी जन्मों को 21 दिनों के भीतर पंजीकृत किया जाना चाहिए। शपथ पत्र के साथ देर से पंजीकरण भी संभव।,जन्म के 21 दिन के भीतर नजदीकी नगर निगम कार्यालय या ग्राम पंचायत में जन्म पंजीकरण कराएं।,"अस्पताल डिस्चार्ज सारांश, माता-पिता का आधार कार्ड, माता-पिता का विवाह प्रमाण पत्र",வயது மற்றும் குடியுரிமைக்கான முதன்மைச் சான்றாகப் பணியாற்றும் அரசு அதிகாரிகளிடம் பதிவுசெய்யப்பட்ட பிறப்பு பற்றிய அதிகாரப்பூர்வ பதிவை வழங்குகிறது.,இந்தியாவில் நிகழும் அனைத்து பிறப்புகளும் 21 நாட்களுக்குள் பதிவு செய்யப்பட வேண்டும். பிரமாணப்பத்திரத்துடன் தாமதமாக பதிவு செய்வதும் சாத்தியமாகும்.,பிறந்த 21 நாட்களுக்குள் அருகிலுள்ள மாநகராட்சி அலுவலகம் அல்லது கிராம பஞ்சாயத்தில் பிறப்பை பதிவு செய்யவும்.,"மருத்துவமனை டிஸ்சார்ஜ் சுருக்கம், பெற்றோரின் ஆதார் அட்டை, பெற்றோரின் திருமணச் சான்றிதழ்",వయస్సు మరియు పౌరసత్వానికి ప్రాథమిక రుజువుగా పనిచేస్తున్న ప్రభుత్వ అధికారులతో నమోదు చేయబడిన పుట్టిన అధికారిక రికార్డును అందిస్తుంది.,భారతదేశంలో జరిగే అన్ని జననాలు తప్పనిసరిగా 21 రోజులలోపు నమోదు చేయబడాలి. అఫిడవిట్‌తో ఆలస్యంగా నమోదు చేసుకునే అవకాశం కూడా ఉంది.,పుట్టిన 21 రోజులలోపు సమీపంలోని మున్సిపల్ కార్పొరేషన్ కార్యాలయం లేదా గ్రామ పంచాయతీలో జననాన్ని నమోదు చేసుకోండి.,"హాస్పిటల్ డిశ్చార్జ్ సారాంశం, తల్లిదండ్రుల ఆధార్ కార్డు, తల్లిదండ్రుల వివాహ ధృవీకరణ పత్రం",বয়স এবং নাগরিকত্বের প্রাথমিক প্রমাণ হিসাবে কাজ করে সরকারি কর্তৃপক্ষের সাথে নিবন্ধিত জন্মের অফিসিয়াল রেকর্ড সরবরাহ করে।,ভারতে ঘটে যাওয়া সমস্ত জন্ম অবশ্যই 21 দিনের মধ্যে নিবন্ধিত হতে হবে। হলফনামা দিয়েও দেরিতে নিবন্ধন করা সম্ভব।,জন্মের 21 দিনের মধ্যে নিকটস্থ পৌর কর্পোরেশন অফিস বা গ্রাম পঞ্চায়েতে জন্ম নিবন্ধন করুন।,"হাসপাতালের ডিসচার্জ সারাংশ, পিতামাতার আধার কার্ড, পিতামাতার বিবাহের শংসাপত্র",वय आणि नागरिकत्वाचा प्राथमिक पुरावा म्हणून काम करणाऱ्या सरकारी अधिकार्यांकडे नोंदणीकृत जन्माची अधिकृत नोंद प्रदान करते.,भारतात होणाऱ्या सर्व जन्मांची नोंदणी २१ दिवसांच्या आत होणे आवश्यक आहे. प्रतिज्ञापत्रासह उशीरा नोंदणी देखील शक्य आहे.,जन्माच्या २१ दिवसांच्या आत जवळच्या महानगरपालिका कार्यालयात किंवा ग्रामपंचायतीमध्ये जन्म नोंदणी करा.,"हॉस्पिटल डिस्चार्ज सारांश, पालकांचे आधार कार्ड, पालकांचे विवाह प्रमाणपत्र",ઉંમર અને નાગરિકતાના પ્રાથમિક પુરાવા તરીકે સેવા આપતા સરકારી અધિકારીઓ સાથે નોંધાયેલ જન્મનો સત્તાવાર રેકોર્ડ પ્રદાન કરે છે.,ભારતમાં થતા તમામ જન્મો 21 દિવસની અંદર નોંધાયેલા હોવા જોઈએ. એફિડેવિટ સાથે મોડી નોંધણી પણ શક્ય છે.,જન્મના 21 દિવસની અંદર નજીકની મ્યુનિસિપલ કોર્પોરેશન ઓફિસ અથવા ગ્રામ પંચાયતમાં જન્મ નોંધણી કરો.,"હોસ્પિટલ ડિસ્ચાર્જ સારાંશ, માતા-પિતાનું આધાર કાર્ડ, માતા-પિતાના લગ્નનું પ્રમાણપત્ર",ವಯಸ್ಸು ಮತ್ತು ಪೌರತ್ವದ ಪ್ರಾಥಮಿಕ ಪುರಾವೆಯಾಗಿ ಸೇವೆ ಸಲ್ಲಿಸುತ್ತಿರುವ ಸರ್ಕಾರಿ ಅಧಿಕಾರಿಗಳೊಂದಿಗೆ ನೋಂದಾಯಿಸಲಾದ ಜನನದ ಅಧಿಕೃತ ದಾಖಲೆಯನ್ನು ಒದಗಿಸುತ್ತದೆ.,ಭಾರತದಲ್ಲಿ ಸಂಭವಿಸುವ ಎಲ್ಲಾ ಜನನಗಳನ್ನು 21 ದಿನಗಳಲ್ಲಿ ನೋಂದಾಯಿಸಬೇಕು. ಅಫಿಡವಿಟ್ನೊಂದಿಗೆ ತಡವಾಗಿ ನೋಂದಣಿ ಸಹ ಸಾಧ್ಯವಿದೆ.,ಹುಟ್ಟಿದ 21 ದಿನಗಳೊಳಗೆ ಹತ್ತಿರದ ಮುನ್ಸಿಪಲ್ ಕಾರ್ಪೊರೇಷನ್ ಕಚೇರಿ ಅಥವಾ ಗ್ರಾಮ ಪಂಚಾಯಿತಿಯಲ್ಲಿ ಜನನವನ್ನು ನೋಂದಾಯಿಸಿ.,"ಆಸ್ಪತ್ರೆಯ ಡಿಸ್ಚಾರ್ಜ್ ಸಾರಾಂಶ, ಪೋಷಕರ ಆಧಾರ್ ಕಾರ್ಡ್, ಪೋಷಕರ ಮದುವೆ ಪ್ರಮಾಣಪತ್ರ",പ്രായത്തിൻ്റെയും പൗരത്വത്തിൻ്റെയും പ്രാഥമിക തെളിവായി പ്രവർത്തിക്കുന്ന സർക്കാർ അധികാരികളിൽ രജിസ്റ്റർ ചെയ്ത ജനനത്തിൻ്റെ ഔദ്യോഗിക രേഖ നൽകുന്നു.,ഇന്ത്യയിൽ നടക്കുന്ന എല്ലാ ജനനങ്ങളും 21 ദിവസത്തിനകം രജിസ്റ്റർ ചെയ്യണം. വൈകി രജിസ്ട്രേഷനും സത്യവാങ്മൂലം സാധ്യമാണ്.,ജനിച്ച് 21 ദിവസത്തിനകം അടുത്തുള്ള മുനിസിപ്പൽ കോർപ്പറേഷൻ ഓഫീസിലോ ഗ്രാമപഞ്ചായത്തിലോ ജനനം രജിസ്റ്റർ ചെയ്യുക.,"ആശുപത്രി ഡിസ്ചാർജ് സംഗ്രഹം, മാതാപിതാക്കളുടെ ആധാർ കാർഡ്, മാതാപിതാക്കളുടെ വിവാഹ സർട്ടിഫിക്കറ്റ്"
92,Caste Certificate,State Government,Identity,Provides official certification of caste status for SC ST OBC communities to enable access to reservations and government benefits.,Citizens belonging to Scheduled Caste Scheduled Tribe or Other Backward Class communities.,Apply at nearest tehsil office or SDM office or through state government online portal with required documents.,"Aadhaar card, proof of caste from community, address proof, existing caste certificate of parent if available",https://serviceonline.gov.in,आरक्षण और सरकारी लाभों तक पहुंच को सक्षम करने के लिए एससी एसटी ओबीसी समुदायों के लिए जाति की स्थिति का आधिकारिक प्रमाणीकरण प्रदान करता है।,"अनुसूचित जाति, अनुसूचित जनजाति या अन्य पिछड़ा वर्ग समुदायों से संबंधित नागरिक।",आवश्यक दस्तावेजों के साथ निकटतम तहसील कार्यालय या एसडीएम कार्यालय या राज्य सरकार के ऑनलाइन पोर्टल पर आवेदन करें।,"आधार कार्ड, समुदाय से जाति का प्रमाण, पते का प्रमाण, माता-पिता का मौजूदा जाति प्रमाण पत्र, यदि उपलब्ध हो",இடஒதுக்கீடுகள் மற்றும் அரசாங்க சலுகைகளை அணுகுவதற்கு SC ST OBC சமூகங்களுக்கு சாதி அந்தஸ்து பற்றிய அதிகாரப்பூர்வ சான்றிதழை வழங்குகிறது.,பட்டியலிடப்பட்ட சாதி பட்டியல் பழங்குடி அல்லது பிற பிற்படுத்தப்பட்ட வகுப்பைச் சேர்ந்த குடிமக்கள்.,தேவையான ஆவணங்களுடன் அருகிலுள்ள தாலுகா அலுவலகம் அல்லது SDM அலுவலகம் அல்லது மாநில அரசின் ஆன்லைன் போர்டல் மூலம் விண்ணப்பிக்கவும்.,"ஆதார் அட்டை, சமூகத்திலிருந்து சாதிச் சான்று, முகவரிச் சான்று, பெற்றோரின் இருக்கும் சாதிச் சான்றிதழ் இருந்தால்",రిజర్వేషన్లు మరియు ప్రభుత్వ ప్రయోజనాలను పొందేందుకు SC ST OBC కమ్యూనిటీలకు కుల స్థితి యొక్క అధికారిక ధృవీకరణను అందిస్తుంది.,షెడ్యూల్డ్ కులాల షెడ్యూల్డ్ తెగ లేదా ఇతర వెనుకబడిన తరగతుల వర్గాలకు చెందిన పౌరులు.,అవసరమైన పత్రాలతో సమీపంలోని తహసీల్ కార్యాలయం లేదా SDM కార్యాలయంలో లేదా రాష్ట్ర ప్రభుత్వ ఆన్‌లైన్ పోర్టల్ ద్వారా దరఖాస్తు చేసుకోండి.,"ఆధార్ కార్డు, సంఘం నుండి కుల రుజువు, చిరునామా రుజువు, ఇప్పటికే ఉన్న తల్లిదండ్రుల కుల ధృవీకరణ పత్రం అందుబాటులో ఉంటే",SC ST OBC সম্প্রদায়ের জন্য রিজার্ভেশন এবং সরকারী সুবিধাগুলিতে অ্যাক্সেস সক্ষম করার জন্য বর্ণের অবস্থার সরকারী শংসাপত্র প্রদান করে।,তফসিলি জাতি তপশিলি উপজাতি বা অন্যান্য অনগ্রসর শ্রেণীর সম্প্রদায়ের নাগরিক।,নিকটস্থ তহসিল অফিস বা এসডিএম অফিসে বা প্রয়োজনীয় নথিপত্র সহ রাজ্য সরকারের অনলাইন পোর্টালের মাধ্যমে আবেদন করুন।,"আধার কার্ড, সম্প্রদায় থেকে বর্ণের প্রমাণ, ঠিকানার প্রমাণ, পিতামাতার বিদ্যমান জাত শংসাপত্র যদি পাওয়া যায়",आरक्षण आणि सरकारी लाभांमध्ये प्रवेश सक्षम करण्यासाठी SC ST OBC समुदायांना जात स्थितीचे अधिकृत प्रमाणपत्र प्रदान करते.,अनुसूचित जाती अनुसूचित जमाती किंवा इतर मागासवर्गीय समुदायातील नागरिक.,आवश्यक कागदपत्रांसह जवळच्या तहसील कार्यालयात किंवा SDM कार्यालयात किंवा राज्य सरकारच्या ऑनलाइन पोर्टलद्वारे अर्ज करा.,"आधार कार्ड, समाजातील जातीचा पुरावा, पत्त्याचा पुरावा, पालकांचे विद्यमान जात प्रमाणपत्र उपलब्ध असल्यास",SC ST OBC સમુદાયોને આરક્ષણ અને સરકારી લાભો મેળવવા સક્ષમ બનાવવા માટે જાતિના દરજ્જાનું સત્તાવાર પ્રમાણપત્ર પ્રદાન કરે છે.,અનુસૂચિત જાતિ અનુસૂચિત જનજાતિ અથવા અન્ય પછાત વર્ગના સમુદાયોના નાગરિકો.,જરૂરી દસ્તાવેજો સાથે નજીકની તહસીલ ઑફિસ અથવા SDM ઑફિસ અથવા રાજ્ય સરકારના ઑનલાઇન પોર્ટલ દ્વારા અરજી કરો.,"આધાર કાર્ડ, સમુદાયમાંથી જાતિનો પુરાવો, સરનામાનો પુરાવો, જો ઉપલબ્ધ હોય તો માતાપિતાનું હાલનું જાતિ પ્રમાણપત્ર",ಮೀಸಲಾತಿಗಳು ಮತ್ತು ಸರ್ಕಾರಿ ಪ್ರಯೋಜನಗಳಿಗೆ ಪ್ರವೇಶವನ್ನು ಸಕ್ರಿಯಗೊಳಿಸಲು SC ST OBC ಸಮುದಾಯಗಳಿಗೆ ಜಾತಿ ಸ್ಥಿತಿಯ ಅಧಿಕೃತ ಪ್ರಮಾಣೀಕರಣವನ್ನು ಒದಗಿಸುತ್ತದೆ.,ಪರಿಶಿಷ್ಟ ಜಾತಿ ಪರಿಶಿಷ್ಟ ಪಂಗಡ ಅಥವಾ ಇತರೆ ಹಿಂದುಳಿದ ವರ್ಗದ ಸಮುದಾಯಗಳಿಗೆ ಸೇರಿದ ನಾಗರಿಕರು.,ಅಗತ್ಯವಿರುವ ದಾಖಲೆಗಳೊಂದಿಗೆ ಹತ್ತಿರದ ತಹಸಿಲ್ ಕಚೇರಿ ಅಥವಾ ಎಸ್‌ಡಿಎಂ ಕಚೇರಿ ಅಥವಾ ರಾಜ್ಯ ಸರ್ಕಾರದ ಆನ್‌ಲೈನ್ ಪೋರ್ಟಲ್ ಮೂಲಕ ಅರ್ಜಿ ಸಲ್ಲಿಸಿ.,"ಆಧಾರ್ ಕಾರ್ಡ್, ಸಮುದಾಯದಿಂದ ಜಾತಿಯ ಪುರಾವೆ, ವಿಳಾಸ ಪುರಾವೆ, ಪೋಷಕರ ಅಸ್ತಿತ್ವದಲ್ಲಿರುವ ಜಾತಿ ಪ್ರಮಾಣಪತ್ರ ಲಭ್ಯವಿದ್ದರೆ",സംവരണങ്ങളിലേക്കും സർക്കാർ ആനുകൂല്യങ്ങളിലേക്കും പ്രവേശനം പ്രാപ്തമാക്കുന്നതിന് SC ST OBC കമ്മ്യൂണിറ്റികൾക്ക് ജാതി പദവിയുടെ ഔദ്യോഗിക സർട്ടിഫിക്കേഷൻ നൽകുന്നു.,പട്ടികജാതി പട്ടികവർഗത്തിലോ മറ്റ് പിന്നോക്ക വിഭാഗത്തിലോ ഉള്ള പൗരന്മാർ.,ആവശ്യമായ രേഖകളുമായി അടുത്തുള്ള തഹസിൽ ഓഫീസിലോ SDM ഓഫീസിലോ സംസ്ഥാന സർക്കാർ ഓൺലൈൻ പോർട്ടൽ വഴിയോ അപേക്ഷിക്കുക.,"ആധാർ കാർഡ്, സമുദായത്തിൽ നിന്നുള്ള ജാതി തെളിയിക്കുന്ന രേഖ, വിലാസ തെളിവ്, രക്ഷിതാക്കളുടെ നിലവിലുള്ള ജാതി സർട്ടിഫിക്കറ്റ് ലഭ്യമാണെങ്കിൽ"
93,Income Certificate,State Government,Identity,Provides official certification of annual family income for accessing income based government benefits scholarships and reservations.,All citizens requiring income proof for accessing government schemes scholarships or benefits.,Apply at nearest tehsil office or through state government online portal with income proof documents.,"Aadhaar card, salary slips or income proof, address proof, self declaration of income",https://serviceonline.gov.in,"आय आधारित सरकारी लाभ, छात्रवृत्ति और आरक्षण तक पहुँचने के लिए वार्षिक पारिवारिक आय का आधिकारिक प्रमाणीकरण प्रदान करता है।",सभी नागरिकों को सरकारी योजनाओं की छात्रवृत्ति या लाभ प्राप्त करने के लिए आय प्रमाण की आवश्यकता होती है।,आय प्रमाण दस्तावेजों के साथ निकटतम तहसील कार्यालय या राज्य सरकार के ऑनलाइन पोर्टल पर आवेदन करें।,"आधार कार्ड, वेतन पर्ची या आय प्रमाण, पता प्रमाण, आय की स्व-घोषणा",வருமான அடிப்படையிலான அரசாங்கப் பலன்கள் உதவித்தொகை மற்றும் இடஒதுக்கீடுகளை அணுகுவதற்காக ஆண்டு குடும்ப வருமானத்தின் அதிகாரப்பூர்வ சான்றிதழை வழங்குகிறது.,அரசாங்கத் திட்ட உதவித்தொகைகள் அல்லது பலன்களைப் பெறுவதற்கு வருமானச் சான்று தேவைப்படும் அனைத்து குடிமக்களுக்கும்.,வருமானச் சான்று ஆவணங்களுடன் அருகிலுள்ள தாலுகா அலுவலகத்திலோ அல்லது மாநில அரசின் ஆன்லைன் போர்டல் மூலமாகவோ விண்ணப்பிக்கவும்.,"ஆதார் அட்டை, சம்பளச் சீட்டுகள் அல்லது வருமானச் சான்று, முகவரிச் சான்று, வருமானத்தின் சுய அறிவிப்பு",ఆదాయ ఆధారిత ప్రభుత్వ ప్రయోజనాల స్కాలర్‌షిప్‌లు మరియు రిజర్వేషన్‌లను పొందడం కోసం వార్షిక కుటుంబ ఆదాయం యొక్క అధికారిక ధృవీకరణను అందిస్తుంది.,ప్రభుత్వ పథకాల స్కాలర్‌షిప్‌లు లేదా ప్రయోజనాలను పొందేందుకు పౌరులందరికీ ఆదాయ రుజువు అవసరం.,ఆదాయ రుజువు పత్రాలతో సమీప తహసీల్ కార్యాలయంలో లేదా రాష్ట్ర ప్రభుత్వ ఆన్‌లైన్ పోర్టల్ ద్వారా దరఖాస్తు చేసుకోండి.,"ఆధార్ కార్డ్, జీతం స్లిప్పులు లేదా ఆదాయ రుజువు, చిరునామా రుజువు, ఆదాయ స్వీయ ప్రకటన",আয় ভিত্তিক সরকারি বেনিফিট স্কলারশিপ এবং রিজার্ভেশন অ্যাক্সেস করার জন্য বার্ষিক পারিবারিক আয়ের অফিসিয়াল সার্টিফিকেশন প্রদান করে।,সরকারী স্কিম বৃত্তি বা সুবিধাগুলি অ্যাক্সেস করার জন্য সমস্ত নাগরিকদের আয়ের প্রমাণ প্রয়োজন।,নিকটস্থ তহসিল অফিসে বা রাজ্য সরকারের অনলাইন পোর্টালের মাধ্যমে আয়ের প্রমাণ নথি সহ আবেদন করুন।,"আধার কার্ড, বেতন স্লিপ বা আয়ের প্রমাণ, ঠিকানার প্রমাণ, আয়ের স্ব-ঘোষণা",उत्पन्नावर आधारित सरकारी लाभ शिष्यवृत्ती आणि आरक्षणांमध्ये प्रवेश करण्यासाठी वार्षिक कौटुंबिक उत्पन्नाचे अधिकृत प्रमाणपत्र प्रदान करते.,सरकारी योजना शिष्यवृत्ती किंवा लाभ मिळवण्यासाठी सर्व नागरिकांना उत्पन्नाचा पुरावा आवश्यक आहे.,उत्पन्नाच्या पुराव्याच्या कागदपत्रांसह जवळच्या तहसील कार्यालयात किंवा राज्य सरकारच्या ऑनलाइन पोर्टलद्वारे अर्ज करा.,"आधार कार्ड, सॅलरी स्लिप किंवा उत्पन्नाचा पुरावा, पत्त्याचा पुरावा, उत्पन्नाची स्वघोषणा",આવક આધારિત સરકારી લાભો શિષ્યવૃત્તિઓ અને આરક્ષણો મેળવવા માટે વાર્ષિક કુટુંબ આવકનું સત્તાવાર પ્રમાણપત્ર પ્રદાન કરે છે.,સરકારી યોજનાઓની શિષ્યવૃત્તિ અથવા લાભો મેળવવા માટે આવકના પુરાવાની આવશ્યકતા ધરાવતા તમામ નાગરિકો.,આવકના પુરાવાના દસ્તાવેજો સાથે નજીકની તહસીલ કચેરીમાં અથવા રાજ્ય સરકારના ઓનલાઈન પોર્ટલ દ્વારા અરજી કરો.,"આધાર કાર્ડ, પગાર સ્લિપ અથવા આવકનો પુરાવો, સરનામાનો પુરાવો, આવકની સ્વ-ઘોષણા",ಆದಾಯ ಆಧಾರಿತ ಸರ್ಕಾರಿ ಪ್ರಯೋಜನಗಳ ವಿದ್ಯಾರ್ಥಿವೇತನಗಳು ಮತ್ತು ಮೀಸಲಾತಿಗಳನ್ನು ಪ್ರವೇಶಿಸಲು ವಾರ್ಷಿಕ ಕುಟುಂಬದ ಆದಾಯದ ಅಧಿಕೃತ ಪ್ರಮಾಣೀಕರಣವನ್ನು ಒದಗಿಸುತ್ತದೆ.,ಸರ್ಕಾರಿ ಯೋಜನೆಗಳ ವಿದ್ಯಾರ್ಥಿವೇತನ ಅಥವಾ ಪ್ರಯೋಜನಗಳನ್ನು ಪ್ರವೇಶಿಸಲು ಆದಾಯದ ಪುರಾವೆ ಅಗತ್ಯವಿರುವ ಎಲ್ಲಾ ನಾಗರಿಕರು.,ಆದಾಯ ಪುರಾವೆ ದಾಖಲೆಗಳೊಂದಿಗೆ ಹತ್ತಿರದ ತಹಸಿಲ್ ಕಚೇರಿಯಲ್ಲಿ ಅಥವಾ ರಾಜ್ಯ ಸರ್ಕಾರದ ಆನ್‌ಲೈನ್ ಪೋರ್ಟಲ್ ಮೂಲಕ ಅರ್ಜಿ ಸಲ್ಲಿಸಿ.,"ಆಧಾರ್ ಕಾರ್ಡ್, ಸಂಬಳದ ಚೀಟಿಗಳು ಅಥವಾ ಆದಾಯ ಪುರಾವೆ, ವಿಳಾಸ ಪುರಾವೆ, ಆದಾಯದ ಸ್ವಯಂ ಘೋಷಣೆ",വരുമാനത്തെ അടിസ്ഥാനമാക്കിയുള്ള സർക്കാർ ആനുകൂല്യങ്ങൾ സ്കോളർഷിപ്പുകളും റിസർവേഷനുകളും ആക്സസ് ചെയ്യുന്നതിന് വാർഷിക കുടുംബ വരുമാനത്തിൻ്റെ ഔദ്യോഗിക സർട്ടിഫിക്കേഷൻ നൽകുന്നു.,സർക്കാർ സ്കീമുകളുടെ സ്കോളർഷിപ്പുകളോ ആനുകൂല്യങ്ങളോ ആക്സസ് ചെയ്യുന്നതിന് വരുമാന തെളിവ് ആവശ്യമുള്ള എല്ലാ പൗരന്മാർക്കും.,വരുമാന തെളിവ് രേഖകളുമായി അടുത്തുള്ള തഹസിൽ ഓഫീസിലോ സംസ്ഥാന സർക്കാർ ഓൺലൈൻ പോർട്ടൽ വഴിയോ അപേക്ഷിക്കുക.,"ആധാർ കാർഡ്, ശമ്പള സ്ലിപ്പുകൾ അല്ലെങ്കിൽ വരുമാന തെളിവ്, വിലാസ തെളിവ്, വരുമാനത്തിൻ്റെ സ്വയം പ്രഖ്യാപനം"
94,DigiLocker,Ministry of Electronics and IT,Identity,Provides secure digital platform for storing sharing and verifying documents and certificates issued by government agencies.,All Indian citizens with Aadhaar number and mobile number.,Register at digilocker.gov.in or download DigiLocker app with Aadhaar number and mobile number.,"Aadhaar card, mobile number linked to Aadhaar",https://digilocker.gov.in,सरकारी एजेंसियों द्वारा जारी किए गए दस्तावेज़ों और प्रमाणपत्रों को साझा करने और सत्यापित करने के लिए सुरक्षित डिजिटल प्लेटफ़ॉर्म प्रदान करता है।,सभी भारतीय नागरिक जिनके पास आधार नंबर और मोबाइल नंबर है।,digilocker.gov.in पर रजिस्टर करें या आधार नंबर और मोबाइल नंबर के साथ DigiLocker ऐप डाउनलोड करें।,"आधार कार्ड, मोबाइल नंबर आधार से लिंक",அரசாங்க நிறுவனங்களால் வழங்கப்பட்ட ஆவணங்கள் மற்றும் சான்றிதழ்களைப் பகிர்வதற்கும் சரிபார்ப்பதற்கும் பாதுகாப்பான டிஜிட்டல் தளத்தை வழங்குகிறது.,அனைத்து இந்திய குடிமக்களும் ஆதார் எண் மற்றும் மொபைல் எண்ணுடன்.,digilocker.gov.in இல் பதிவு செய்யவும் அல்லது ஆதார் எண் மற்றும் மொபைல் எண்ணுடன் DigiLocker செயலியைப் பதிவிறக்கவும்.,"ஆதார் அட்டை, மொபைல் எண் ஆதாருடன் இணைக்கப்பட்டுள்ளது",ప్రభుత్వ ఏజెన్సీలు జారీ చేసిన పత్రాలు మరియు ధృవీకరణ పత్రాలను పంచుకోవడం మరియు ధృవీకరించడం కోసం సురక్షితమైన డిజిటల్ ప్లాట్‌ఫారమ్‌ను అందిస్తుంది.,ఆధార్ నంబర్ మరియు మొబైల్ నంబర్ ఉన్న భారతీయ పౌరులందరూ.,digilocker.gov.inలో నమోదు చేసుకోండి లేదా ఆధార్ నంబర్ మరియు మొబైల్ నంబర్‌తో డిజిలాకర్ యాప్‌ను డౌన్‌లోడ్ చేసుకోండి.,"ఆధార్ కార్డు, మొబైల్ నంబర్‌ను ఆధార్‌తో అనుసంధానించారు",সরকারী সংস্থাগুলি দ্বারা জারি করা নথি এবং শংসাপত্রগুলি ভাগ করে নেওয়া এবং যাচাই করার জন্য নিরাপদ ডিজিটাল প্ল্যাটফর্ম সরবরাহ করে।,আধার নম্বর এবং মোবাইল নম্বর সহ সমস্ত ভারতীয় নাগরিক।,digilocker.gov.in-এ নিবন্ধন করুন বা আধার নম্বর এবং মোবাইল নম্বর দিয়ে DigiLocker অ্যাপ ডাউনলোড করুন।,"আধার কার্ড, আধারের সাথে লিঙ্ক করা মোবাইল নম্বর",सरकारी एजन्सीद्वारे जारी केलेले दस्तऐवज आणि प्रमाणपत्रे सामायिकरण आणि सत्यापित करण्यासाठी सुरक्षित डिजिटल प्लॅटफॉर्म प्रदान करते.,आधार क्रमांक आणि मोबाईल क्रमांक असलेले सर्व भारतीय नागरिक.,digilocker.gov.in वर नोंदणी करा किंवा आधार क्रमांक आणि मोबाइल क्रमांकासह DigiLocker ॲप डाउनलोड करा.,"आधार कार्ड, मोबाईल नंबर आधारशी लिंक केला आहे",સરકારી એજન્સીઓ દ્વારા જારી કરાયેલા દસ્તાવેજો અને પ્રમાણપત્રોને શેર કરવા અને ચકાસવા માટે સુરક્ષિત ડિજિટલ પ્લેટફોર્મ પૂરું પાડે છે.,આધાર નંબર અને મોબાઈલ નંબર ધરાવતા તમામ ભારતીય નાગરિકો.,digilocker.gov.in પર નોંધણી કરો અથવા આધાર નંબર અને મોબાઇલ નંબર સાથે DigiLocker એપ ડાઉનલોડ કરો.,"આધાર કાર્ડ, મોબાઈલ નંબર આધાર સાથે લિંક",ಸರ್ಕಾರಿ ಏಜೆನ್ಸಿಗಳು ನೀಡಿದ ದಾಖಲೆಗಳು ಮತ್ತು ಪ್ರಮಾಣಪತ್ರಗಳನ್ನು ಹಂಚಿಕೊಳ್ಳಲು ಮತ್ತು ಪರಿಶೀಲಿಸಲು ಸುರಕ್ಷಿತ ಡಿಜಿಟಲ್ ವೇದಿಕೆಯನ್ನು ಒದಗಿಸುತ್ತದೆ.,ಆಧಾರ್ ಸಂಖ್ಯೆ ಮತ್ತು ಮೊಬೈಲ್ ಸಂಖ್ಯೆಯನ್ನು ಹೊಂದಿರುವ ಎಲ್ಲಾ ಭಾರತೀಯ ನಾಗರಿಕರು.,digilocker.gov.in ನಲ್ಲಿ ನೋಂದಾಯಿಸಿ ಅಥವಾ ಆಧಾರ್ ಸಂಖ್ಯೆ ಮತ್ತು ಮೊಬೈಲ್ ಸಂಖ್ಯೆಯೊಂದಿಗೆ ಡಿಜಿಲಾಕರ್ ಅಪ್ಲಿಕೇಶನ್ ಅನ್ನು ಡೌನ್‌ಲೋಡ್ ಮಾಡಿ.,"ಆಧಾರ್ ಕಾರ್ಡ್, ಮೊಬೈಲ್ ಸಂಖ್ಯೆಯನ್ನು ಆಧಾರ್‌ಗೆ ಲಿಂಕ್ ಮಾಡಲಾಗಿದೆ",സർക്കാർ ഏജൻസികൾ നൽകുന്ന ഡോക്യുമെൻ്റുകളും സർട്ടിഫിക്കറ്റുകളും പങ്കിടുന്നതിനും പരിശോധിക്കുന്നതിനും സുരക്ഷിതമായ ഡിജിറ്റൽ പ്ലാറ്റ്ഫോം നൽകുന്നു.,ആധാർ നമ്പറും മൊബൈൽ നമ്പറും ഉള്ള എല്ലാ ഇന്ത്യൻ പൗരന്മാർക്കും.,digilocker.gov.in ൽ രജിസ്റ്റർ ചെയ്യുക അല്ലെങ്കിൽ ആധാർ നമ്പറും മൊബൈൽ നമ്പറും സഹിതം DigiLocker ആപ്പ് ഡൗൺലോഡ് ചെയ്യുക.,"ആധാർ കാർഡ്, മൊബൈൽ നമ്പർ ആധാറുമായി ബന്ധിപ്പിച്ചിരിക്കുന്നു"
95,Disability Certificate,Ministry of Social Justice and Empowerment,Identity,Provides official certification of disability for persons with disabilities to access reservations concessions and government welfare schemes.,Persons with benchmark disabilities as defined under Rights of Persons with Disabilities Act 2016.,Apply at nearest government hospital or district disability rehabilitation centre for medical assessment and certificate.,"Aadhaar card, medical reports, address proof, passport size photos",https://swavlambancard.gov.in,आरक्षण रियायतों और सरकारी कल्याण योजनाओं तक पहुँचने के लिए विकलांग व्यक्तियों को विकलांगता का आधिकारिक प्रमाणन प्रदान करता है।,विकलांग व्यक्तियों के अधिकार अधिनियम 2016 के तहत परिभाषित बेंचमार्क विकलांगता वाले व्यक्ति।,चिकित्सा मूल्यांकन और प्रमाण पत्र के लिए निकटतम सरकारी अस्पताल या जिला विकलांगता पुनर्वास केंद्र पर आवेदन करें।,"आधार कार्ड, मेडिकल रिपोर्ट, एड्रेस प्रूफ, पासपोर्ट साइज फोटो",இடஒதுக்கீடு சலுகைகள் மற்றும் அரசின் நலத்திட்டங்களை அணுக மாற்றுத்திறனாளிகளுக்கு அதிகாரபூர்வ ஊனமுற்ற சான்றிதழை வழங்குகிறது.,மாற்றுத்திறனாளிகளின் உரிமைகள் சட்டம் 2016 இன் கீழ் வரையறுக்கப்பட்டுள்ள அளவுகோல் குறைபாடுகள் உள்ள நபர்கள்.,மருத்துவ மதிப்பீடு மற்றும் சான்றிதழுக்காக அருகிலுள்ள அரசு மருத்துவமனை அல்லது மாவட்ட ஊனமுற்றோர் மறுவாழ்வு மையத்தில் விண்ணப்பிக்கவும்.,"ஆதார் அட்டை, மருத்துவ அறிக்கைகள், முகவரி சான்று, பாஸ்போர்ட் அளவு புகைப்படங்கள்",రిజర్వేషన్ల రాయితీలు మరియు ప్రభుత్వ సంక్షేమ పథకాలను పొందేందుకు వికలాంగులకు వైకల్యం యొక్క అధికారిక ధృవీకరణను అందిస్తుంది.,వైకల్యాలున్న వ్యక్తుల హక్కుల చట్టం 2016 కింద నిర్వచించబడిన బెంచ్‌మార్క్ వైకల్యాలు ఉన్న వ్యక్తులు.,మెడికల్ అసెస్‌మెంట్ మరియు సర్టిఫికేట్ కోసం సమీపంలోని ప్రభుత్వ ఆసుపత్రి లేదా జిల్లా వైకల్య పునరావాస కేంద్రంలో దరఖాస్తు చేసుకోండి.,"ఆధార్ కార్డ్, మెడికల్ రిపోర్టులు, అడ్రస్ ప్రూఫ్, పాస్‌పోర్ట్ సైజ్ ఫోటోలు",রিজার্ভেশন ছাড় এবং সরকারি কল্যাণ প্রকল্পগুলি অ্যাক্সেস করার জন্য প্রতিবন্ধী ব্যক্তিদের জন্য অক্ষমতার সরকারী শংসাপত্র প্রদান করে।,প্রতিবন্ধী ব্যক্তিদের অধিকার আইন 2016 এর অধীনে সংজ্ঞায়িত বেঞ্চমার্ক প্রতিবন্ধী ব্যক্তি।,চিকিৎসা মূল্যায়ন এবং শংসাপত্রের জন্য নিকটস্থ সরকারি হাসপাতাল বা জেলা প্রতিবন্ধী পুনর্বাসন কেন্দ্রে আবেদন করুন।,"আধার কার্ড, মেডিকেল রিপোর্ট, ঠিকানা প্রমাণ, পাসপোর্ট সাইজ ছবি",अपंग व्यक्तींना आरक्षण सवलती आणि सरकारी कल्याणकारी योजनांमध्ये प्रवेश करण्यासाठी अपंगत्वाचे अधिकृत प्रमाणपत्र प्रदान करते.,अपंग व्यक्तींचे हक्क अधिनियम २०१६ अंतर्गत परिभाषित केल्यानुसार बेंचमार्क अपंग असलेल्या व्यक्ती.,वैद्यकीय मूल्यांकन आणि प्रमाणपत्रासाठी जवळच्या सरकारी रुग्णालयात किंवा जिल्हा अपंग पुनर्वसन केंद्रात अर्ज करा.,"आधार कार्ड, वैद्यकीय अहवाल, पत्त्याचा पुरावा, पासपोर्ट आकाराचे फोटो",વિકલાંગ વ્યક્તિઓ માટે આરક્ષણ રાહતો અને સરકારી કલ્યાણ યોજનાઓ ઍક્સેસ કરવા માટે અપંગતાનું સત્તાવાર પ્રમાણપત્ર પ્રદાન કરે છે.,વિકલાંગ વ્યક્તિઓના અધિકારો અધિનિયમ 2016 હેઠળ વ્યાખ્યાયિત કરાયેલ બેન્ચમાર્ક વિકલાંગતા ધરાવતી વ્યક્તિઓ.,તબીબી મૂલ્યાંકન અને પ્રમાણપત્ર માટે નજીકની સરકારી હોસ્પિટલ અથવા જિલ્લા વિકલાંગ પુનર્વસન કેન્દ્રમાં અરજી કરો.,"આધાર કાર્ડ, મેડિકલ રિપોર્ટ્સ, એડ્રેસ પ્રૂફ, પાસપોર્ટ સાઇઝના ફોટા",ಮೀಸಲು ರಿಯಾಯಿತಿಗಳು ಮತ್ತು ಸರ್ಕಾರಿ ಕಲ್ಯಾಣ ಯೋಜನೆಗಳನ್ನು ಪ್ರವೇಶಿಸಲು ವಿಕಲಾಂಗ ವ್ಯಕ್ತಿಗಳಿಗೆ ಅಂಗವೈಕಲ್ಯದ ಅಧಿಕೃತ ಪ್ರಮಾಣೀಕರಣವನ್ನು ಒದಗಿಸುತ್ತದೆ.,ಅಂಗವೈಕಲ್ಯ ಹೊಂದಿರುವ ವ್ಯಕ್ತಿಗಳ ಹಕ್ಕುಗಳ ಕಾಯಿದೆ 2016 ರ ಅಡಿಯಲ್ಲಿ ವ್ಯಾಖ್ಯಾನಿಸಲಾದ ಮಾನದಂಡದ ಅಂಗವೈಕಲ್ಯ ಹೊಂದಿರುವ ವ್ಯಕ್ತಿಗಳು.,ವೈದ್ಯಕೀಯ ಮೌಲ್ಯಮಾಪನ ಮತ್ತು ಪ್ರಮಾಣಪತ್ರಕ್ಕಾಗಿ ಹತ್ತಿರದ ಸರ್ಕಾರಿ ಆಸ್ಪತ್ರೆ ಅಥವಾ ಜಿಲ್ಲಾ ಅಂಗವೈಕಲ್ಯ ಪುನರ್ವಸತಿ ಕೇಂದ್ರದಲ್ಲಿ ಅರ್ಜಿ ಸಲ್ಲಿಸಿ.,"ಆಧಾರ್ ಕಾರ್ಡ್, ವೈದ್ಯಕೀಯ ವರದಿಗಳು, ವಿಳಾಸ ಪುರಾವೆ, ಪಾಸ್‌ಪೋರ್ಟ್ ಗಾತ್ರದ ಫೋಟೋಗಳು",വികലാംഗർക്ക് സംവരണ ഇളവുകളും സർക്കാർ ക്ഷേമ പദ്ധതികളും ആക്‌സസ് ചെയ്യുന്നതിന് വൈകല്യത്തിൻ്റെ ഔദ്യോഗിക സർട്ടിഫിക്കേഷൻ നൽകുന്നു.,വികലാംഗരുടെ അവകാശ നിയമം 2016 പ്രകാരം നിർവചിച്ചിരിക്കുന്നത് പോലെ മാനദണ്ഡ വൈകല്യമുള്ള വ്യക്തികൾ.,മെഡിക്കൽ മൂല്യനിർണയത്തിനും സർട്ടിഫിക്കറ്റിനും അടുത്തുള്ള സർക്കാർ ആശുപത്രിയിലോ ജില്ലാ വികലാംഗ പുനരധിവാസ കേന്ദ്രത്തിലോ അപേക്ഷിക്കുക.,"ആധാർ കാർഡ്, മെഡിക്കൽ റിപ്പോർട്ടുകൾ, അഡ്രസ് പ്രൂഫ്, പാസ്‌പോർട്ട് സൈസ് ഫോട്ടോകൾ"
